transaction_id,customer_id,date,region,segment,product,contract_term_months,mrr_usd,csat_score,support_tickets_90d,is_churned
TXN-50000,CUST-11126,2025-06-02,Asia Pacific,Enterprise,Customer 360,24,4289.26,2,3,0
TXN-50001,CUST-10955,2024-03-12,North America,Mid-Market,Cybersecurity Core,12,1715.71,1,2,0
TXN-50002,CUST-10831,2025-01-04,Europe,Small Business,ERP Connect,12,527.92,7,2,1
TXN-50003,CUST-11025,2024-08-21,Europe,Enterprise,Customer 360,12,4237.48,9,5,1
TXN-50004,CUST-10719,2025-11-19,Asia Pacific,Mid-Market,Customer 360,12,1923.7,3,3,1
TXN-50005,CUST-10592,2024-08-05,Asia Pacific,Small Business,ERP Connect,12,388.44,5,3,1
TXN-50006,CUST-10098,2024-03-07,Europe,Mid-Market,ERP Connect,12,1930.19,8,4,1
TXN-50007,CUST-10563,2025-12-02,Europe,Mid-Market,Cloud Analytics Suite,12,1567.76,6,2,1
TXN-50008,CUST-10681,2025-01-01,Asia Pacific,Mid-Market,Cybersecurity Core,12,1650.68,8,1,0
TXN-50009,CUST-10632,2025-08-09,Asia Pacific,Small Business,ERP Connect,12,432.15,6,3,1
TXN-50010,CUST-11136,2025-12-22,North America,Mid-Market,Customer 360,12,1109.24,5,0,0
TXN-50011,CUST-10854,2024-06-24,North America,Small Business,ERP Connect,24,596.82,6,3,1
TXN-50012,CUST-10883,2024-04-19,Latin America,Mid-Market,ERP Connect,12,1622.36,4,0,0
TXN-50013,CUST-10146,2024-10-03,North America,Enterprise,Cloud Analytics Suite,24,5330.85,5,2,1
TXN-50014,CUST-10262,2025-08-22,Europe,Small Business,Cloud Analytics Suite,24,607.54,8,2,0
TXN-50015,CUST-11143,2024-09-18,Asia Pacific,Small Business,Cloud Analytics Suite,12,660.19,8,1,1
TXN-50016,CUST-10877,2025-06-06,Europe,Mid-Market,Customer 360,36,1321.17,5,4,0
TXN-50017,CUST-10562,2025-01-12,Asia Pacific,Mid-Market,Cybersecurity Core,12,1790.9,7,4,0
TXN-50018,CUST-10157,2025-07-01,Latin America,Small Business,ERP Connect,24,584.69,7,2,1
TXN-50019,CUST-10127,2025-10-17,North America,Mid-Market,Cybersecurity Core,24,1922.97,7,3,0
TXN-50020,CUST-11127,2025-01-08,Europe,Small Business,Customer 360,24,519.97,4,2,0
TXN-50021,CUST-10511,2024-06-26,North America,Enterprise,ERP Connect,12,2977.36,5,2,0
TXN-50022,CUST-10569,2024-07-08,North America,Enterprise,Cybersecurity Core,12,2707.62,8,4,0
TXN-50023,CUST-10655,2024-09-12,Latin America,Mid-Market,Cybersecurity Core,12,1953.37,5,3,1
TXN-50024,CUST-11012,2025-03-05,North America,Small Business,ERP Connect,12,811.85,7,5,1
TXN-50025,CUST-11109,2024-07-04,North America,Enterprise,Cloud Analytics Suite,12,4864.48,5,2,0
TXN-50026,CUST-10356,2024-05-12,North America,Mid-Market,Cloud Analytics Suite,36,1800.65,6,9,0
TXN-50027,CUST-11191,2024-01-26,Latin America,Enterprise,Cloud Analytics Suite,12,5180.34,5,0,0
TXN-50028,CUST-10775,2025-03-17,North America,Mid-Market,Cybersecurity Core,24,1575.99,7,5,0
TXN-50029,CUST-11122,2024-04-16,Europe,Mid-Market,ERP Connect,24,1672.02,8,4,0
TXN-50030,CUST-10728,2025-09-20,North America,Small Business,Cloud Analytics Suite,12,647.05,7,2,1
TXN-50031,CUST-10890,2024-03-23,North America,Small Business,Customer 360,24,585.06,2,1,0
TXN-50032,CUST-10732,2025-05-05,North America,Enterprise,Customer 360,24,4581.07,8,2,0
TXN-50033,CUST-10338,2025-07-27,Europe,Small Business,Cybersecurity Core,24,609.93,9,3,0
TXN-50034,CUST-10713,2024-08-01,Latin America,Enterprise,ERP Connect,12,5799.37,7,5,0
TXN-50035,CUST-10933,2025-09-18,Europe,Small Business,Cloud Analytics Suite,36,370.21,1,3,0
TXN-50036,CUST-10046,2024-08-26,Europe,Mid-Market,ERP Connect,36,1476.99,7,3,1
TXN-50037,CUST-10675,2024-04-13,Europe,Mid-Market,Cybersecurity Core,12,2349.3,5,2,1
TXN-50038,CUST-10731,2024-06-01,North America,Enterprise,ERP Connect,24,3311.79,9,1,1
TXN-50039,CUST-10145,2024-01-21,Latin America,Enterprise,Cloud Analytics Suite,24,6148.31,5,2,1
TXN-50040,CUST-10822,2024-04-01,Asia Pacific,Small Business,ERP Connect,24,619.97,7,3,1
TXN-50041,CUST-10880,2025-07-15,Asia Pacific,Enterprise,ERP Connect,12,5226.8,7,6,1
TXN-50042,CUST-10852,2024-04-10,Europe,Small Business,ERP Connect,12,392.3,6,5,0
TXN-50043,CUST-10183,2024-07-23,Asia Pacific,Small Business,Customer 360,12,773.32,10,3,1
TXN-50044,CUST-10847,2025-05-06,North America,Enterprise,Customer 360,12,3822.8,8,5,1
TXN-50045,CUST-10644,2025-08-11,Europe,Enterprise,Cybersecurity Core,12,6006.37,5,1,0
TXN-50046,CUST-10830,2024-10-14,North America,Enterprise,Customer 360,24,3837.23,4,3,0
TXN-50047,CUST-10698,2025-03-19,North America,Small Business,ERP Connect,24,669.54,7,0,0
TXN-50048,CUST-11038,2024-02-15,North America,Small Business,Customer 360,12,472.65,5,3,0
TXN-50049,CUST-10227,2025-05-25,Europe,Mid-Market,Customer 360,24,1564.43,7,4,0
TXN-50050,CUST-10661,2025-08-06,North America,Mid-Market,Customer 360,12,1586.74,3,2,1
TXN-50051,CUST-10467,2025-03-20,Latin America,Small Business,Cybersecurity Core,36,496.32,6,6,0
TXN-50052,CUST-10224,2025-05-23,Asia Pacific,Mid-Market,Cloud Analytics Suite,24,2029.89,3,2,1
TXN-50053,CUST-10171,2025-12-12,North America,Mid-Market,Customer 360,12,1201.85,7,4,0
TXN-50054,CUST-10333,2024-05-05,Latin America,Small Business,Cybersecurity Core,12,610.39,7,3,1
TXN-50055,CUST-10850,2024-01-15,Europe,Mid-Market,Customer 360,12,1743.96,7,6,0
TXN-50056,CUST-10502,2024-11-23,Europe,Enterprise,Customer 360,24,3169.27,3,5,1
TXN-50057,CUST-10288,2025-08-15,North America,Mid-Market,Cybersecurity Core,12,2211.75,8,2,0
TXN-50058,CUST-11180,2025-08-06,Europe,Mid-Market,Customer 360,24,2113.06,7,2,1
TXN-50059,CUST-11157,2025-12-11,Europe,Mid-Market,Cybersecurity Core,24,2288.03,9,1,1
TXN-50060,CUST-11003,2024-06-11,Europe,Mid-Market,Customer 360,12,2233.79,5,1,1
TXN-50061,CUST-10813,2025-09-21,North America,Enterprise,Customer 360,12,5105.18,9,4,0
TXN-50062,CUST-10936,2025-09-07,North America,Mid-Market,Cybersecurity Core,36,1335.61,7,2,1
TXN-50063,CUST-10709,2024-01-20,North America,Mid-Market,Cloud Analytics Suite,24,1333.77,7,0,0
TXN-50064,CUST-10688,2024-08-19,Europe,Small Business,ERP Connect,36,908.8,2,3,1
TXN-50065,CUST-10017,2024-07-07,North America,Small Business,Cybersecurity Core,24,607.11,6,2,1
TXN-50066,CUST-10799,2025-09-15,North America,Small Business,Cybersecurity Core,12,712.28,1,2,1
TXN-50067,CUST-10578,2025-02-07,Asia Pacific,Mid-Market,Customer 360,12,2257.76,4,5,1
TXN-50068,CUST-10329,2024-06-09,North America,Enterprise,ERP Connect,12,4797.29,7,5,0
TXN-50069,CUST-11076,2024-09-08,North America,Small Business,Cybersecurity Core,24,704.4,3,3,0
TXN-50070,CUST-10236,2024-10-04,Europe,Enterprise,Cybersecurity Core,24,4516.59,3,1,0
TXN-50071,CUST-10040,2024-06-27,North America,Mid-Market,Cloud Analytics Suite,12,1925.13,7,1,1
TXN-50072,CUST-10167,2024-01-19,North America,Mid-Market,Cloud Analytics Suite,12,1743.08,5,1,1
TXN-50073,CUST-10692,2025-04-15,Europe,Enterprise,Cloud Analytics Suite,24,5225.93,6,6,0
TXN-50074,CUST-11171,2024-11-08,North America,Small Business,Cloud Analytics Suite,12,397.25,8,1,0
TXN-50075,CUST-10041,2024-01-10,Europe,Enterprise,Cybersecurity Core,24,5388.41,7,3,0
TXN-50076,CUST-10011,2025-10-16,Europe,Small Business,Customer 360,24,696.58,7,4,0
TXN-50077,CUST-10710,2024-08-03,Latin America,Mid-Market,Cybersecurity Core,36,2134.89,1,8,0
TXN-50078,CUST-10619,2025-07-03,North America,Enterprise,Cloud Analytics Suite,24,2627.98,7,5,0
TXN-50079,CUST-11193,2025-12-15,Latin America,Enterprise,Cloud Analytics Suite,24,3344.27,9,5,0
TXN-50080,CUST-10376,2024-08-04,Asia Pacific,Mid-Market,ERP Connect,24,1129.91,8,4,1
TXN-50081,CUST-11163,2024-08-20,Latin America,Small Business,Cloud Analytics Suite,12,564.03,6,4,0
TXN-50082,CUST-10884,2024-09-03,Asia Pacific,Enterprise,ERP Connect,12,3939.17,8,1,0
TXN-50083,CUST-11043,2024-02-11,Latin America,Enterprise,Cybersecurity Core,24,4000.07,6,5,0
TXN-50084,CUST-10951,2025-10-18,North America,Enterprise,Cloud Analytics Suite,12,4956.06,7,2,0
TXN-50085,CUST-10453,2024-01-06,Latin America,Enterprise,Customer 360,12,4319.36,8,4,0
TXN-50086,CUST-10215,2024-10-25,Asia Pacific,Mid-Market,Cloud Analytics Suite,12,1632.78,4,3,0
TXN-50087,CUST-11054,2024-12-07,Asia Pacific,Enterprise,ERP Connect,12,3644.7,9,0,0
TXN-50088,CUST-11069,2024-12-15,North America,Mid-Market,Customer 360,12,2032.37,8,2,0
TXN-50089,CUST-10036,2025-11-18,North America,Small Business,Customer 360,24,859.59,9,3,1
TXN-50090,CUST-10305,2024-03-11,Latin America,Mid-Market,Customer 360,24,1932.16,1,0,1
TXN-50091,CUST-10569,2025-04-22,North America,Enterprise,Cybersecurity Core,36,4026.78,6,3,1
TXN-50092,CUST-10848,2025-01-25,Latin America,Enterprise,Cloud Analytics Suite,36,6161.97,5,4,1
TXN-50093,CUST-10791,2024-02-20,North America,Small Business,Customer 360,24,471.59,3,1,1
TXN-50094,CUST-10198,2024-05-02,Europe,Enterprise,Cloud Analytics Suite,36,5974.3,4,2,0
TXN-50095,CUST-10583,2025-06-22,North America,Mid-Market,Customer 360,12,2340.37,7,9,1
TXN-50096,CUST-10091,2025-07-26,Asia Pacific,Mid-Market,Customer 360,36,1822.5,8,2,0
TXN-50097,CUST-10121,2024-02-12,Asia Pacific,Enterprise,ERP Connect,24,3797.57,9,3,0
TXN-50098,CUST-11107,2025-11-18,North America,Small Business,ERP Connect,24,858.71,8,1,1
TXN-50099,CUST-11013,2024-12-18,Europe,Mid-Market,Cloud Analytics Suite,36,2222.01,4,3,0
TXN-50100,CUST-10913,2025-01-21,Europe,Mid-Market,Customer 360,36,1393.98,7,1,1
TXN-50101,CUST-10158,2025-09-04,Europe,Small Business,Cloud Analytics Suite,12,667.71,5,1,0
TXN-50102,CUST-11140,2025-07-10,North America,Mid-Market,ERP Connect,36,1212.14,7,5,0
TXN-50103,CUST-10939,2025-07-06,North America,Mid-Market,Cloud Analytics Suite,36,1593.8,6,3,1
TXN-50104,CUST-11168,2025-10-10,North America,Small Business,Cybersecurity Core,36,602.03,7,2,0
TXN-50105,CUST-10843,2024-05-12,Asia Pacific,Mid-Market,Customer 360,24,1766.24,9,2,0
TXN-50106,CUST-10164,2025-10-01,Asia Pacific,Small Business,Customer 360,24,563.6,3,1,0
TXN-50107,CUST-10118,2024-02-24,North America,Enterprise,ERP Connect,12,4841.75,6,0,1
TXN-50108,CUST-10125,2025-10-23,Latin America,Mid-Market,Cloud Analytics Suite,24,1853.29,5,2,1
TXN-50109,CUST-11031,2025-08-15,Latin America,Enterprise,Customer 360,12,2993.13,4,5,1
TXN-50110,CUST-10743,2025-06-09,Asia Pacific,Enterprise,Cloud Analytics Suite,24,3531.01,7,2,0
TXN-50111,CUST-11184,2024-09-23,Europe,Small Business,Cloud Analytics Suite,12,680.21,5,4,0
TXN-50112,CUST-10850,2025-06-26,Asia Pacific,Mid-Market,Cybersecurity Core,24,1339.91,7,2,0
TXN-50113,CUST-10866,2025-05-02,North America,Mid-Market,Cybersecurity Core,12,1208.25,5,3,1
TXN-50114,CUST-10303,2025-11-19,Europe,Mid-Market,ERP Connect,12,2384.78,7,4,0
TXN-50115,CUST-10323,2025-01-13,Latin America,Mid-Market,Cybersecurity Core,12,1917.05,7,5,0
TXN-50116,CUST-10643,2025-06-07,Asia Pacific,Mid-Market,ERP Connect,24,1837.94,7,2,0
TXN-50117,CUST-11195,2025-08-24,North America,Mid-Market,ERP Connect,12,1319.75,7,4,1
TXN-50118,CUST-10719,2024-01-03,Europe,Mid-Market,Customer 360,12,1693.82,7,2,0
TXN-50119,CUST-11131,2024-09-25,Asia Pacific,Enterprise,Cloud Analytics Suite,12,5622.97,5,1,0
TXN-50120,CUST-10769,2025-07-13,North America,Mid-Market,Cybersecurity Core,12,2403.97,7,2,0
TXN-50121,CUST-11005,2025-12-05,North America,Mid-Market,Customer 360,12,1600.71,5,2,0
TXN-50122,CUST-10427,2025-01-03,North America,Mid-Market,Cybersecurity Core,24,1405.7,6,1,0
TXN-50123,CUST-10353,2025-09-23,Europe,Mid-Market,Cybersecurity Core,24,2063.87,9,2,0
TXN-50124,CUST-10911,2024-05-16,North America,Mid-Market,Customer 360,24,1406.77,10,5,0
TXN-50125,CUST-10459,2024-11-03,Asia Pacific,Small Business,Cybersecurity Core,12,562.03,4,2,1
TXN-50126,CUST-10310,2025-06-03,North America,Small Business,ERP Connect,36,553.82,9,2,0
TXN-50127,CUST-11030,2024-01-14,North America,Enterprise,Cloud Analytics Suite,12,4917.58,3,5,1
TXN-50128,CUST-10335,2025-12-13,Asia Pacific,Enterprise,ERP Connect,36,4959.25,3,3,0
TXN-50129,CUST-10542,2024-03-19,Europe,Mid-Market,Customer 360,36,2159.21,1,0,0
TXN-50130,CUST-10777,2025-01-04,North America,Mid-Market,Cybersecurity Core,12,1597.09,3,1,0
TXN-50131,CUST-10784,2024-03-07,North America,Enterprise,Cloud Analytics Suite,24,4130.16,6,2,0
TXN-50132,CUST-10154,2025-02-13,Europe,Small Business,Cloud Analytics Suite,12,572.08,8,3,1
TXN-50133,CUST-10337,2025-02-20,North America,Enterprise,Cloud Analytics Suite,12,3558.17,6,2,0
TXN-50134,CUST-10623,2024-01-02,Asia Pacific,Mid-Market,Cloud Analytics Suite,24,1689.45,9,1,0
TXN-50135,CUST-10571,2024-05-12,North America,Mid-Market,Cybersecurity Core,12,2169.42,9,6,0
TXN-50136,CUST-10448,2024-08-26,Europe,Enterprise,Customer 360,12,4171.21,2,0,0
TXN-50137,CUST-10365,2025-08-10,Latin America,Small Business,ERP Connect,24,622.16,4,1,0
TXN-50138,CUST-10991,2025-02-10,Europe,Small Business,Customer 360,24,429.38,4,3,0
TXN-50139,CUST-10148,2024-09-25,North America,Mid-Market,Cybersecurity Core,24,2340.48,7,4,0
TXN-50140,CUST-10487,2025-07-07,Europe,Mid-Market,Cloud Analytics Suite,12,1913.41,7,1,0
TXN-50141,CUST-10496,2025-12-13,North America,Mid-Market,Cloud Analytics Suite,24,1740.1,6,5,0
TXN-50142,CUST-10769,2025-07-12,North America,Small Business,ERP Connect,36,456.47,5,4,1
TXN-50143,CUST-11151,2024-09-10,Europe,Enterprise,Cybersecurity Core,12,4464.23,4,3,0
TXN-50144,CUST-10301,2024-09-20,Europe,Enterprise,Cloud Analytics Suite,12,5975.05,8,2,0
TXN-50145,CUST-10586,2025-07-21,Asia Pacific,Small Business,Cybersecurity Core,36,915.01,10,5,0
TXN-50146,CUST-10201,2025-08-02,Europe,Mid-Market,Cloud Analytics Suite,12,2152.97,6,2,0
TXN-50147,CUST-10593,2025-05-04,Europe,Enterprise,ERP Connect,12,4269.71,2,1,0
TXN-50148,CUST-10018,2025-11-15,Europe,Enterprise,ERP Connect,24,3925.49,2,4,0
TXN-50149,CUST-10077,2025-06-13,Asia Pacific,Small Business,Cybersecurity Core,24,442.64,4,2,1
TXN-50150,CUST-10709,2024-02-03,Europe,Mid-Market,Cloud Analytics Suite,12,1651.89,5,5,1
TXN-50151,CUST-10640,2025-06-07,Asia Pacific,Enterprise,Cloud Analytics Suite,12,4975.87,7,4,1
TXN-50152,CUST-10162,2025-02-26,North America,Small Business,Cybersecurity Core,12,563.54,8,1,1
TXN-50153,CUST-10874,2024-10-26,North America,Mid-Market,Cloud Analytics Suite,24,2364.52,2,3,0
TXN-50154,CUST-10491,2025-10-25,Asia Pacific,Mid-Market,Cloud Analytics Suite,36,2085.94,4,5,1
TXN-50155,CUST-10326,2024-02-06,Europe,Mid-Market,Customer 360,12,1348.46,8,1,0
TXN-50156,CUST-10197,2025-11-10,Asia Pacific,Mid-Market,Cloud Analytics Suite,36,1957.16,6,3,0
TXN-50157,CUST-10610,2024-06-20,North America,Small Business,Customer 360,12,708.47,8,3,1
TXN-50158,CUST-10603,2024-11-18,North America,Small Business,Customer 360,36,592.67,9,2,0
TXN-50159,CUST-10708,2025-08-18,Latin America,Enterprise,Cybersecurity Core,12,3837.73,5,3,1
TXN-50160,CUST-10553,2025-03-09,Europe,Mid-Market,Cybersecurity Core,12,1679.48,4,3,0
TXN-50161,CUST-10813,2024-05-25,North America,Small Business,Cloud Analytics Suite,36,551.56,7,3,1
TXN-50162,CUST-10130,2024-11-02,Europe,Small Business,Cybersecurity Core,12,635.21,5,2,0
TXN-50163,CUST-10942,2025-01-21,Europe,Mid-Market,Customer 360,12,1773.01,8,2,0
TXN-50164,CUST-10545,2025-02-03,North America,Mid-Market,Cybersecurity Core,24,2499.8,7,3,0
TXN-50165,CUST-10935,2024-09-21,North America,Mid-Market,Cybersecurity Core,36,1215.75,4,5,1
TXN-50166,CUST-10948,2025-08-14,Europe,Small Business,Customer 360,12,633.86,8,0,1
TXN-50167,CUST-10549,2025-10-06,North America,Mid-Market,Cybersecurity Core,12,2068.76,10,1,1
TXN-50168,CUST-10661,2024-04-08,Asia Pacific,Mid-Market,ERP Connect,24,2103.63,10,5,1
TXN-50169,CUST-10464,2024-04-27,North America,Enterprise,Customer 360,12,4945.69,8,1,0
TXN-50170,CUST-10067,2025-02-21,Asia Pacific,Small Business,Cloud Analytics Suite,24,587.47,8,0,0
TXN-50171,CUST-10660,2025-08-01,North America,Small Business,ERP Connect,12,579.74,7,1,0
TXN-50172,CUST-11031,2025-04-25,Europe,Mid-Market,Customer 360,36,1396.65,5,1,0
TXN-50173,CUST-10178,2025-07-06,North America,Mid-Market,Customer 360,12,1760.42,8,3,0
TXN-50174,CUST-10213,2024-06-17,North America,Mid-Market,Customer 360,24,1729.69,6,4,0
TXN-50175,CUST-10880,2024-09-24,North America,Enterprise,Customer 360,12,4774.2,6,2,1
TXN-50176,CUST-10816,2024-01-08,Europe,Enterprise,ERP Connect,36,4107.75,7,0,0
TXN-50177,CUST-10018,2024-07-17,Europe,Small Business,Cloud Analytics Suite,12,608.32,7,5,0
TXN-50178,CUST-10849,2024-02-09,North America,Mid-Market,Cloud Analytics Suite,12,1480.27,6,2,1
TXN-50179,CUST-10201,2025-11-21,North America,Mid-Market,Cybersecurity Core,24,1689.52,3,1,1
TXN-50180,CUST-10386,2025-12-21,Europe,Enterprise,Cloud Analytics Suite,24,2292.83,2,4,0
TXN-50181,CUST-11130,2024-07-08,Europe,Mid-Market,ERP Connect,24,2360.87,8,3,0
TXN-50182,CUST-11098,2024-04-19,Europe,Mid-Market,Cloud Analytics Suite,12,2007.66,6,2,0
TXN-50183,CUST-10913,2025-12-06,Europe,Mid-Market,ERP Connect,24,938.98,7,2,0
TXN-50184,CUST-10832,2025-11-10,North America,Enterprise,Cybersecurity Core,12,4504.94,9,1,1
TXN-50185,CUST-10261,2024-01-13,Asia Pacific,Mid-Market,Cybersecurity Core,12,1628.75,8,3,0
TXN-50186,CUST-10058,2024-12-21,Latin America,Mid-Market,Cloud Analytics Suite,36,2747.85,3,4,1
TXN-50187,CUST-10299,2024-08-26,Asia Pacific,Mid-Market,Cloud Analytics Suite,24,1149.98,3,5,0
TXN-50188,CUST-10786,2024-12-05,North America,Mid-Market,Customer 360,36,1988.55,3,4,0
TXN-50189,CUST-10976,2024-08-23,Europe,Mid-Market,Cybersecurity Core,36,1897.71,3,5,1
TXN-50190,CUST-10398,2024-01-17,Europe,Small Business,ERP Connect,24,743.27,8,3,0
TXN-50191,CUST-10736,2025-10-21,Asia Pacific,Enterprise,Cybersecurity Core,12,4196.79,1,5,0
TXN-50192,CUST-10193,2024-05-01,North America,Small Business,Cybersecurity Core,36,714.38,5,0,0
TXN-50193,CUST-10910,2025-04-06,North America,Small Business,Cloud Analytics Suite,24,661.57,8,3,0
TXN-50194,CUST-11098,2025-12-02,North America,Enterprise,Customer 360,24,3855.67,8,2,0
TXN-50195,CUST-10294,2024-05-19,Europe,Mid-Market,Customer 360,12,1921.02,9,2,0
TXN-50196,CUST-11076,2025-02-14,Europe,Small Business,ERP Connect,36,237.66,7,1,0
TXN-50197,CUST-11011,2025-11-09,North America,Mid-Market,Cybersecurity Core,24,1866.19,3,3,1
TXN-50198,CUST-10990,2024-12-11,North America,Small Business,Cybersecurity Core,12,560.65,8,0,1
TXN-50199,CUST-10632,2024-01-27,North America,Mid-Market,ERP Connect,36,1855.87,7,6,1
TXN-50200,CUST-10631,2025-05-10,Europe,Enterprise,Cloud Analytics Suite,24,4672.36,8,3,0
TXN-50201,CUST-10912,2024-02-05,North America,Small Business,Customer 360,36,608.2,6,3,0
TXN-50202,CUST-10396,2025-03-06,Europe,Small Business,Cloud Analytics Suite,24,724.69,4,3,0
TXN-50203,CUST-10939,2024-06-22,North America,Small Business,Cybersecurity Core,24,590.91,2,0,0
TXN-50204,CUST-10564,2025-12-26,North America,Small Business,Cybersecurity Core,12,621.18,1,4,0
TXN-50205,CUST-10229,2025-09-02,Asia Pacific,Mid-Market,Customer 360,24,1829.64,6,2,0
TXN-50206,CUST-11157,2025-07-04,Europe,Mid-Market,Cloud Analytics Suite,24,1021.84,5,0,1
TXN-50207,CUST-10622,2025-02-13,Europe,Mid-Market,Customer 360,24,1892.01,8,3,1
TXN-50208,CUST-11102,2025-07-10,North America,Mid-Market,Customer 360,36,1807.52,9,1,1
TXN-50209,CUST-10025,2025-06-24,Asia Pacific,Mid-Market,ERP Connect,12,1883.05,8,3,0
TXN-50210,CUST-10558,2025-06-18,North America,Mid-Market,Cybersecurity Core,12,1407.93,9,3,1
TXN-50211,CUST-10713,2025-11-13,North America,Mid-Market,ERP Connect,12,1743.9,6,1,0
TXN-50212,CUST-10049,2025-06-18,Asia Pacific,Enterprise,Cybersecurity Core,12,4473.51,6,4,1
TXN-50213,CUST-10153,2024-01-11,North America,Small Business,Cloud Analytics Suite,36,873.4,9,5,0
TXN-50214,CUST-11062,2025-08-02,Asia Pacific,Small Business,Cybersecurity Core,24,562.43,1,3,1
TXN-50215,CUST-10455,2024-02-19,Asia Pacific,Mid-Market,ERP Connect,12,1799.74,6,2,0
TXN-50216,CUST-10128,2025-04-20,North America,Small Business,Cloud Analytics Suite,24,589.85,4,5,0
TXN-50217,CUST-10314,2024-03-12,North America,Enterprise,Cybersecurity Core,36,3894.95,3,3,0
TXN-50218,CUST-10281,2024-12-14,Asia Pacific,Enterprise,ERP Connect,36,5769.95,6,3,1
TXN-50219,CUST-10474,2024-08-24,North America,Small Business,Cloud Analytics Suite,12,551.35,2,1,0
TXN-50220,CUST-11027,2024-10-08,North America,Small Business,ERP Connect,12,644.22,5,3,1
TXN-50221,CUST-10390,2025-05-25,North America,Enterprise,Customer 360,12,4338.44,1,6,1
TXN-50222,CUST-11135,2025-11-02,Asia Pacific,Enterprise,Cybersecurity Core,12,5134.83,6,2,0
TXN-50223,CUST-10766,2024-03-04,Europe,Mid-Market,Customer 360,12,1529.59,4,4,0
TXN-50224,CUST-11104,2025-04-21,Latin America,Small Business,Customer 360,12,549.87,1,1,1
TXN-50225,CUST-10560,2024-08-14,Asia Pacific,Mid-Market,ERP Connect,24,2139.21,5,4,0
TXN-50226,CUST-10825,2025-08-13,Europe,Small Business,ERP Connect,12,706.85,6,2,0
TXN-50227,CUST-10658,2024-03-18,North America,Enterprise,Cybersecurity Core,24,5017.68,7,4,1
TXN-50228,CUST-11014,2024-03-22,Latin America,Enterprise,Customer 360,12,3395.81,6,5,1
TXN-50229,CUST-10196,2025-04-24,North America,Enterprise,ERP Connect,36,4108.82,7,3,0
TXN-50230,CUST-10337,2025-04-09,Latin America,Small Business,Customer 360,12,440.6,10,1,0
TXN-50231,CUST-11018,2025-04-27,Europe,Mid-Market,ERP Connect,12,1827.89,5,3,1
TXN-50232,CUST-10552,2024-12-02,North America,Mid-Market,Customer 360,12,2536.49,7,4,0
TXN-50233,CUST-10412,2024-04-07,North America,Enterprise,Cloud Analytics Suite,12,5193.94,9,5,0
TXN-50234,CUST-10816,2024-04-27,Europe,Small Business,Cybersecurity Core,12,553.75,7,2,0
TXN-50235,CUST-11150,2024-11-25,Asia Pacific,Small Business,Customer 360,12,650.45,7,0,0
TXN-50236,CUST-11064,2024-03-04,North America,Small Business,Customer 360,24,483.23,4,3,0
TXN-50237,CUST-10318,2024-01-01,Europe,Enterprise,Cybersecurity Core,24,2810.3,4,4,0
TXN-50238,CUST-10548,2025-02-22,Europe,Small Business,Cloud Analytics Suite,12,639.62,8,2,0
TXN-50239,CUST-10511,2024-07-03,Europe,Enterprise,Customer 360,24,5304.93,6,1,1
TXN-50240,CUST-10973,2025-11-24,North America,Mid-Market,Cybersecurity Core,12,1995.37,8,3,1
TXN-50241,CUST-10745,2025-01-17,Europe,Mid-Market,ERP Connect,12,1426.01,8,5,1
TXN-50242,CUST-10828,2024-05-23,North America,Mid-Market,ERP Connect,12,2321.13,8,3,1
TXN-50243,CUST-10652,2025-12-18,Asia Pacific,Mid-Market,Customer 360,12,1838.22,3,0,0
TXN-50244,CUST-10661,2025-11-14,Europe,Mid-Market,Cybersecurity Core,12,1698.83,5,1,0
TXN-50245,CUST-10246,2024-10-01,North America,Mid-Market,Cybersecurity Core,12,1952.99,9,4,0
TXN-50246,CUST-10945,2025-01-07,North America,Mid-Market,Cloud Analytics Suite,24,1435.0,7,1,1
TXN-50247,CUST-10304,2024-11-26,Europe,Small Business,ERP Connect,12,610.28,1,2,0
TXN-50248,CUST-11167,2024-03-19,North America,Small Business,Customer 360,24,727.69,4,1,0
TXN-50249,CUST-10961,2025-09-08,Europe,Mid-Market,ERP Connect,12,1764.22,5,3,0
TXN-50250,CUST-10291,2025-08-27,Asia Pacific,Mid-Market,Cloud Analytics Suite,12,2232.03,6,3,1
TXN-50251,CUST-10950,2025-09-04,North America,Mid-Market,Customer 360,12,1622.92,5,6,1
TXN-50252,CUST-11159,2024-10-17,Europe,Mid-Market,Customer 360,24,1830.18,3,4,0
TXN-50253,CUST-10726,2025-08-08,Europe,Mid-Market,Cybersecurity Core,36,2307.77,7,2,0
TXN-50254,CUST-11082,2025-01-06,North America,Mid-Market,Cybersecurity Core,12,1805.62,4,2,0
TXN-50255,CUST-10504,2024-04-23,North America,Small Business,Cybersecurity Core,12,708.27,6,5,0
TXN-50256,CUST-10886,2024-08-14,North America,Enterprise,Cloud Analytics Suite,24,4130.43,6,5,0
TXN-50257,CUST-10454,2024-01-03,Latin America,Small Business,Cybersecurity Core,24,539.11,8,7,0
TXN-50258,CUST-11011,2025-01-04,Asia Pacific,Small Business,Cybersecurity Core,24,729.81,4,0,0
TXN-50259,CUST-10206,2024-07-24,Europe,Enterprise,ERP Connect,24,3319.0,8,6,1
TXN-50260,CUST-10650,2024-05-12,Latin America,Mid-Market,Cloud Analytics Suite,24,893.83,6,7,1
TXN-50261,CUST-10570,2024-02-20,Europe,Mid-Market,Cybersecurity Core,24,1311.2,7,3,0
TXN-50262,CUST-10433,2025-08-11,Asia Pacific,Mid-Market,ERP Connect,12,2486.14,9,6,0
TXN-50263,CUST-11173,2025-09-03,Asia Pacific,Enterprise,Cybersecurity Core,12,4083.15,7,6,0
TXN-50264,CUST-10178,2025-01-17,North America,Small Business,ERP Connect,24,669.86,8,1,0
TXN-50265,CUST-11087,2025-08-10,Asia Pacific,Mid-Market,Cybersecurity Core,12,1856.58,2,1,0
TXN-50266,CUST-10927,2025-01-04,North America,Enterprise,ERP Connect,36,4988.97,4,0,0
TXN-50267,CUST-10636,2025-07-11,North America,Small Business,Cybersecurity Core,24,453.85,3,2,1
TXN-50268,CUST-10095,2024-10-25,North America,Mid-Market,Cybersecurity Core,24,1925.93,4,1,0
TXN-50269,CUST-10105,2025-09-12,North America,Mid-Market,Cybersecurity Core,24,1438.54,7,8,1
TXN-50270,CUST-11061,2025-09-13,Asia Pacific,Mid-Market,ERP Connect,24,1934.45,6,8,0
TXN-50271,CUST-10485,2025-07-08,North America,Small Business,Cloud Analytics Suite,12,514.95,4,2,0
TXN-50272,CUST-10184,2025-04-07,Asia Pacific,Mid-Market,Cybersecurity Core,12,1841.82,8,3,1
TXN-50273,CUST-10382,2024-01-24,North America,Enterprise,ERP Connect,24,3739.59,2,2,0
TXN-50274,CUST-11081,2025-01-07,North America,Small Business,ERP Connect,12,521.26,9,3,0
TXN-50275,CUST-10012,2024-04-15,Asia Pacific,Mid-Market,Cybersecurity Core,12,1536.16,7,1,0
TXN-50276,CUST-10713,2024-12-01,Asia Pacific,Enterprise,Customer 360,12,2624.3,8,1,0
TXN-50277,CUST-10973,2025-10-21,Latin America,Enterprise,ERP Connect,12,6052.23,5,3,0
TXN-50278,CUST-10423,2025-08-19,Latin America,Mid-Market,Cybersecurity Core,12,1644.44,2,2,1
TXN-50279,CUST-10870,2025-01-09,North America,Mid-Market,ERP Connect,12,2363.26,5,5,0
TXN-50280,CUST-10699,2024-08-12,Latin America,Mid-Market,ERP Connect,12,2106.07,2,5,1
TXN-50281,CUST-10471,2025-09-21,North America,Mid-Market,ERP Connect,24,1636.39,4,8,1
TXN-50282,CUST-10161,2024-04-17,Asia Pacific,Mid-Market,Customer 360,36,2208.82,4,1,1
TXN-50283,CUST-10627,2025-01-11,North America,Small Business,Cloud Analytics Suite,12,467.24,7,4,0
TXN-50284,CUST-11135,2024-05-26,North America,Enterprise,ERP Connect,36,4737.62,7,3,0
TXN-50285,CUST-10310,2025-12-12,North America,Enterprise,Cybersecurity Core,12,5645.12,2,2,0
TXN-50286,CUST-10716,2024-12-01,Europe,Mid-Market,Cloud Analytics Suite,12,2292.53,1,2,1
TXN-50287,CUST-10277,2025-01-17,North America,Mid-Market,Cloud Analytics Suite,12,1671.74,7,3,0
TXN-50288,CUST-10601,2025-05-22,North America,Small Business,Customer 360,12,545.86,5,4,0
TXN-50289,CUST-10569,2025-07-12,Europe,Mid-Market,Cybersecurity Core,36,1998.63,5,3,0
TXN-50290,CUST-10886,2025-04-13,Europe,Small Business,ERP Connect,24,574.03,7,5,1
TXN-50291,CUST-10825,2025-02-03,Europe,Mid-Market,ERP Connect,12,1573.1,4,2,1
TXN-50292,CUST-10757,2025-02-11,North America,Small Business,ERP Connect,36,642.43,9,6,0
TXN-50293,CUST-10172,2024-10-20,Europe,Enterprise,Customer 360,24,4269.66,6,4,0
TXN-50294,CUST-11029,2025-06-03,North America,Enterprise,ERP Connect,24,5402.17,5,1,0
TXN-50295,CUST-10149,2024-07-10,Asia Pacific,Mid-Market,ERP Connect,24,2190.5,10,2,0
TXN-50296,CUST-11106,2024-09-25,Asia Pacific,Mid-Market,Customer 360,24,1381.76,3,3,1
TXN-50297,CUST-10115,2025-09-10,North America,Enterprise,ERP Connect,12,4245.17,8,2,0
TXN-50298,CUST-10977,2025-07-22,North America,Enterprise,Cloud Analytics Suite,12,4890.5,9,3,0
TXN-50299,CUST-10641,2025-11-17,North America,Mid-Market,ERP Connect,12,2041.88,9,2,0
TXN-50300,CUST-11086,2024-04-15,North America,Enterprise,Cloud Analytics Suite,12,4627.61,5,4,0
TXN-50301,CUST-10460,2025-04-13,Europe,Small Business,ERP Connect,36,539.53,6,3,1
TXN-50302,CUST-10470,2025-11-05,Asia Pacific,Enterprise,Cybersecurity Core,12,3598.0,6,5,1
TXN-50303,CUST-10277,2024-09-21,Europe,Mid-Market,Cybersecurity Core,12,1529.12,6,2,1
TXN-50304,CUST-10414,2025-01-11,North America,Mid-Market,Cybersecurity Core,12,2561.16,7,2,0
TXN-50305,CUST-10886,2025-04-12,North America,Mid-Market,ERP Connect,24,1456.77,1,4,1
TXN-50306,CUST-10530,2025-11-27,North America,Small Business,ERP Connect,36,682.04,5,4,1
TXN-50307,CUST-10335,2024-02-16,North America,Mid-Market,Cybersecurity Core,12,1780.04,3,0,0
TXN-50308,CUST-10787,2025-04-07,Europe,Small Business,ERP Connect,24,534.5,7,1,0
TXN-50309,CUST-10279,2025-04-24,North America,Mid-Market,Cloud Analytics Suite,24,1486.71,5,3,1
TXN-50310,CUST-10728,2025-01-13,North America,Small Business,Customer 360,36,494.27,7,2,0
TXN-50311,CUST-11165,2024-11-01,North America,Enterprise,ERP Connect,12,3859.0,8,3,0
TXN-50312,CUST-10784,2024-01-20,Europe,Enterprise,Cybersecurity Core,24,5047.57,2,3,1
TXN-50313,CUST-10939,2024-01-26,North America,Enterprise,ERP Connect,36,6989.38,6,1,0
TXN-50314,CUST-11134,2025-03-22,North America,Mid-Market,Customer 360,24,1514.77,7,3,0
TXN-50315,CUST-11125,2025-10-16,North America,Small Business,Cloud Analytics Suite,12,552.11,5,3,1
TXN-50316,CUST-10626,2025-11-11,Europe,Mid-Market,Customer 360,24,2166.61,10,1,1
TXN-50317,CUST-10805,2024-12-26,Europe,Mid-Market,Cybersecurity Core,12,1967.52,5,6,1
TXN-50318,CUST-10651,2024-07-18,North America,Small Business,Cybersecurity Core,24,538.2,9,4,0
TXN-50319,CUST-10746,2024-04-13,Latin America,Mid-Market,Cybersecurity Core,12,2113.59,2,1,0
TXN-50320,CUST-10078,2025-01-09,Europe,Small Business,Cybersecurity Core,12,514.92,7,2,0
TXN-50321,CUST-10329,2025-01-04,Europe,Mid-Market,Cloud Analytics Suite,12,2503.17,8,1,0
TXN-50322,CUST-10426,2025-09-18,Europe,Enterprise,ERP Connect,24,4691.32,5,2,0
TXN-50323,CUST-11179,2025-06-11,North America,Enterprise,ERP Connect,36,5424.29,5,3,0
TXN-50324,CUST-11089,2025-05-25,Europe,Small Business,Cybersecurity Core,12,671.49,5,5,1
TXN-50325,CUST-10032,2024-02-20,North America,Small Business,Cybersecurity Core,12,477.91,10,2,1
TXN-50326,CUST-10171,2025-08-22,North America,Mid-Market,ERP Connect,12,1931.13,8,2,1
TXN-50327,CUST-11195,2024-06-05,Latin America,Mid-Market,ERP Connect,24,1881.53,6,4,0
TXN-50328,CUST-10726,2024-03-06,Asia Pacific,Mid-Market,ERP Connect,12,1586.7,6,1,1
TXN-50329,CUST-10622,2024-03-16,Asia Pacific,Small Business,ERP Connect,12,628.2,8,2,1
TXN-50330,CUST-10008,2024-09-18,Europe,Small Business,Cloud Analytics Suite,36,673.0,9,3,0
TXN-50331,CUST-10011,2025-12-18,Latin America,Small Business,Cybersecurity Core,24,662.92,4,4,1
TXN-50332,CUST-11115,2025-08-16,Europe,Mid-Market,ERP Connect,12,2142.96,1,1,0
TXN-50333,CUST-10605,2024-07-11,Europe,Enterprise,Customer 360,12,6147.35,8,4,1
TXN-50334,CUST-11170,2025-07-27,Latin America,Enterprise,Cybersecurity Core,36,4430.37,7,2,1
TXN-50335,CUST-10914,2024-12-22,Europe,Enterprise,Cybersecurity Core,12,6082.58,7,2,0
TXN-50336,CUST-10661,2024-07-13,North America,Mid-Market,Customer 360,36,1177.19,3,2,0
TXN-50337,CUST-10490,2025-04-27,North America,Enterprise,Cloud Analytics Suite,12,6194.95,7,3,0
TXN-50338,CUST-10645,2024-12-09,North America,Small Business,Cloud Analytics Suite,24,682.45,6,1,0
TXN-50339,CUST-10057,2024-03-01,North America,Mid-Market,Cloud Analytics Suite,12,2327.95,2,1,1
TXN-50340,CUST-10145,2025-12-08,Asia Pacific,Mid-Market,Customer 360,24,1786.27,1,8,1
TXN-50341,CUST-10344,2024-09-15,Europe,Mid-Market,Cybersecurity Core,12,1817.93,8,4,1
TXN-50342,CUST-10515,2024-09-08,Europe,Mid-Market,Cloud Analytics Suite,12,1488.7,7,5,0
TXN-50343,CUST-10066,2024-12-05,North America,Enterprise,Cloud Analytics Suite,12,3410.94,1,1,1
TXN-50344,CUST-11097,2025-09-13,Latin America,Enterprise,ERP Connect,12,3285.38,10,7,1
TXN-50345,CUST-10870,2024-08-09,Europe,Small Business,ERP Connect,12,550.17,6,3,1
TXN-50346,CUST-10323,2025-03-10,Asia Pacific,Mid-Market,ERP Connect,24,1257.05,2,2,1
TXN-50347,CUST-10172,2025-08-11,Asia Pacific,Small Business,Cybersecurity Core,12,461.16,9,2,1
TXN-50348,CUST-11138,2024-08-24,North America,Enterprise,ERP Connect,36,5573.46,8,4,0
TXN-50349,CUST-10707,2024-01-18,Europe,Mid-Market,Cloud Analytics Suite,12,1347.17,7,3,0
TXN-50350,CUST-10574,2025-02-22,Asia Pacific,Mid-Market,ERP Connect,12,1524.5,7,2,1
TXN-50351,CUST-10717,2025-04-17,North America,Enterprise,ERP Connect,24,2342.25,7,3,0
TXN-50352,CUST-10780,2024-06-14,Latin America,Mid-Market,Customer 360,24,1666.91,6,0,1
TXN-50353,CUST-10391,2025-01-11,North America,Mid-Market,Cloud Analytics Suite,24,1668.56,7,3,0
TXN-50354,CUST-10847,2024-08-09,North America,Small Business,Cloud Analytics Suite,24,499.25,8,1,0
TXN-50355,CUST-10708,2025-07-01,Asia Pacific,Enterprise,ERP Connect,36,5487.99,8,2,1
TXN-50356,CUST-10894,2025-10-24,Europe,Enterprise,Customer 360,12,4614.79,7,3,1
TXN-50357,CUST-11079,2025-04-03,Europe,Enterprise,Cybersecurity Core,12,4299.15,6,4,0
TXN-50358,CUST-10070,2025-03-06,Europe,Small Business,Customer 360,12,640.39,5,4,0
TXN-50359,CUST-11151,2024-09-23,Latin America,Enterprise,Customer 360,12,4721.41,4,1,1
TXN-50360,CUST-10610,2025-07-25,North America,Mid-Market,ERP Connect,36,1052.79,3,2,1
TXN-50361,CUST-11133,2024-05-21,Latin America,Small Business,ERP Connect,12,589.67,2,4,0
TXN-50362,CUST-10491,2024-03-02,Europe,Mid-Market,Cybersecurity Core,24,1740.84,5,2,0
TXN-50363,CUST-11033,2024-01-23,North America,Mid-Market,Customer 360,24,1876.35,7,3,0
TXN-50364,CUST-10534,2025-07-06,North America,Small Business,Customer 360,36,708.19,8,2,0
TXN-50365,CUST-11177,2025-04-06,Asia Pacific,Mid-Market,Cloud Analytics Suite,12,2181.65,9,4,0
TXN-50366,CUST-11126,2024-11-17,Europe,Small Business,Cybersecurity Core,24,483.83,4,2,0
TXN-50367,CUST-10186,2024-10-25,Asia Pacific,Enterprise,Customer 360,24,4220.72,6,2,0
TXN-50368,CUST-10100,2025-08-09,North America,Enterprise,Cloud Analytics Suite,12,4093.25,2,1,0
TXN-50369,CUST-10835,2024-02-10,Latin America,Enterprise,Customer 360,24,3789.6,7,2,1
TXN-50370,CUST-10495,2024-12-05,North America,Mid-Market,Cloud Analytics Suite,12,1533.83,9,3,1
TXN-50371,CUST-10246,2025-03-11,Asia Pacific,Small Business,Cloud Analytics Suite,24,743.03,4,5,1
TXN-50372,CUST-11072,2024-01-25,Asia Pacific,Mid-Market,Customer 360,24,1201.05,6,0,0
TXN-50373,CUST-11141,2024-10-25,Europe,Mid-Market,Cloud Analytics Suite,12,2177.69,7,3,0
TXN-50374,CUST-10300,2025-04-08,North America,Enterprise,Customer 360,24,4421.31,6,4,1
TXN-50375,CUST-10745,2025-06-13,Latin America,Enterprise,ERP Connect,12,4993.49,3,7,0
TXN-50376,CUST-10277,2024-05-11,North America,Small Business,Cybersecurity Core,24,528.36,8,2,0
TXN-50377,CUST-10142,2025-05-25,Europe,Enterprise,ERP Connect,24,2348.73,3,1,0
TXN-50378,CUST-10421,2024-01-03,Asia Pacific,Mid-Market,ERP Connect,12,2123.33,4,1,0
TXN-50379,CUST-10957,2024-09-12,Asia Pacific,Mid-Market,ERP Connect,24,1412.85,3,7,0
TXN-50380,CUST-10840,2025-02-21,Europe,Mid-Market,Customer 360,24,1999.13,4,1,0
TXN-50381,CUST-10853,2025-10-06,Europe,Mid-Market,ERP Connect,36,1602.65,5,4,0
TXN-50382,CUST-11074,2025-09-20,Asia Pacific,Mid-Market,Cybersecurity Core,24,1431.07,5,5,1
TXN-50383,CUST-10543,2024-02-18,Latin America,Mid-Market,ERP Connect,12,1612.62,2,2,1
TXN-50384,CUST-10686,2024-08-25,Europe,Enterprise,ERP Connect,36,5661.19,5,5,0
TXN-50385,CUST-11065,2024-08-18,Europe,Mid-Market,ERP Connect,12,1335.47,4,1,0
TXN-50386,CUST-10056,2024-05-22,Europe,Enterprise,Cybersecurity Core,12,5339.19,7,2,0
TXN-50387,CUST-10971,2024-05-13,North America,Mid-Market,Cybersecurity Core,36,1650.56,5,0,0
TXN-50388,CUST-10844,2024-12-26,North America,Mid-Market,ERP Connect,12,1868.16,7,2,0
TXN-50389,CUST-10956,2025-09-12,North America,Mid-Market,Customer 360,12,1907.01,6,5,0
TXN-50390,CUST-10356,2025-05-01,North America,Enterprise,Cloud Analytics Suite,24,4314.49,8,5,0
TXN-50391,CUST-10070,2025-12-22,Asia Pacific,Small Business,Customer 360,36,691.24,1,2,1
TXN-50392,CUST-10003,2024-04-09,Latin America,Enterprise,Customer 360,36,5590.94,6,3,1
TXN-50393,CUST-10428,2024-08-03,North America,Mid-Market,Customer 360,12,1622.47,5,2,0
TXN-50394,CUST-11193,2024-08-16,Europe,Enterprise,Cybersecurity Core,24,6027.69,6,1,0
TXN-50395,CUST-11074,2024-02-23,Europe,Small Business,Cloud Analytics Suite,24,518.29,7,6,1
TXN-50396,CUST-10816,2025-05-13,North America,Enterprise,Customer 360,36,4973.88,7,2,1
TXN-50397,CUST-10402,2024-02-02,North America,Enterprise,Cybersecurity Core,24,4070.33,7,2,1
TXN-50398,CUST-10324,2025-01-07,North America,Mid-Market,Cloud Analytics Suite,12,1764.4,7,1,1
TXN-50399,CUST-11101,2025-01-13,North America,Enterprise,Cloud Analytics Suite,12,5378.11,1,3,1
TXN-50400,CUST-11015,2025-04-06,Asia Pacific,Mid-Market,Cloud Analytics Suite,36,1823.26,9,3,0
TXN-50401,CUST-10693,2024-08-03,Asia Pacific,Mid-Market,Cloud Analytics Suite,24,1199.82,5,3,0
TXN-50402,CUST-11176,2025-07-22,Europe,Mid-Market,ERP Connect,12,2456.46,5,3,0
TXN-50403,CUST-10702,2025-08-13,Europe,Small Business,Cloud Analytics Suite,12,571.45,4,5,0
TXN-50404,CUST-10203,2024-12-09,Asia Pacific,Enterprise,Customer 360,24,4635.26,10,3,0
TXN-50405,CUST-10270,2024-11-27,North America,Mid-Market,ERP Connect,24,2495.5,5,2,0
TXN-50406,CUST-11119,2024-09-27,Europe,Mid-Market,Cybersecurity Core,24,1881.02,7,5,1
TXN-50407,CUST-10712,2024-07-16,North America,Small Business,ERP Connect,24,545.14,6,4,1
TXN-50408,CUST-10403,2025-02-10,North America,Enterprise,ERP Connect,12,3277.28,6,2,0
TXN-50409,CUST-10462,2024-10-19,Europe,Small Business,Customer 360,12,470.43,1,3,1
TXN-50410,CUST-10417,2024-07-13,Asia Pacific,Enterprise,Cybersecurity Core,12,4854.97,7,1,0
TXN-50411,CUST-11027,2024-03-03,North America,Small Business,Customer 360,12,579.43,6,3,0
TXN-50412,CUST-10323,2025-08-17,North America,Enterprise,Cybersecurity Core,12,4070.29,2,1,0
TXN-50413,CUST-10354,2025-05-20,Europe,Small Business,Cloud Analytics Suite,12,403.68,5,4,0
TXN-50414,CUST-11036,2025-11-07,North America,Mid-Market,Customer 360,24,983.03,6,1,1
TXN-50415,CUST-10116,2025-02-16,Europe,Mid-Market,Cybersecurity Core,12,1467.25,1,3,0
TXN-50416,CUST-10395,2024-04-01,North America,Small Business,ERP Connect,12,711.13,5,3,0
TXN-50417,CUST-10132,2024-01-16,North America,Mid-Market,Cloud Analytics Suite,36,1260.79,6,2,0
TXN-50418,CUST-10821,2024-10-07,Europe,Mid-Market,Cybersecurity Core,24,1450.98,7,3,1
TXN-50419,CUST-10564,2024-07-04,North America,Mid-Market,Customer 360,24,1770.95,8,3,0
TXN-50420,CUST-10893,2024-02-27,North America,Mid-Market,Customer 360,24,1633.34,5,0,1
TXN-50421,CUST-10446,2024-10-05,North America,Mid-Market,ERP Connect,24,1298.78,8,2,1
TXN-50422,CUST-10776,2024-11-16,Europe,Mid-Market,Cloud Analytics Suite,36,1550.05,9,7,1
TXN-50423,CUST-10258,2025-08-01,Asia Pacific,Small Business,Customer 360,36,416.42,6,4,0
TXN-50424,CUST-10628,2024-06-16,Europe,Mid-Market,Customer 360,36,1998.68,1,4,0
TXN-50425,CUST-11107,2025-05-01,North America,Mid-Market,ERP Connect,24,2044.88,8,0,1
TXN-50426,CUST-11096,2025-02-25,North America,Small Business,Cloud Analytics Suite,12,689.65,7,3,1
TXN-50427,CUST-11096,2025-07-02,Asia Pacific,Small Business,Cybersecurity Core,24,767.83,5,3,1
TXN-50428,CUST-10203,2024-03-14,Europe,Mid-Market,Customer 360,12,1297.98,9,0,0
TXN-50429,CUST-10822,2025-12-04,North America,Enterprise,Customer 360,12,5448.5,6,0,0
TXN-50430,CUST-10015,2025-02-23,Asia Pacific,Mid-Market,ERP Connect,12,2108.41,8,4,1
TXN-50431,CUST-10966,2024-04-13,North America,Small Business,ERP Connect,36,801.29,4,3,0
TXN-50432,CUST-11024,2025-04-04,Europe,Enterprise,Cybersecurity Core,12,5722.72,3,2,1
TXN-50433,CUST-10691,2024-06-26,Asia Pacific,Mid-Market,Cloud Analytics Suite,12,1672.5,4,1,1
TXN-50434,CUST-10784,2025-03-09,Asia Pacific,Mid-Market,Cloud Analytics Suite,12,1421.44,1,3,0
TXN-50435,CUST-10210,2024-01-01,Asia Pacific,Small Business,Customer 360,24,536.92,6,5,0
TXN-50436,CUST-10099,2025-02-25,Asia Pacific,Mid-Market,Cloud Analytics Suite,24,1454.77,7,0,0
TXN-50437,CUST-11195,2024-04-26,Asia Pacific,Small Business,ERP Connect,12,704.75,7,1,0
TXN-50438,CUST-10111,2024-02-12,Latin America,Enterprise,Customer 360,12,3499.35,2,4,0
TXN-50439,CUST-11052,2025-06-09,Asia Pacific,Mid-Market,Cybersecurity Core,12,2072.04,5,4,1
TXN-50440,CUST-10171,2024-03-26,North America,Mid-Market,Cybersecurity Core,12,1739.5,2,5,0
TXN-50441,CUST-10312,2025-12-22,Asia Pacific,Mid-Market,ERP Connect,12,1103.65,8,4,0
TXN-50442,CUST-10490,2024-08-26,Asia Pacific,Mid-Market,Customer 360,36,2138.28,5,0,0
TXN-50443,CUST-10026,2024-10-12,Europe,Mid-Market,Cybersecurity Core,24,2247.45,7,2,0
TXN-50444,CUST-11095,2024-10-16,North America,Mid-Market,Cloud Analytics Suite,24,2341.97,1,1,0
TXN-50445,CUST-10550,2024-10-06,Europe,Mid-Market,Cloud Analytics Suite,24,2021.46,9,5,0
TXN-50446,CUST-10149,2024-09-15,Europe,Mid-Market,Customer 360,24,1413.01,5,2,0
TXN-50447,CUST-11075,2024-01-19,Europe,Small Business,ERP Connect,36,614.95,3,1,0
TXN-50448,CUST-10322,2024-08-03,Europe,Mid-Market,Customer 360,24,2096.2,8,3,0
TXN-50449,CUST-10355,2025-03-02,Latin America,Small Business,Cloud Analytics Suite,12,484.48,5,2,0
TXN-50450,CUST-10833,2024-05-27,Europe,Small Business,Cybersecurity Core,36,753.01,1,3,1
TXN-50451,CUST-10378,2025-06-23,Europe,Small Business,Customer 360,12,694.9,7,3,1
TXN-50452,CUST-11181,2024-11-23,North America,Small Business,Cloud Analytics Suite,12,615.17,7,1,0
TXN-50453,CUST-11153,2024-04-06,Asia Pacific,Enterprise,Cybersecurity Core,24,3440.15,8,0,0
TXN-50454,CUST-10659,2025-05-02,Europe,Mid-Market,Customer 360,12,2153.76,6,3,0
TXN-50455,CUST-10696,2025-07-25,Asia Pacific,Small Business,Cloud Analytics Suite,36,534.78,4,5,1
TXN-50456,CUST-10941,2025-09-10,Latin America,Small Business,Customer 360,36,647.01,3,3,0
TXN-50457,CUST-10977,2024-01-01,North America,Small Business,Cybersecurity Core,12,520.7,5,2,0
TXN-50458,CUST-11176,2024-06-17,North America,Mid-Market,ERP Connect,36,964.69,8,5,1
TXN-50459,CUST-10730,2024-01-16,Latin America,Mid-Market,Cybersecurity Core,12,2081.75,3,3,1
TXN-50460,CUST-11030,2024-02-09,North America,Mid-Market,Customer 360,12,2172.72,5,2,1
TXN-50461,CUST-10436,2024-08-27,North America,Mid-Market,Cybersecurity Core,12,1364.26,7,6,0
TXN-50462,CUST-10990,2024-05-03,North America,Mid-Market,Cybersecurity Core,12,2044.88,6,4,0
TXN-50463,CUST-10432,2025-04-04,Asia Pacific,Mid-Market,ERP Connect,12,1728.41,7,3,1
TXN-50464,CUST-10213,2025-03-09,Latin America,Mid-Market,Cybersecurity Core,24,1937.81,7,2,1
TXN-50465,CUST-10394,2025-02-23,Europe,Mid-Market,Cloud Analytics Suite,24,1791.79,6,5,0
TXN-50466,CUST-11164,2025-07-17,Asia Pacific,Enterprise,Customer 360,12,4019.18,8,3,1
TXN-50467,CUST-10646,2024-08-24,North America,Mid-Market,Cybersecurity Core,24,1854.33,8,1,1
TXN-50468,CUST-11070,2025-11-18,North America,Mid-Market,Customer 360,12,1647.1,2,4,0
TXN-50469,CUST-10465,2024-10-25,Asia Pacific,Mid-Market,Cybersecurity Core,12,1979.99,6,3,1
TXN-50470,CUST-10737,2025-03-16,North America,Mid-Market,ERP Connect,12,1896.42,3,6,1
TXN-50471,CUST-10379,2024-10-25,Europe,Small Business,ERP Connect,24,501.18,4,3,1
TXN-50472,CUST-10792,2025-02-12,Europe,Enterprise,Customer 360,12,4263.65,1,6,1
TXN-50473,CUST-10762,2025-11-01,North America,Mid-Market,Cybersecurity Core,24,1473.69,7,7,0
TXN-50474,CUST-10234,2024-03-23,North America,Mid-Market,Customer 360,36,1972.6,6,3,0
TXN-50475,CUST-10941,2025-12-17,Asia Pacific,Mid-Market,ERP Connect,24,1774.89,1,3,1
TXN-50476,CUST-11184,2024-09-13,Europe,Mid-Market,Customer 360,12,1408.63,7,1,0
TXN-50477,CUST-10064,2024-06-04,North America,Mid-Market,Customer 360,12,1597.85,9,2,1
TXN-50478,CUST-10052,2025-07-22,North America,Small Business,Customer 360,12,641.91,7,2,0
TXN-50479,CUST-10842,2025-10-08,Europe,Mid-Market,Customer 360,12,1882.42,6,0,0
TXN-50480,CUST-10456,2024-09-23,Europe,Small Business,ERP Connect,12,860.75,4,3,0
TXN-50481,CUST-10858,2024-07-06,Europe,Small Business,Cloud Analytics Suite,24,683.81,9,3,1
TXN-50482,CUST-10061,2025-07-10,Asia Pacific,Mid-Market,Cybersecurity Core,12,2270.62,7,2,0
TXN-50483,CUST-10880,2025-12-12,Europe,Small Business,Cybersecurity Core,36,702.67,2,3,0
TXN-50484,CUST-10502,2025-06-25,North America,Enterprise,Cybersecurity Core,36,5165.52,8,2,0
TXN-50485,CUST-10209,2025-06-14,North America,Small Business,Cybersecurity Core,24,703.7,7,6,1
TXN-50486,CUST-10787,2025-07-14,North America,Mid-Market,Cybersecurity Core,36,1401.52,5,1,1
TXN-50487,CUST-10823,2024-07-10,North America,Mid-Market,ERP Connect,12,2506.61,7,8,0
TXN-50488,CUST-10266,2025-02-20,Europe,Small Business,Cybersecurity Core,24,678.8,6,5,1
TXN-50489,CUST-10943,2024-07-10,Asia Pacific,Enterprise,Cloud Analytics Suite,24,5729.28,5,3,1
TXN-50490,CUST-10604,2025-07-11,North America,Enterprise,Cybersecurity Core,24,4581.29,5,4,0
TXN-50491,CUST-10988,2024-02-09,North America,Small Business,Cybersecurity Core,12,568.25,6,8,1
TXN-50492,CUST-10714,2024-01-19,Latin America,Enterprise,ERP Connect,36,4499.14,2,5,0
TXN-50493,CUST-10529,2025-11-17,Asia Pacific,Small Business,Cloud Analytics Suite,24,732.89,7,0,0
TXN-50494,CUST-10604,2025-01-14,North America,Small Business,Cloud Analytics Suite,12,637.19,3,4,0
TXN-50495,CUST-11079,2024-11-13,Asia Pacific,Enterprise,Customer 360,24,3353.77,2,6,1
TXN-50496,CUST-10729,2024-11-17,North America,Mid-Market,Cybersecurity Core,12,2170.6,7,1,1
TXN-50497,CUST-10807,2024-05-06,Europe,Mid-Market,Customer 360,12,1678.72,6,5,1
TXN-50498,CUST-10320,2025-07-07,North America,Small Business,Customer 360,24,438.77,5,6,1
TXN-50499,CUST-11164,2025-03-24,Europe,Mid-Market,Customer 360,12,1675.01,7,3,0
TXN-50500,CUST-10830,2025-11-26,Europe,Mid-Market,Customer 360,36,2094.97,2,2,1
TXN-50501,CUST-10838,2025-02-01,North America,Enterprise,ERP Connect,24,4881.5,5,4,0
TXN-50502,CUST-10864,2025-06-07,Europe,Small Business,ERP Connect,12,439.7,7,4,0
TXN-50503,CUST-10041,2025-03-01,North America,Mid-Market,Customer 360,24,2060.69,8,2,0
TXN-50504,CUST-10055,2025-02-12,Europe,Mid-Market,Cloud Analytics Suite,24,1552.7,5,6,1
TXN-50505,CUST-10873,2025-08-01,Asia Pacific,Mid-Market,ERP Connect,24,2301.36,4,5,0
TXN-50506,CUST-10797,2025-01-26,Europe,Enterprise,ERP Connect,36,3613.99,7,1,1
TXN-50507,CUST-10539,2025-09-23,Europe,Small Business,Cybersecurity Core,36,545.85,7,2,1
TXN-50508,CUST-11094,2024-10-14,North America,Small Business,ERP Connect,24,479.34,3,1,0
TXN-50509,CUST-10163,2024-08-06,North America,Small Business,Cybersecurity Core,12,482.85,6,1,0
TXN-50510,CUST-10425,2024-05-16,North America,Mid-Market,Cybersecurity Core,12,1701.07,6,8,1
TXN-50511,CUST-10782,2024-11-17,North America,Small Business,Customer 360,12,335.85,3,2,1
TXN-50512,CUST-10456,2024-09-22,Europe,Mid-Market,ERP Connect,12,2178.54,6,1,0
TXN-50513,CUST-10801,2024-05-12,Latin America,Small Business,Cybersecurity Core,12,668.32,2,3,0
TXN-50514,CUST-10519,2024-03-10,Latin America,Mid-Market,ERP Connect,12,1411.84,9,2,1
TXN-50515,CUST-10758,2025-09-08,Europe,Mid-Market,Cybersecurity Core,36,1935.75,6,3,0
TXN-50516,CUST-11098,2024-05-22,Europe,Enterprise,Cybersecurity Core,36,3988.56,4,3,1
TXN-50517,CUST-10481,2025-07-04,Asia Pacific,Mid-Market,Cybersecurity Core,12,2041.86,6,1,1
TXN-50518,CUST-10381,2025-02-25,Latin America,Small Business,Cybersecurity Core,12,592.61,7,5,1
TXN-50519,CUST-10252,2025-05-11,North America,Enterprise,ERP Connect,24,5606.15,8,3,0
TXN-50520,CUST-10290,2025-12-04,Europe,Mid-Market,Customer 360,12,1877.48,6,1,1
TXN-50521,CUST-10650,2024-10-21,North America,Mid-Market,Customer 360,12,2075.96,7,3,1
TXN-50522,CUST-10577,2024-02-17,Europe,Mid-Market,Cybersecurity Core,24,1741.75,2,2,0
TXN-50523,CUST-10042,2025-01-27,Europe,Enterprise,Customer 360,36,4511.08,7,2,0
TXN-50524,CUST-10849,2024-06-12,North America,Enterprise,Cybersecurity Core,36,4255.77,3,1,0
TXN-50525,CUST-10156,2024-07-25,Asia Pacific,Small Business,Cybersecurity Core,12,733.2,7,3,0
TXN-50526,CUST-10271,2024-05-07,North America,Small Business,Cloud Analytics Suite,12,572.75,9,5,1
TXN-50527,CUST-10082,2025-02-23,North America,Mid-Market,ERP Connect,24,1748.97,3,2,1
TXN-50528,CUST-10278,2024-08-04,North America,Enterprise,Cloud Analytics Suite,12,5662.85,7,5,0
TXN-50529,CUST-10147,2025-02-25,Europe,Mid-Market,ERP Connect,24,1530.3,4,4,0
TXN-50530,CUST-10627,2025-01-26,Asia Pacific,Small Business,Cloud Analytics Suite,12,609.07,9,2,0
TXN-50531,CUST-10857,2024-10-03,North America,Mid-Market,Cloud Analytics Suite,12,2177.59,7,0,0
TXN-50532,CUST-10496,2025-03-24,North America,Enterprise,Cybersecurity Core,12,3286.64,7,5,0
TXN-50533,CUST-10599,2025-02-15,Europe,Mid-Market,Cybersecurity Core,12,1805.65,2,3,0
TXN-50534,CUST-10742,2024-04-05,Asia Pacific,Enterprise,Cloud Analytics Suite,36,4367.61,7,4,0
TXN-50535,CUST-11079,2025-06-17,North America,Mid-Market,ERP Connect,24,1089.44,7,4,0
TXN-50536,CUST-10568,2024-09-07,North America,Small Business,ERP Connect,36,756.34,8,0,0
TXN-50537,CUST-10904,2024-08-06,North America,Small Business,Cloud Analytics Suite,12,911.7,7,0,0
TXN-50538,CUST-10509,2025-10-18,Europe,Mid-Market,Customer 360,24,1512.96,8,4,0
TXN-50539,CUST-10603,2025-03-19,Europe,Mid-Market,Customer 360,12,1458.98,8,2,0
TXN-50540,CUST-10148,2025-10-25,Asia Pacific,Enterprise,Cybersecurity Core,36,3967.03,5,2,1
TXN-50541,CUST-10990,2024-04-09,Europe,Enterprise,Cloud Analytics Suite,24,6352.64,7,3,0
TXN-50542,CUST-10676,2024-08-02,Asia Pacific,Small Business,Cybersecurity Core,24,707.26,2,4,1
TXN-50543,CUST-11046,2024-09-15,North America,Mid-Market,Cybersecurity Core,24,1916.65,3,1,1
TXN-50544,CUST-11036,2025-09-27,North America,Mid-Market,Cybersecurity Core,12,1852.64,7,2,0
TXN-50545,CUST-10542,2024-05-06,North America,Enterprise,Cybersecurity Core,36,5516.82,7,3,0
TXN-50546,CUST-10733,2024-06-06,Europe,Small Business,Cybersecurity Core,12,524.13,8,7,1
TXN-50547,CUST-10204,2025-10-18,North America,Small Business,Cloud Analytics Suite,12,374.64,5,4,1
TXN-50548,CUST-10848,2024-10-10,North America,Enterprise,Cloud Analytics Suite,36,4130.49,3,9,1
TXN-50549,CUST-10048,2024-11-25,Europe,Mid-Market,Cybersecurity Core,24,1852.29,3,3,0
TXN-50550,CUST-10963,2024-08-24,Europe,Enterprise,Cybersecurity Core,24,3616.81,2,1,0
TXN-50551,CUST-10712,2025-09-27,North America,Mid-Market,Cloud Analytics Suite,12,1294.27,4,4,0
TXN-50552,CUST-10236,2025-05-11,North America,Enterprise,Cloud Analytics Suite,12,4911.59,9,4,0
TXN-50553,CUST-10879,2024-10-24,Latin America,Mid-Market,Cloud Analytics Suite,12,2555.36,3,3,0
TXN-50554,CUST-10667,2025-11-10,Europe,Mid-Market,Cloud Analytics Suite,12,1543.93,8,2,0
TXN-50555,CUST-10336,2024-01-07,North America,Mid-Market,Customer 360,12,1971.54,7,6,0
TXN-50556,CUST-10895,2024-06-22,North America,Enterprise,Cybersecurity Core,24,4287.2,3,3,0
TXN-50557,CUST-10765,2024-12-01,North America,Enterprise,Customer 360,12,4392.34,5,1,0
TXN-50558,CUST-10532,2024-10-15,North America,Mid-Market,ERP Connect,12,1479.46,7,3,1
TXN-50559,CUST-11001,2024-10-26,Europe,Mid-Market,ERP Connect,12,2025.94,6,4,1
TXN-50560,CUST-10387,2024-06-24,Europe,Small Business,Cloud Analytics Suite,12,658.57,4,2,0
TXN-50561,CUST-10540,2024-06-17,Latin America,Mid-Market,Cloud Analytics Suite,36,2436.3,5,3,0
TXN-50562,CUST-10054,2024-11-18,Asia Pacific,Mid-Market,Cloud Analytics Suite,24,900.78,6,1,0
TXN-50563,CUST-10563,2024-07-01,North America,Mid-Market,ERP Connect,24,1912.68,4,8,1
TXN-50564,CUST-10964,2024-02-20,Asia Pacific,Small Business,ERP Connect,24,619.57,9,6,1
TXN-50565,CUST-11065,2024-03-25,North America,Small Business,ERP Connect,12,472.5,7,7,1
TXN-50566,CUST-10814,2025-09-10,North America,Mid-Market,Customer 360,24,1583.59,6,2,0
TXN-50567,CUST-10325,2024-04-22,Europe,Enterprise,Customer 360,24,5549.32,7,5,1
TXN-50568,CUST-10985,2024-04-20,Asia Pacific,Enterprise,Cloud Analytics Suite,12,4502.25,8,2,1
TXN-50569,CUST-10544,2025-09-13,Asia Pacific,Enterprise,Cybersecurity Core,12,6128.16,9,5,0
TXN-50570,CUST-11031,2024-10-05,North America,Small Business,Cloud Analytics Suite,12,652.19,7,3,1
TXN-50571,CUST-10679,2024-05-16,North America,Small Business,ERP Connect,36,552.72,5,3,1
TXN-50572,CUST-10344,2024-06-18,Asia Pacific,Mid-Market,Customer 360,12,2210.42,10,3,0
TXN-50573,CUST-10392,2024-06-10,Europe,Small Business,ERP Connect,24,499.55,1,5,1
TXN-50574,CUST-10472,2024-11-22,Latin America,Enterprise,ERP Connect,12,4952.25,6,2,1
TXN-50575,CUST-11194,2025-09-19,Asia Pacific,Small Business,Cloud Analytics Suite,12,493.11,3,5,1
TXN-50576,CUST-10212,2024-07-04,Europe,Small Business,ERP Connect,24,537.09,10,5,0
TXN-50577,CUST-10162,2024-03-04,Europe,Small Business,Cybersecurity Core,24,484.82,7,3,0
TXN-50578,CUST-10142,2024-06-04,North America,Mid-Market,Cloud Analytics Suite,24,1339.79,10,3,1
TXN-50579,CUST-10606,2025-10-02,Asia Pacific,Enterprise,Cybersecurity Core,12,3694.11,4,1,1
TXN-50580,CUST-11147,2024-05-26,Latin America,Enterprise,Cybersecurity Core,24,6017.73,6,4,0
TXN-50581,CUST-10402,2025-01-04,Europe,Enterprise,Customer 360,24,3926.32,3,4,1
TXN-50582,CUST-10648,2025-09-07,Asia Pacific,Small Business,Cybersecurity Core,12,498.45,8,3,0
TXN-50583,CUST-10528,2024-10-19,Europe,Small Business,ERP Connect,12,705.99,7,3,1
TXN-50584,CUST-11124,2024-05-01,Asia Pacific,Small Business,Cloud Analytics Suite,36,430.49,7,2,0
TXN-50585,CUST-10443,2025-08-05,Latin America,Mid-Market,ERP Connect,24,2118.22,1,2,1
TXN-50586,CUST-10745,2024-05-27,North America,Enterprise,Cloud Analytics Suite,36,4538.05,8,3,0
TXN-50587,CUST-10897,2025-09-16,Latin America,Small Business,ERP Connect,24,401.67,9,5,0
TXN-50588,CUST-10159,2024-03-22,North America,Small Business,Cybersecurity Core,36,581.16,7,5,0
TXN-50589,CUST-11167,2024-08-09,North America,Small Business,Cloud Analytics Suite,12,454.78,7,3,0
TXN-50590,CUST-10490,2025-11-07,North America,Enterprise,Customer 360,12,2808.07,5,3,0
TXN-50591,CUST-10040,2024-10-17,North America,Mid-Market,ERP Connect,24,2318.28,7,2,1
TXN-50592,CUST-10727,2024-12-07,Asia Pacific,Enterprise,Cybersecurity Core,24,5003.61,6,3,0
TXN-50593,CUST-10380,2024-08-16,Latin America,Mid-Market,Cloud Analytics Suite,36,1747.39,7,2,1
TXN-50594,CUST-10502,2024-06-20,North America,Mid-Market,ERP Connect,24,1628.35,7,5,0
TXN-50595,CUST-11074,2024-03-13,North America,Mid-Market,Cybersecurity Core,36,2388.61,8,4,1
TXN-50596,CUST-10028,2024-03-02,Latin America,Small Business,Customer 360,12,691.07,3,2,0
TXN-50597,CUST-10675,2024-04-24,North America,Enterprise,ERP Connect,12,4740.03,8,3,1
TXN-50598,CUST-10755,2024-09-21,Latin America,Small Business,Customer 360,12,709.23,10,3,1
TXN-50599,CUST-10296,2024-06-08,Asia Pacific,Small Business,ERP Connect,24,577.98,8,3,0
TXN-50600,CUST-10796,2025-11-17,North America,Mid-Market,Cloud Analytics Suite,12,1539.76,4,3,0
TXN-50601,CUST-11177,2025-01-13,North America,Mid-Market,Customer 360,24,1674.25,4,1,0
TXN-50602,CUST-10739,2024-04-19,North America,Mid-Market,ERP Connect,12,1572.7,7,2,0
TXN-50603,CUST-10161,2024-12-07,Asia Pacific,Enterprise,Customer 360,24,5255.85,2,6,0
TXN-50604,CUST-10448,2024-12-13,North America,Enterprise,ERP Connect,12,5196.51,4,3,0
TXN-50605,CUST-10000,2024-02-27,North America,Enterprise,Cloud Analytics Suite,12,5056.05,7,3,0
TXN-50606,CUST-10048,2024-11-17,Asia Pacific,Enterprise,ERP Connect,12,5916.24,7,4,0
TXN-50607,CUST-10291,2025-04-06,Asia Pacific,Mid-Market,ERP Connect,36,1592.72,7,1,0
TXN-50608,CUST-10409,2025-10-16,Europe,Small Business,Customer 360,12,541.22,4,7,0
TXN-50609,CUST-10949,2025-11-26,Latin America,Mid-Market,Cybersecurity Core,12,1913.25,7,7,1
TXN-50610,CUST-10888,2024-06-27,Asia Pacific,Enterprise,Cloud Analytics Suite,24,3540.43,8,1,0
TXN-50611,CUST-10137,2025-11-15,Asia Pacific,Mid-Market,Cloud Analytics Suite,24,2750.15,5,1,1
TXN-50612,CUST-11112,2024-01-15,North America,Mid-Market,Customer 360,12,2006.06,5,3,0
TXN-50613,CUST-10053,2024-06-01,North America,Mid-Market,ERP Connect,36,1490.19,7,2,0
TXN-50614,CUST-11031,2024-06-16,North America,Enterprise,Customer 360,12,3810.56,4,5,1
TXN-50615,CUST-10711,2024-10-05,Europe,Mid-Market,Customer 360,24,1633.94,7,0,0
TXN-50616,CUST-10318,2025-02-07,Europe,Small Business,Customer 360,12,351.46,6,3,0
TXN-50617,CUST-10364,2024-09-21,Asia Pacific,Mid-Market,ERP Connect,24,2157.6,10,2,0
TXN-50618,CUST-10058,2024-03-20,Latin America,Enterprise,Cybersecurity Core,12,5397.54,1,3,0
TXN-50619,CUST-10889,2025-11-26,Europe,Mid-Market,Cybersecurity Core,12,2225.48,4,1,1
TXN-50620,CUST-10651,2024-09-04,North America,Small Business,ERP Connect,24,544.42,8,2,1
TXN-50621,CUST-10687,2025-10-13,North America,Enterprise,Cloud Analytics Suite,12,6698.1,1,5,1
TXN-50622,CUST-10254,2024-10-09,Europe,Mid-Market,Customer 360,12,2007.81,8,2,0
TXN-50623,CUST-10189,2024-11-20,Asia Pacific,Enterprise,Customer 360,24,3905.2,8,10,1
TXN-50624,CUST-10381,2024-01-18,North America,Mid-Market,Cloud Analytics Suite,12,1749.67,9,7,0
TXN-50625,CUST-10340,2025-06-12,Asia Pacific,Small Business,Customer 360,12,614.59,1,0,0
TXN-50626,CUST-10583,2024-05-04,Europe,Mid-Market,Cybersecurity Core,36,1785.93,8,7,1
TXN-50627,CUST-10481,2024-02-02,Europe,Small Business,Cloud Analytics Suite,24,752.21,3,2,0
TXN-50628,CUST-10553,2024-07-13,North America,Mid-Market,ERP Connect,12,1335.79,7,4,0
TXN-50629,CUST-10901,2025-06-07,Latin America,Small Business,ERP Connect,24,607.01,7,7,0
TXN-50630,CUST-10564,2025-10-15,North America,Enterprise,ERP Connect,12,3518.79,1,4,1
TXN-50631,CUST-10634,2025-09-08,Asia Pacific,Mid-Market,ERP Connect,36,1748.79,5,1,0
TXN-50632,CUST-10031,2025-12-14,Latin America,Enterprise,ERP Connect,12,5308.29,2,1,0
TXN-50633,CUST-10736,2024-07-13,Europe,Small Business,Cybersecurity Core,12,744.99,4,7,1
TXN-50634,CUST-10551,2025-08-27,North America,Small Business,ERP Connect,36,563.7,7,2,1
TXN-50635,CUST-10729,2025-10-12,Europe,Small Business,ERP Connect,36,524.24,1,5,1
TXN-50636,CUST-11187,2024-06-16,Asia Pacific,Enterprise,Customer 360,36,4135.42,5,2,0
TXN-50637,CUST-10969,2025-07-10,Europe,Mid-Market,Cybersecurity Core,12,2052.25,7,2,0
TXN-50638,CUST-11062,2025-09-27,North America,Mid-Market,Cloud Analytics Suite,12,1512.61,3,3,0
TXN-50639,CUST-10532,2025-04-21,Europe,Mid-Market,ERP Connect,12,1326.45,5,2,1
TXN-50640,CUST-10595,2024-11-17,Asia Pacific,Mid-Market,Customer 360,24,2004.58,5,4,0
TXN-50641,CUST-10270,2024-07-21,Europe,Mid-Market,ERP Connect,12,2191.1,5,4,0
TXN-50642,CUST-10196,2024-09-20,North America,Enterprise,Customer 360,12,3138.93,4,2,1
TXN-50643,CUST-10667,2025-03-06,North America,Small Business,Cloud Analytics Suite,12,504.44,1,4,1
TXN-50644,CUST-11068,2025-04-09,Asia Pacific,Mid-Market,Cloud Analytics Suite,12,1352.77,1,6,1
TXN-50645,CUST-11070,2024-12-11,North America,Mid-Market,Cybersecurity Core,12,1187.71,4,3,1
TXN-50646,CUST-10219,2025-03-11,Europe,Small Business,Customer 360,24,530.99,4,2,0
TXN-50647,CUST-11151,2025-05-16,Asia Pacific,Mid-Market,ERP Connect,36,2201.58,5,3,0
TXN-50648,CUST-11024,2024-11-21,Asia Pacific,Enterprise,ERP Connect,24,4499.5,3,5,0
TXN-50649,CUST-10242,2025-10-15,Europe,Mid-Market,Cybersecurity Core,12,2005.92,7,0,1
TXN-50650,CUST-10321,2024-01-22,North America,Enterprise,ERP Connect,12,4764.01,3,0,0
TXN-50651,CUST-10027,2024-10-03,Europe,Mid-Market,ERP Connect,12,2457.36,4,3,0
TXN-50652,CUST-10454,2025-10-16,Europe,Mid-Market,ERP Connect,12,2249.8,8,6,0
TXN-50653,CUST-10116,2025-12-12,Asia Pacific,Small Business,ERP Connect,24,423.44,7,4,0
TXN-50654,CUST-10818,2024-05-15,Europe,Enterprise,Customer 360,24,3471.06,8,4,1
TXN-50655,CUST-10987,2024-03-02,North America,Mid-Market,ERP Connect,12,1710.67,6,2,1
TXN-50656,CUST-11195,2024-09-20,North America,Mid-Market,Cybersecurity Core,24,1364.7,5,3,0
TXN-50657,CUST-10921,2025-06-12,Europe,Enterprise,Cloud Analytics Suite,12,3973.28,5,1,1
TXN-50658,CUST-10703,2024-08-23,Latin America,Enterprise,Cybersecurity Core,12,5331.78,5,2,0
TXN-50659,CUST-10617,2025-02-01,Asia Pacific,Enterprise,Customer 360,12,3821.83,9,3,1
TXN-50660,CUST-10057,2025-07-16,Europe,Small Business,Customer 360,12,620.36,8,2,1
TXN-50661,CUST-10582,2025-08-08,Asia Pacific,Mid-Market,Cloud Analytics Suite,12,1386.46,2,3,0
TXN-50662,CUST-11077,2024-08-21,North America,Mid-Market,Customer 360,12,1272.61,5,4,0
TXN-50663,CUST-11192,2025-09-21,Europe,Small Business,Cybersecurity Core,12,519.79,2,1,0
TXN-50664,CUST-11060,2024-11-26,Europe,Mid-Market,Cloud Analytics Suite,24,1416.23,4,1,0
TXN-50665,CUST-10793,2025-02-05,Asia Pacific,Mid-Market,Cybersecurity Core,24,1781.44,8,3,0
TXN-50666,CUST-10570,2025-12-26,North America,Small Business,ERP Connect,12,649.28,6,0,1
TXN-50667,CUST-10375,2024-09-08,Asia Pacific,Mid-Market,ERP Connect,12,1303.79,4,3,0
TXN-50668,CUST-10845,2025-08-17,Latin America,Mid-Market,Customer 360,12,1818.85,8,7,0
TXN-50669,CUST-10728,2025-09-06,Latin America,Mid-Market,Cloud Analytics Suite,24,1827.73,6,0,0
TXN-50670,CUST-10938,2025-08-08,Europe,Mid-Market,Cybersecurity Core,24,1511.93,6,2,1
TXN-50671,CUST-10519,2024-12-26,North America,Mid-Market,ERP Connect,36,1694.76,3,3,0
TXN-50672,CUST-10083,2025-05-25,North America,Mid-Market,ERP Connect,12,1112.74,5,5,0
TXN-50673,CUST-10600,2025-04-22,Europe,Mid-Market,ERP Connect,12,2077.04,6,4,1
TXN-50674,CUST-11100,2025-04-23,Europe,Mid-Market,ERP Connect,24,1711.47,7,5,0
TXN-50675,CUST-10783,2025-09-27,North America,Small Business,Cloud Analytics Suite,36,781.94,3,6,1
TXN-50676,CUST-11092,2025-04-19,Europe,Mid-Market,Cybersecurity Core,12,2031.45,2,5,1
TXN-50677,CUST-11065,2025-10-13,Asia Pacific,Mid-Market,Customer 360,12,1889.04,10,3,0
TXN-50678,CUST-10245,2025-10-16,Asia Pacific,Small Business,Cybersecurity Core,36,574.72,6,4,0
TXN-50679,CUST-10874,2025-02-22,North America,Mid-Market,ERP Connect,12,1409.55,5,7,1
TXN-50680,CUST-11164,2025-02-03,Latin America,Mid-Market,ERP Connect,36,1631.02,6,5,1
TXN-50681,CUST-10704,2025-08-15,Europe,Small Business,Cloud Analytics Suite,12,783.8,10,3,0
TXN-50682,CUST-11080,2024-12-23,North America,Small Business,Customer 360,24,452.79,3,3,1
TXN-50683,CUST-10433,2025-01-07,Europe,Mid-Market,ERP Connect,12,1829.31,7,4,0
TXN-50684,CUST-10159,2024-02-16,North America,Small Business,Cybersecurity Core,24,646.58,4,4,0
TXN-50685,CUST-11050,2024-02-02,Europe,Mid-Market,Cybersecurity Core,24,1860.23,1,2,1
TXN-50686,CUST-10998,2025-02-14,Europe,Mid-Market,Cybersecurity Core,24,1299.49,7,2,0
TXN-50687,CUST-10274,2024-05-24,North America,Enterprise,ERP Connect,24,5429.57,8,1,1
TXN-50688,CUST-10539,2024-09-22,Asia Pacific,Mid-Market,Customer 360,12,2051.62,7,0,0
TXN-50689,CUST-10665,2025-12-20,Europe,Small Business,Cybersecurity Core,36,524.52,4,6,1
TXN-50690,CUST-11199,2025-03-19,Europe,Mid-Market,ERP Connect,36,883.71,3,4,0
TXN-50691,CUST-10287,2024-08-04,Europe,Mid-Market,ERP Connect,36,1916.99,8,1,0
TXN-50692,CUST-11002,2025-06-20,Latin America,Mid-Market,Cybersecurity Core,12,1606.0,2,2,0
TXN-50693,CUST-10906,2024-11-08,North America,Enterprise,Customer 360,12,4188.41,7,5,1
TXN-50694,CUST-10278,2025-01-19,North America,Mid-Market,ERP Connect,24,1545.51,10,3,0
TXN-50695,CUST-10522,2025-01-15,Europe,Small Business,Cybersecurity Core,12,752.63,5,4,1
TXN-50696,CUST-10483,2024-06-06,Latin America,Small Business,Cloud Analytics Suite,36,651.15,7,6,0
TXN-50697,CUST-10066,2025-10-02,Latin America,Enterprise,Customer 360,24,5410.34,4,1,1
TXN-50698,CUST-10528,2024-04-18,North America,Mid-Market,Cloud Analytics Suite,12,1475.84,7,2,0
TXN-50699,CUST-11114,2024-11-27,Asia Pacific,Mid-Market,Cybersecurity Core,12,2311.0,2,4,1
TXN-50700,CUST-10184,2025-01-25,North America,Small Business,Customer 360,36,552.79,7,3,0
TXN-50701,CUST-10245,2025-11-07,Asia Pacific,Enterprise,Cybersecurity Core,12,2781.72,8,4,0
TXN-50702,CUST-10024,2024-10-12,Europe,Enterprise,Customer 360,12,4989.45,4,4,0
TXN-50703,CUST-11066,2025-03-13,Europe,Small Business,Cloud Analytics Suite,12,663.92,1,3,0
TXN-50704,CUST-10966,2025-07-16,North America,Mid-Market,ERP Connect,12,1522.52,1,0,1
TXN-50705,CUST-10722,2024-05-04,Europe,Mid-Market,Customer 360,12,2316.39,5,0,1
TXN-50706,CUST-10309,2025-01-13,Europe,Small Business,Cybersecurity Core,12,633.42,8,2,1
TXN-50707,CUST-10413,2024-06-05,North America,Small Business,Cloud Analytics Suite,24,693.73,6,4,1
TXN-50708,CUST-10303,2025-02-21,North America,Enterprise,Customer 360,12,4273.16,5,1,0
TXN-50709,CUST-10376,2024-01-01,Europe,Mid-Market,Cybersecurity Core,12,1663.27,5,1,0
TXN-50710,CUST-10497,2024-07-06,Europe,Enterprise,Cloud Analytics Suite,12,3002.64,7,4,1
TXN-50711,CUST-11130,2025-07-15,Asia Pacific,Small Business,ERP Connect,12,564.96,5,3,0
TXN-50712,CUST-10015,2025-06-16,Europe,Mid-Market,Customer 360,12,1418.68,7,4,0
TXN-50713,CUST-10011,2024-02-17,Europe,Small Business,ERP Connect,12,539.97,7,1,0
TXN-50714,CUST-10208,2025-12-02,North America,Enterprise,Cloud Analytics Suite,24,2358.9,5,3,0
TXN-50715,CUST-10824,2025-09-07,Latin America,Enterprise,Cybersecurity Core,12,5103.04,4,1,0
TXN-50716,CUST-10303,2024-02-18,Europe,Enterprise,Customer 360,12,4030.29,1,4,0
TXN-50717,CUST-11089,2024-11-12,North America,Mid-Market,Customer 360,24,1958.06,7,2,0
TXN-50718,CUST-10800,2025-01-10,Europe,Small Business,Cloud Analytics Suite,24,495.84,2,1,1
TXN-50719,CUST-10738,2025-06-24,North America,Mid-Market,Cybersecurity Core,12,1723.11,1,2,0
TXN-50720,CUST-11132,2025-09-04,Europe,Enterprise,Customer 360,24,3788.18,9,1,1
TXN-50721,CUST-10806,2025-07-11,Asia Pacific,Enterprise,ERP Connect,24,4926.76,8,4,1
TXN-50722,CUST-11050,2025-03-05,Latin America,Small Business,Cybersecurity Core,12,402.6,6,5,0
TXN-50723,CUST-10974,2025-03-24,North America,Small Business,Cybersecurity Core,12,531.37,9,0,0
TXN-50724,CUST-10343,2025-10-15,Europe,Mid-Market,Customer 360,24,1695.79,8,5,0
TXN-50725,CUST-10745,2025-10-13,Latin America,Small Business,ERP Connect,24,459.74,7,2,1
TXN-50726,CUST-10043,2024-07-20,North America,Small Business,Cloud Analytics Suite,24,837.67,7,2,0
TXN-50727,CUST-10336,2024-03-14,North America,Small Business,Customer 360,24,619.31,6,2,0
TXN-50728,CUST-10724,2025-12-17,North America,Small Business,Customer 360,24,764.67,8,3,1
TXN-50729,CUST-10009,2025-09-11,Europe,Enterprise,Cybersecurity Core,36,4627.84,4,3,1
TXN-50730,CUST-10299,2024-03-12,Asia Pacific,Mid-Market,Cybersecurity Core,24,1544.03,5,2,0
TXN-50731,CUST-10274,2025-09-07,Europe,Mid-Market,Cloud Analytics Suite,24,1618.23,5,5,1
TXN-50732,CUST-10331,2024-09-27,North America,Enterprise,ERP Connect,24,4738.88,4,1,0
TXN-50733,CUST-10886,2024-08-19,Asia Pacific,Mid-Market,ERP Connect,36,1814.81,4,5,1
TXN-50734,CUST-10326,2024-12-18,Europe,Mid-Market,ERP Connect,12,1475.02,9,0,0
TXN-50735,CUST-10915,2025-04-06,Europe,Mid-Market,Customer 360,24,1725.88,1,2,1
TXN-50736,CUST-10315,2024-04-18,Latin America,Mid-Market,ERP Connect,12,2071.25,10,3,1
TXN-50737,CUST-11080,2025-04-15,North America,Small Business,Customer 360,12,513.87,5,2,0
TXN-50738,CUST-10607,2024-04-14,Asia Pacific,Small Business,Cybersecurity Core,12,776.14,6,5,0
TXN-50739,CUST-10399,2024-02-07,North America,Small Business,Customer 360,36,596.37,8,5,0
TXN-50740,CUST-10968,2024-08-07,Latin America,Enterprise,ERP Connect,24,2613.82,3,5,0
TXN-50741,CUST-10396,2025-10-11,North America,Mid-Market,Cybersecurity Core,24,1723.24,7,1,0
TXN-50742,CUST-10343,2025-02-27,Europe,Mid-Market,Cybersecurity Core,24,1489.3,4,2,1
TXN-50743,CUST-10283,2024-03-12,Asia Pacific,Small Business,Cloud Analytics Suite,24,770.52,7,1,1
TXN-50744,CUST-10244,2025-05-17,Latin America,Mid-Market,ERP Connect,24,1440.04,9,1,1
TXN-50745,CUST-10864,2024-07-16,Europe,Mid-Market,ERP Connect,24,2589.7,7,7,0
TXN-50746,CUST-10556,2024-10-19,Europe,Enterprise,Customer 360,12,3362.51,4,2,0
TXN-50747,CUST-11070,2025-08-06,North America,Small Business,Customer 360,12,716.16,7,4,0
TXN-50748,CUST-10961,2024-12-22,Asia Pacific,Enterprise,ERP Connect,24,5088.62,6,3,0
TXN-50749,CUST-10934,2024-03-17,Latin America,Mid-Market,ERP Connect,12,1971.7,5,0,0
TXN-50750,CUST-10041,2024-09-06,Europe,Small Business,Cloud Analytics Suite,36,439.19,5,2,0
TXN-50751,CUST-11106,2025-06-24,Asia Pacific,Small Business,ERP Connect,24,541.72,7,1,0
TXN-50752,CUST-10037,2025-02-13,Europe,Small Business,Cybersecurity Core,12,636.09,7,0,0
TXN-50753,CUST-10793,2024-08-11,North America,Small Business,Cloud Analytics Suite,24,692.11,8,2,1
TXN-50754,CUST-10301,2025-02-19,North America,Enterprise,Customer 360,24,4210.64,6,1,1
TXN-50755,CUST-10182,2024-07-07,Europe,Enterprise,ERP Connect,12,6186.85,4,6,1
TXN-50756,CUST-10739,2025-01-18,Europe,Mid-Market,ERP Connect,36,2286.73,7,1,0
TXN-50757,CUST-10275,2025-04-23,Asia Pacific,Enterprise,Customer 360,12,6389.47,5,5,1
TXN-50758,CUST-11121,2024-11-25,Europe,Mid-Market,Cybersecurity Core,24,1537.66,6,2,1
TXN-50759,CUST-10077,2024-06-24,North America,Mid-Market,Customer 360,24,1495.26,2,1,1
TXN-50760,CUST-10362,2025-04-14,North America,Small Business,Customer 360,24,435.82,3,2,0
TXN-50761,CUST-10439,2024-05-06,North America,Mid-Market,Cloud Analytics Suite,12,1692.68,9,6,0
TXN-50762,CUST-10051,2024-02-08,Europe,Mid-Market,Customer 360,12,1912.14,8,5,0
TXN-50763,CUST-10024,2025-12-17,Europe,Enterprise,Cloud Analytics Suite,12,4312.68,6,5,1
TXN-50764,CUST-10134,2025-05-11,Asia Pacific,Mid-Market,ERP Connect,24,1778.0,3,2,0
TXN-50765,CUST-10755,2025-11-16,Asia Pacific,Small Business,ERP Connect,12,608.34,7,3,0
TXN-50766,CUST-10230,2024-05-24,Asia Pacific,Mid-Market,Customer 360,36,1519.54,7,5,0
TXN-50767,CUST-10775,2024-06-13,North America,Mid-Market,Cloud Analytics Suite,24,1675.87,7,3,0
TXN-50768,CUST-10427,2024-09-02,Asia Pacific,Mid-Market,Cloud Analytics Suite,12,1305.2,6,3,0
TXN-50769,CUST-10992,2024-01-13,Latin America,Small Business,Cybersecurity Core,36,501.57,1,3,0
TXN-50770,CUST-10650,2024-10-21,Asia Pacific,Enterprise,ERP Connect,36,4360.23,8,4,0
TXN-50771,CUST-10501,2024-06-11,Europe,Mid-Market,ERP Connect,12,1621.48,7,5,1
TXN-50772,CUST-11022,2024-02-19,Europe,Mid-Market,ERP Connect,24,1370.83,4,4,0
TXN-50773,CUST-10350,2024-01-23,Latin America,Mid-Market,Customer 360,12,1854.86,9,3,0
TXN-50774,CUST-10844,2024-02-14,Europe,Mid-Market,Cybersecurity Core,12,1967.43,5,3,1
TXN-50775,CUST-11157,2025-08-14,Asia Pacific,Mid-Market,Cybersecurity Core,12,1142.37,7,3,0
TXN-50776,CUST-10286,2025-08-19,Europe,Mid-Market,ERP Connect,12,1736.58,5,3,0
TXN-50777,CUST-10487,2024-03-14,North America,Mid-Market,Cybersecurity Core,24,2367.08,5,5,0
TXN-50778,CUST-10193,2024-05-21,Europe,Small Business,Customer 360,12,649.0,6,1,0
TXN-50779,CUST-10699,2024-09-24,Europe,Enterprise,ERP Connect,24,5325.0,7,1,0
TXN-50780,CUST-10999,2024-07-20,Europe,Mid-Market,Cloud Analytics Suite,36,1260.51,7,3,1
TXN-50781,CUST-10620,2024-07-06,North America,Mid-Market,Customer 360,24,2382.85,7,1,0
TXN-50782,CUST-10930,2024-07-26,Europe,Mid-Market,Cloud Analytics Suite,12,2249.77,8,6,0
TXN-50783,CUST-10938,2024-06-18,North America,Small Business,Cybersecurity Core,24,506.49,8,4,0
TXN-50784,CUST-10086,2024-05-14,North America,Small Business,Cybersecurity Core,24,403.72,5,0,0
TXN-50785,CUST-11096,2024-10-17,North America,Mid-Market,ERP Connect,12,1703.11,6,6,0
TXN-50786,CUST-10155,2025-08-10,Europe,Small Business,Cloud Analytics Suite,12,724.29,4,0,0
TXN-50787,CUST-10203,2024-11-17,Europe,Mid-Market,Cybersecurity Core,12,2069.35,8,4,0
TXN-50788,CUST-10835,2024-10-17,North America,Small Business,ERP Connect,12,692.82,8,1,1
TXN-50789,CUST-11096,2024-12-27,Asia Pacific,Mid-Market,Cloud Analytics Suite,24,2138.59,6,6,0
TXN-50790,CUST-11012,2024-04-17,Asia Pacific,Enterprise,Customer 360,24,3218.25,5,2,1
TXN-50791,CUST-10467,2025-03-23,North America,Mid-Market,ERP Connect,36,2488.18,8,1,0
TXN-50792,CUST-10474,2024-06-22,Asia Pacific,Mid-Market,ERP Connect,24,1818.1,5,0,1
TXN-50793,CUST-10428,2025-11-24,Latin America,Mid-Market,ERP Connect,12,1675.87,9,4,0
TXN-50794,CUST-10045,2025-07-06,Asia Pacific,Mid-Market,ERP Connect,12,1794.71,7,2,0
TXN-50795,CUST-10579,2025-10-18,Europe,Mid-Market,Cloud Analytics Suite,12,1893.66,1,2,1
TXN-50796,CUST-10704,2025-02-25,Latin America,Mid-Market,Cybersecurity Core,12,2184.55,8,4,1
TXN-50797,CUST-10077,2025-05-16,North America,Mid-Market,Customer 360,12,1351.9,5,2,0
TXN-50798,CUST-10243,2025-03-25,Latin America,Mid-Market,ERP Connect,24,1572.39,6,3,0
TXN-50799,CUST-10836,2025-10-10,North America,Mid-Market,Cybersecurity Core,24,1981.36,7,4,0
TXN-50800,CUST-10016,2024-04-07,Asia Pacific,Mid-Market,Cloud Analytics Suite,12,1342.46,2,2,0
TXN-50801,CUST-10774,2025-08-17,Europe,Small Business,Customer 360,12,695.88,5,4,1
TXN-50802,CUST-10255,2024-01-07,Latin America,Enterprise,Cybersecurity Core,36,4692.99,8,4,0
TXN-50803,CUST-10829,2025-02-25,North America,Mid-Market,ERP Connect,12,1738.08,7,2,0
TXN-50804,CUST-10567,2024-12-27,North America,Mid-Market,Customer 360,24,1973.93,5,2,0
TXN-50805,CUST-10551,2024-04-19,Europe,Small Business,ERP Connect,12,582.69,8,3,0
TXN-50806,CUST-10012,2025-10-20,North America,Small Business,Cybersecurity Core,24,627.43,1,3,0
TXN-50807,CUST-10463,2024-05-09,North America,Mid-Market,Cloud Analytics Suite,12,1578.68,6,0,1
TXN-50808,CUST-11127,2025-04-13,Asia Pacific,Mid-Market,Customer 360,24,1159.24,6,4,1
TXN-50809,CUST-10425,2024-10-22,Europe,Mid-Market,Cloud Analytics Suite,36,2183.1,7,2,1
TXN-50810,CUST-10156,2025-10-21,Asia Pacific,Mid-Market,Cloud Analytics Suite,24,1424.07,7,1,0
TXN-50811,CUST-11093,2024-03-22,Europe,Small Business,ERP Connect,36,670.8,2,4,0
TXN-50812,CUST-10932,2025-06-25,Asia Pacific,Mid-Market,ERP Connect,12,2146.9,7,2,0
TXN-50813,CUST-11192,2024-07-14,Latin America,Small Business,Cloud Analytics Suite,36,715.75,4,2,0
TXN-50814,CUST-10435,2024-05-11,North America,Mid-Market,Customer 360,36,1548.19,8,3,0
TXN-50815,CUST-10743,2025-09-18,Europe,Mid-Market,Cloud Analytics Suite,24,1658.61,3,4,0
TXN-50816,CUST-10498,2025-04-13,North America,Mid-Market,Customer 360,12,1862.62,7,3,0
TXN-50817,CUST-10498,2025-10-13,Europe,Mid-Market,Cybersecurity Core,24,1577.46,6,1,1
TXN-50818,CUST-10157,2025-05-05,Europe,Small Business,Customer 360,24,551.07,5,5,0
TXN-50819,CUST-10956,2025-02-18,North America,Enterprise,Cybersecurity Core,24,4219.9,5,3,1
TXN-50820,CUST-10030,2025-10-04,North America,Small Business,Cloud Analytics Suite,12,509.26,1,4,0
TXN-50821,CUST-10415,2024-11-11,North America,Enterprise,Cloud Analytics Suite,12,3747.26,5,2,0
TXN-50822,CUST-10347,2025-10-18,North America,Mid-Market,Customer 360,12,2382.14,7,4,0
TXN-50823,CUST-10694,2024-05-12,Asia Pacific,Enterprise,Cloud Analytics Suite,36,3806.62,4,6,0
TXN-50824,CUST-10249,2024-09-07,North America,Enterprise,Customer 360,12,3087.12,8,1,1
TXN-50825,CUST-11006,2024-10-11,Asia Pacific,Mid-Market,ERP Connect,24,1963.77,6,2,1
TXN-50826,CUST-11110,2024-07-18,Asia Pacific,Mid-Market,Cloud Analytics Suite,12,1976.37,5,3,0
TXN-50827,CUST-10990,2024-03-13,Europe,Enterprise,ERP Connect,12,4196.83,7,3,1
TXN-50828,CUST-10683,2024-08-01,North America,Enterprise,Cybersecurity Core,24,4721.35,8,6,0
TXN-50829,CUST-10351,2024-01-06,Europe,Small Business,ERP Connect,24,582.93,6,2,1
TXN-50830,CUST-10124,2024-11-12,Asia Pacific,Enterprise,Cybersecurity Core,12,4285.84,4,6,0
TXN-50831,CUST-10685,2024-03-24,Europe,Mid-Market,Cybersecurity Core,12,1620.18,9,5,1
TXN-50832,CUST-10007,2024-11-10,North America,Enterprise,Customer 360,12,4800.74,5,3,1
TXN-50833,CUST-10962,2024-05-11,Europe,Mid-Market,Cloud Analytics Suite,24,1969.19,6,4,0
TXN-50834,CUST-10381,2024-10-24,Europe,Mid-Market,Customer 360,12,1949.49,5,3,1
TXN-50835,CUST-10009,2025-09-12,Asia Pacific,Enterprise,Customer 360,12,4976.25,8,0,0
TXN-50836,CUST-10021,2025-07-15,Asia Pacific,Small Business,Customer 360,24,460.97,8,3,0
TXN-50837,CUST-11133,2025-01-24,Asia Pacific,Small Business,Customer 360,12,382.12,7,1,0
TXN-50838,CUST-10502,2024-04-21,North America,Mid-Market,Cybersecurity Core,24,1912.63,7,0,0
TXN-50839,CUST-10245,2024-08-01,North America,Mid-Market,ERP Connect,12,1823.67,7,3,1
TXN-50840,CUST-10987,2025-09-16,North America,Small Business,ERP Connect,24,614.44,7,3,0
TXN-50841,CUST-10309,2025-08-03,North America,Small Business,Cybersecurity Core,12,369.81,8,1,1
TXN-50842,CUST-10305,2024-03-15,North America,Mid-Market,Customer 360,12,2416.25,9,4,0
TXN-50843,CUST-10868,2024-05-27,Europe,Small Business,Cybersecurity Core,24,522.53,1,4,1
TXN-50844,CUST-10045,2024-12-27,Asia Pacific,Mid-Market,ERP Connect,36,1856.48,5,2,0
TXN-50845,CUST-10950,2025-07-16,North America,Mid-Market,Customer 360,24,2122.17,4,2,1
TXN-50846,CUST-10758,2025-02-18,North America,Mid-Market,ERP Connect,12,2086.77,2,4,1
TXN-50847,CUST-10563,2025-04-14,Asia Pacific,Mid-Market,Cloud Analytics Suite,12,1524.2,4,4,1
TXN-50848,CUST-10031,2025-09-18,North America,Small Business,ERP Connect,12,652.49,2,2,0
TXN-50849,CUST-11058,2024-09-02,Europe,Mid-Market,Cloud Analytics Suite,24,1529.8,8,1,0
TXN-50850,CUST-11057,2025-10-08,Europe,Enterprise,Cloud Analytics Suite,24,3824.39,7,2,0
TXN-50851,CUST-10331,2024-03-27,North America,Small Business,Customer 360,12,661.73,3,4,0
TXN-50852,CUST-10455,2024-01-21,North America,Enterprise,ERP Connect,36,4980.33,8,3,0
TXN-50853,CUST-10240,2024-12-20,Latin America,Small Business,Cybersecurity Core,12,779.15,6,1,1
TXN-50854,CUST-10081,2025-06-23,North America,Mid-Market,Cloud Analytics Suite,12,1318.92,7,4,0
TXN-50855,CUST-10755,2024-10-05,North America,Small Business,ERP Connect,12,470.95,6,3,0
TXN-50856,CUST-10230,2024-10-12,Europe,Mid-Market,Customer 360,12,1743.74,8,2,0
TXN-50857,CUST-10258,2024-04-05,Asia Pacific,Mid-Market,Cybersecurity Core,12,1840.95,7,1,0
TXN-50858,CUST-10726,2025-08-24,North America,Small Business,Cloud Analytics Suite,24,692.88,8,3,0
TXN-50859,CUST-10898,2025-04-20,Asia Pacific,Mid-Market,ERP Connect,12,1797.31,8,2,0
TXN-50860,CUST-10269,2024-10-16,Europe,Mid-Market,Cloud Analytics Suite,12,1876.3,5,1,1
TXN-50861,CUST-10645,2025-06-13,Asia Pacific,Enterprise,ERP Connect,12,3871.6,8,2,0
TXN-50862,CUST-10507,2025-05-16,North America,Mid-Market,ERP Connect,24,1369.46,6,4,1
TXN-50863,CUST-10682,2025-06-01,Europe,Mid-Market,Cloud Analytics Suite,12,1898.81,3,5,1
TXN-50864,CUST-11000,2024-10-04,Europe,Mid-Market,ERP Connect,24,1677.21,7,2,0
TXN-50865,CUST-10527,2025-08-13,North America,Enterprise,Cloud Analytics Suite,12,5419.77,5,3,1
TXN-50866,CUST-11057,2025-09-16,North America,Enterprise,Cybersecurity Core,36,6819.35,7,3,0
TXN-50867,CUST-10132,2025-08-15,Latin America,Mid-Market,Cloud Analytics Suite,24,1862.82,7,4,1
TXN-50868,CUST-11172,2025-09-18,Europe,Mid-Market,Cybersecurity Core,12,2172.35,4,5,0
TXN-50869,CUST-10051,2025-08-21,North America,Mid-Market,Cybersecurity Core,12,1180.04,8,4,0
TXN-50870,CUST-10149,2024-02-27,North America,Mid-Market,Customer 360,24,1550.76,7,2,1
TXN-50871,CUST-10268,2024-06-24,Asia Pacific,Mid-Market,ERP Connect,12,1632.7,1,3,0
TXN-50872,CUST-10422,2025-02-08,North America,Enterprise,Cybersecurity Core,24,5290.79,2,4,1
TXN-50873,CUST-10758,2025-10-15,North America,Mid-Market,Cybersecurity Core,12,1595.18,7,5,0
TXN-50874,CUST-11126,2024-05-09,North America,Mid-Market,Customer 360,12,1559.36,6,3,1
TXN-50875,CUST-10910,2024-11-01,North America,Mid-Market,Customer 360,24,1297.67,8,5,1
TXN-50876,CUST-10184,2024-11-25,Latin America,Enterprise,Cybersecurity Core,12,4678.12,5,2,0
TXN-50877,CUST-10357,2025-09-23,North America,Small Business,ERP Connect,12,484.1,7,1,0
TXN-50878,CUST-11052,2025-07-01,Europe,Small Business,ERP Connect,36,416.94,10,3,0
TXN-50879,CUST-11121,2024-05-04,North America,Enterprise,Customer 360,24,6724.12,6,2,0
TXN-50880,CUST-10595,2025-05-19,Europe,Mid-Market,ERP Connect,12,1888.14,4,2,0
TXN-50881,CUST-10259,2024-08-17,North America,Small Business,Cloud Analytics Suite,24,753.02,5,2,0
TXN-50882,CUST-10532,2025-07-22,North America,Enterprise,Customer 360,36,5885.59,7,3,0
TXN-50883,CUST-10362,2024-10-05,Europe,Enterprise,ERP Connect,12,4115.15,7,6,1
TXN-50884,CUST-10883,2025-03-07,Europe,Small Business,Customer 360,12,725.7,2,4,0
TXN-50885,CUST-10826,2025-03-27,Europe,Small Business,ERP Connect,12,721.09,7,4,0
TXN-50886,CUST-10284,2025-11-04,Asia Pacific,Small Business,Cybersecurity Core,36,541.71,6,3,0
TXN-50887,CUST-10111,2025-10-18,Asia Pacific,Small Business,Cloud Analytics Suite,12,523.99,4,2,0
TXN-50888,CUST-11005,2025-09-16,Asia Pacific,Small Business,ERP Connect,24,576.21,3,0,0
TXN-50889,CUST-10574,2025-08-25,North America,Small Business,ERP Connect,36,616.29,9,7,0
TXN-50890,CUST-10256,2024-12-27,North America,Small Business,Cloud Analytics Suite,24,601.96,8,5,1
TXN-50891,CUST-10896,2024-09-23,Asia Pacific,Mid-Market,Cybersecurity Core,36,1828.12,6,1,1
TXN-50892,CUST-10160,2025-04-11,North America,Mid-Market,Cybersecurity Core,24,1194.1,6,2,0
TXN-50893,CUST-10535,2024-11-05,Europe,Mid-Market,Cloud Analytics Suite,12,2202.84,7,4,0
TXN-50894,CUST-10303,2024-08-15,Europe,Enterprise,ERP Connect,36,4804.04,4,2,0
TXN-50895,CUST-10310,2025-06-12,North America,Mid-Market,Cloud Analytics Suite,24,1928.85,7,4,0
TXN-50896,CUST-10287,2025-03-04,North America,Mid-Market,Cybersecurity Core,36,1617.72,4,4,0
TXN-50897,CUST-10388,2024-12-16,North America,Small Business,ERP Connect,36,719.47,9,3,0
TXN-50898,CUST-10215,2024-09-23,North America,Small Business,Cloud Analytics Suite,24,562.29,8,2,0
TXN-50899,CUST-10071,2025-07-05,North America,Mid-Market,Cybersecurity Core,12,2132.14,7,1,0
TXN-50900,CUST-10906,2024-10-02,North America,Small Business,Cloud Analytics Suite,12,603.64,2,4,1
TXN-50901,CUST-10606,2024-10-02,Latin America,Small Business,Cybersecurity Core,24,635.88,4,2,1
TXN-50902,CUST-10397,2024-12-15,North America,Small Business,Customer 360,36,593.57,2,4,1
TXN-50903,CUST-10154,2024-03-14,North America,Mid-Market,Customer 360,36,1951.2,7,2,0
TXN-50904,CUST-10554,2025-10-22,North America,Small Business,Cloud Analytics Suite,12,634.75,6,5,1
TXN-50905,CUST-10452,2024-07-19,North America,Enterprise,ERP Connect,36,3775.42,6,4,0
TXN-50906,CUST-10776,2025-03-01,Europe,Small Business,Customer 360,24,828.86,1,3,0
TXN-50907,CUST-10148,2025-01-04,Europe,Mid-Market,Cloud Analytics Suite,12,1564.25,4,3,1
TXN-50908,CUST-10222,2024-04-07,North America,Enterprise,Cybersecurity Core,36,3921.02,8,3,1
TXN-50909,CUST-10262,2025-11-05,Asia Pacific,Enterprise,Cybersecurity Core,12,5368.21,8,6,0
TXN-50910,CUST-11106,2025-03-09,Europe,Mid-Market,Cybersecurity Core,24,1407.83,8,2,0
TXN-50911,CUST-10644,2024-09-06,Europe,Mid-Market,Cybersecurity Core,12,1533.14,6,1,1
TXN-50912,CUST-11158,2025-06-05,North America,Mid-Market,ERP Connect,12,1880.51,8,4,0
TXN-50913,CUST-10997,2024-01-08,North America,Enterprise,ERP Connect,12,2677.0,10,2,0
TXN-50914,CUST-10382,2024-10-06,North America,Small Business,ERP Connect,24,752.37,9,2,0
TXN-50915,CUST-10688,2025-08-01,North America,Small Business,Customer 360,12,570.47,8,1,0
TXN-50916,CUST-11028,2025-01-25,Asia Pacific,Enterprise,ERP Connect,36,5160.8,4,4,1
TXN-50917,CUST-11061,2024-12-25,North America,Enterprise,Cybersecurity Core,12,5336.41,5,3,0
TXN-50918,CUST-10114,2025-09-09,North America,Enterprise,Cloud Analytics Suite,12,5945.0,6,1,0
TXN-50919,CUST-10515,2024-07-12,Asia Pacific,Mid-Market,Cloud Analytics Suite,12,2310.06,4,7,0
TXN-50920,CUST-10728,2024-05-20,Latin America,Mid-Market,Cybersecurity Core,12,1668.38,2,3,1
TXN-50921,CUST-10958,2025-09-22,North America,Mid-Market,Cloud Analytics Suite,24,2391.32,7,6,0
TXN-50922,CUST-10098,2025-11-16,Asia Pacific,Mid-Market,Cloud Analytics Suite,36,1197.28,8,2,0
TXN-50923,CUST-10413,2024-06-14,North America,Mid-Market,ERP Connect,36,1725.28,8,3,0
TXN-50924,CUST-10125,2025-04-19,Europe,Enterprise,ERP Connect,12,5303.51,8,2,0
TXN-50925,CUST-10639,2024-02-07,Asia Pacific,Mid-Market,Cloud Analytics Suite,24,1768.75,10,3,1
TXN-50926,CUST-11042,2025-07-11,North America,Mid-Market,Cloud Analytics Suite,24,1869.7,3,0,1
TXN-50927,CUST-10096,2024-04-20,North America,Mid-Market,Cybersecurity Core,24,1599.24,4,3,0
TXN-50928,CUST-11150,2024-09-26,North America,Mid-Market,Cybersecurity Core,24,1317.22,8,1,0
TXN-50929,CUST-10883,2025-01-01,Asia Pacific,Mid-Market,Customer 360,12,1480.53,7,1,0
TXN-50930,CUST-10539,2025-01-03,Asia Pacific,Mid-Market,Cloud Analytics Suite,24,1862.22,8,3,0
TXN-50931,CUST-11142,2024-12-04,Europe,Mid-Market,Customer 360,12,1967.77,4,2,1
TXN-50932,CUST-11149,2025-01-23,Latin America,Enterprise,ERP Connect,12,4908.08,7,5,0
TXN-50933,CUST-11017,2025-05-02,Asia Pacific,Mid-Market,ERP Connect,12,2068.12,8,4,1
TXN-50934,CUST-10971,2025-02-04,Europe,Small Business,Cloud Analytics Suite,24,630.7,8,0,0
TXN-50935,CUST-10846,2024-11-05,Europe,Mid-Market,Cybersecurity Core,12,1385.74,3,2,1
TXN-50936,CUST-11146,2024-03-22,Latin America,Small Business,Cybersecurity Core,12,393.6,5,3,0
TXN-50937,CUST-10960,2024-08-23,North America,Mid-Market,Customer 360,12,2187.88,8,2,0
TXN-50938,CUST-10738,2025-12-11,Asia Pacific,Mid-Market,Cybersecurity Core,24,1577.93,3,2,0
TXN-50939,CUST-11002,2024-11-21,North America,Mid-Market,Cloud Analytics Suite,24,1403.58,5,5,0
TXN-50940,CUST-10702,2025-07-21,Asia Pacific,Mid-Market,Cloud Analytics Suite,12,1917.46,8,3,0
TXN-50941,CUST-10686,2024-08-13,North America,Mid-Market,Cloud Analytics Suite,24,2128.14,2,1,0
TXN-50942,CUST-10595,2024-04-15,Asia Pacific,Mid-Market,Cybersecurity Core,36,1545.13,3,5,1
TXN-50943,CUST-10025,2025-05-17,Europe,Mid-Market,Cloud Analytics Suite,24,1504.25,5,5,0
TXN-50944,CUST-10654,2024-12-20,North America,Mid-Market,ERP Connect,24,1181.19,1,2,0
TXN-50945,CUST-10242,2025-10-18,North America,Enterprise,Customer 360,24,5442.26,7,2,1
TXN-50946,CUST-11080,2025-06-20,North America,Mid-Market,Customer 360,24,1185.75,6,4,0
TXN-50947,CUST-11050,2025-06-09,North America,Enterprise,Customer 360,24,4897.74,7,8,1
TXN-50948,CUST-11173,2024-08-07,Latin America,Mid-Market,Cybersecurity Core,12,2036.48,4,1,1
TXN-50949,CUST-10404,2025-02-13,Asia Pacific,Mid-Market,Cybersecurity Core,12,1129.8,3,1,0
TXN-50950,CUST-11183,2025-02-19,North America,Enterprise,Cloud Analytics Suite,12,3617.15,7,0,0
TXN-50951,CUST-10450,2024-05-02,Europe,Mid-Market,Customer 360,24,1522.51,9,2,0
TXN-50952,CUST-10127,2024-01-04,Europe,Mid-Market,Customer 360,12,1503.34,8,4,1
TXN-50953,CUST-11055,2025-12-19,Europe,Small Business,ERP Connect,12,721.75,7,5,0
TXN-50954,CUST-10786,2025-06-15,Europe,Mid-Market,Customer 360,12,2014.44,7,1,0
TXN-50955,CUST-11165,2024-09-05,Europe,Mid-Market,Cloud Analytics Suite,12,1581.14,3,2,1
TXN-50956,CUST-10515,2025-09-19,North America,Enterprise,ERP Connect,36,4911.79,7,2,0
TXN-50957,CUST-10961,2025-08-14,Asia Pacific,Small Business,Cloud Analytics Suite,24,652.05,7,3,1
TXN-50958,CUST-10966,2024-05-21,North America,Mid-Market,ERP Connect,24,1963.08,7,5,0
TXN-50959,CUST-10123,2024-02-18,North America,Small Business,Customer 360,36,659.3,5,3,1
TXN-50960,CUST-10757,2024-02-02,Asia Pacific,Mid-Market,ERP Connect,12,2042.33,3,3,0
TXN-50961,CUST-11072,2024-10-24,North America,Mid-Market,ERP Connect,12,1909.83,9,5,0
TXN-50962,CUST-10214,2025-07-05,Europe,Small Business,ERP Connect,12,409.4,7,1,1
TXN-50963,CUST-10563,2025-10-23,Europe,Mid-Market,Cybersecurity Core,24,2059.93,4,4,0
TXN-50964,CUST-10620,2024-04-15,North America,Mid-Market,Customer 360,12,2025.35,6,2,0
TXN-50965,CUST-10178,2025-06-15,Europe,Mid-Market,Cloud Analytics Suite,12,1884.26,6,4,1
TXN-50966,CUST-10426,2024-11-14,North America,Mid-Market,Cybersecurity Core,12,1809.04,6,3,0
TXN-50967,CUST-10026,2025-09-15,Asia Pacific,Mid-Market,Cybersecurity Core,36,2006.94,6,4,0
TXN-50968,CUST-10027,2025-01-03,Latin America,Enterprise,ERP Connect,12,4717.4,8,4,1
TXN-50969,CUST-10206,2024-11-19,North America,Mid-Market,ERP Connect,12,1763.74,1,10,0
TXN-50970,CUST-10618,2025-08-17,North America,Mid-Market,ERP Connect,24,1963.58,4,2,1
TXN-50971,CUST-10088,2024-06-25,Asia Pacific,Small Business,Customer 360,12,627.6,7,2,1
TXN-50972,CUST-10459,2025-12-17,North America,Small Business,ERP Connect,12,663.19,7,2,1
TXN-50973,CUST-10250,2025-05-18,North America,Enterprise,Cloud Analytics Suite,36,5298.75,5,1,1
TXN-50974,CUST-10403,2024-02-19,North America,Enterprise,Cybersecurity Core,24,5756.54,3,1,1
TXN-50975,CUST-11043,2025-03-10,North America,Mid-Market,Cybersecurity Core,12,2103.59,9,1,0
TXN-50976,CUST-10013,2024-11-25,Europe,Enterprise,ERP Connect,36,6913.89,7,3,0
TXN-50977,CUST-10745,2025-10-18,Latin America,Small Business,Customer 360,24,520.74,7,5,0
TXN-50978,CUST-10106,2024-03-16,Europe,Mid-Market,ERP Connect,12,1588.79,5,2,1
TXN-50979,CUST-10145,2025-10-14,Europe,Small Business,ERP Connect,24,509.86,10,3,0
TXN-50980,CUST-11049,2024-06-16,Latin America,Mid-Market,ERP Connect,24,1835.65,4,0,0
TXN-50981,CUST-10190,2025-02-02,North America,Small Business,Cloud Analytics Suite,12,537.31,7,6,0
TXN-50982,CUST-10361,2024-12-22,Europe,Mid-Market,ERP Connect,12,1777.59,7,1,0
TXN-50983,CUST-10901,2024-03-13,Europe,Enterprise,Cybersecurity Core,36,3344.14,8,3,0
TXN-50984,CUST-10579,2024-08-01,Europe,Small Business,Cloud Analytics Suite,24,706.54,5,3,0
TXN-50985,CUST-10137,2025-02-15,Europe,Mid-Market,Customer 360,24,2303.45,7,4,1
TXN-50986,CUST-11169,2024-08-07,North America,Small Business,Cloud Analytics Suite,24,650.69,6,3,0
TXN-50987,CUST-11164,2025-03-04,North America,Mid-Market,Cybersecurity Core,24,1374.43,6,2,0
TXN-50988,CUST-10171,2025-10-26,North America,Mid-Market,Cybersecurity Core,12,2605.63,4,4,0
TXN-50989,CUST-11129,2025-06-22,Europe,Mid-Market,ERP Connect,24,1006.37,7,4,0
TXN-50990,CUST-11177,2024-04-06,Latin America,Mid-Market,Cybersecurity Core,12,1573.8,7,5,1
TXN-50991,CUST-10768,2025-10-06,Europe,Enterprise,ERP Connect,24,4319.79,8,3,1
TXN-50992,CUST-10241,2024-04-24,Europe,Mid-Market,ERP Connect,36,2081.61,4,2,1
TXN-50993,CUST-10553,2025-02-12,North America,Mid-Market,Cybersecurity Core,24,2175.34,3,3,1
TXN-50994,CUST-10734,2025-08-08,Latin America,Mid-Market,Cybersecurity Core,12,2179.76,7,2,0
TXN-50995,CUST-10746,2024-08-02,North America,Enterprise,Customer 360,24,5349.64,1,2,1
TXN-50996,CUST-10184,2025-12-13,North America,Enterprise,ERP Connect,12,4340.38,5,3,0
TXN-50997,CUST-10796,2025-03-23,North America,Mid-Market,Cloud Analytics Suite,24,1869.65,4,5,0
TXN-50998,CUST-10205,2025-02-11,North America,Enterprise,Cloud Analytics Suite,12,4057.86,7,4,0
TXN-50999,CUST-10317,2024-07-25,Europe,Mid-Market,Customer 360,24,2120.06,3,1,0
TXN-51000,CUST-10044,2025-08-22,Asia Pacific,Mid-Market,Cybersecurity Core,12,1238.34,7,1,1
TXN-51001,CUST-10300,2024-08-12,North America,Mid-Market,Cloud Analytics Suite,12,2562.24,8,5,1
TXN-51002,CUST-10194,2025-05-07,Europe,Mid-Market,Cloud Analytics Suite,12,2137.83,4,2,0
TXN-51003,CUST-10095,2025-07-26,North America,Mid-Market,Cloud Analytics Suite,12,1801.43,5,2,0
TXN-51004,CUST-10513,2024-11-13,North America,Mid-Market,Customer 360,12,1619.18,8,4,0
TXN-51005,CUST-10443,2025-12-04,North America,Mid-Market,Cloud Analytics Suite,24,1972.53,5,6,0
TXN-51006,CUST-10832,2024-11-05,North America,Mid-Market,ERP Connect,24,1697.29,9,4,0
TXN-51007,CUST-10985,2025-08-25,Europe,Mid-Market,Cloud Analytics Suite,12,2079.33,8,5,1
TXN-51008,CUST-10974,2025-08-24,North America,Mid-Market,Cybersecurity Core,12,1734.54,5,3,1
TXN-51009,CUST-10870,2024-02-07,North America,Mid-Market,Cybersecurity Core,24,922.51,7,0,1
TXN-51010,CUST-10671,2025-11-13,Europe,Mid-Market,Customer 360,36,1625.24,8,4,0
TXN-51011,CUST-10414,2025-03-16,North America,Mid-Market,Customer 360,24,1400.59,4,4,0
TXN-51012,CUST-10683,2025-08-21,North America,Mid-Market,ERP Connect,12,2203.86,3,3,0
TXN-51013,CUST-10910,2025-03-27,Asia Pacific,Enterprise,ERP Connect,24,4323.07,1,5,1
TXN-51014,CUST-10097,2025-09-10,Latin America,Small Business,Customer 360,12,422.74,3,6,0
TXN-51015,CUST-10884,2025-02-19,Europe,Mid-Market,Cybersecurity Core,12,1616.3,5,1,1
TXN-51016,CUST-10256,2024-05-13,Europe,Small Business,Customer 360,24,734.22,3,3,0
TXN-51017,CUST-11179,2025-10-16,Europe,Enterprise,Cloud Analytics Suite,24,4648.3,5,4,0
TXN-51018,CUST-10502,2024-09-16,Latin America,Mid-Market,ERP Connect,24,1489.16,10,6,0
TXN-51019,CUST-10022,2024-06-01,Latin America,Small Business,Customer 360,36,623.93,8,3,1
TXN-51020,CUST-10999,2024-12-12,North America,Small Business,ERP Connect,12,557.42,7,3,1
TXN-51021,CUST-10288,2025-08-08,North America,Mid-Market,Customer 360,12,1430.9,3,4,0
TXN-51022,CUST-10751,2024-04-02,Asia Pacific,Mid-Market,Cloud Analytics Suite,12,1946.91,7,6,0
TXN-51023,CUST-11083,2025-04-24,Europe,Small Business,Customer 360,12,491.6,7,3,0
TXN-51024,CUST-10028,2025-05-14,Asia Pacific,Mid-Market,ERP Connect,12,1533.18,7,4,0
TXN-51025,CUST-10390,2025-02-19,Latin America,Small Business,Cybersecurity Core,36,696.93,7,3,0
TXN-51026,CUST-10294,2024-05-15,Europe,Small Business,ERP Connect,12,735.49,6,4,0
TXN-51027,CUST-10654,2025-09-01,Latin America,Small Business,Cloud Analytics Suite,12,594.99,7,6,0
TXN-51028,CUST-10058,2024-03-03,North America,Mid-Market,ERP Connect,36,1381.91,6,3,1
TXN-51029,CUST-10592,2024-07-10,Asia Pacific,Enterprise,Customer 360,12,4180.61,6,3,0
TXN-51030,CUST-10165,2025-01-19,Latin America,Mid-Market,Customer 360,12,2086.62,7,2,0
TXN-51031,CUST-11190,2024-12-07,Asia Pacific,Small Business,Cloud Analytics Suite,12,384.56,10,2,0
TXN-51032,CUST-10524,2025-07-01,Europe,Small Business,ERP Connect,24,770.29,8,2,0
TXN-51033,CUST-10496,2025-02-02,Asia Pacific,Enterprise,Cloud Analytics Suite,24,2745.37,2,5,1
TXN-51034,CUST-10801,2025-03-09,Asia Pacific,Enterprise,Cybersecurity Core,12,2999.42,8,3,0
TXN-51035,CUST-10399,2024-12-21,North America,Small Business,Customer 360,12,774.32,7,1,1
TXN-51036,CUST-10575,2025-11-25,North America,Mid-Market,ERP Connect,12,1787.25,5,3,0
TXN-51037,CUST-10415,2024-10-08,Europe,Small Business,Customer 360,36,536.75,10,1,0
TXN-51038,CUST-10623,2025-04-27,Europe,Enterprise,ERP Connect,24,4149.59,7,1,1
TXN-51039,CUST-10786,2025-11-13,North America,Mid-Market,Customer 360,24,1325.94,4,2,0
TXN-51040,CUST-10085,2024-10-22,Europe,Mid-Market,Cybersecurity Core,36,1558.6,6,5,1
TXN-51041,CUST-10111,2025-02-15,Europe,Enterprise,Cybersecurity Core,12,4363.74,6,5,1
TXN-51042,CUST-10427,2024-01-27,North America,Mid-Market,Customer 360,24,956.71,9,0,0
TXN-51043,CUST-10949,2024-02-10,North America,Enterprise,Cloud Analytics Suite,12,4769.7,7,4,1
TXN-51044,CUST-10485,2024-11-05,North America,Enterprise,Cloud Analytics Suite,12,3456.05,7,4,0
TXN-51045,CUST-10273,2025-01-09,Latin America,Enterprise,Customer 360,12,5042.04,4,3,0
TXN-51046,CUST-10786,2024-05-18,Europe,Mid-Market,Cybersecurity Core,24,2238.3,10,3,0
TXN-51047,CUST-10219,2024-10-19,Asia Pacific,Mid-Market,ERP Connect,36,1585.03,8,2,1
TXN-51048,CUST-10215,2025-05-03,North America,Small Business,ERP Connect,36,523.92,3,1,1
TXN-51049,CUST-10009,2024-10-01,North America,Small Business,Cybersecurity Core,12,556.8,7,5,0
TXN-51050,CUST-10764,2025-10-23,Asia Pacific,Mid-Market,Cloud Analytics Suite,24,2008.67,6,3,0
TXN-51051,CUST-10541,2024-11-14,North America,Enterprise,ERP Connect,12,4587.96,2,2,0
TXN-51052,CUST-11129,2024-05-15,North America,Mid-Market,Cybersecurity Core,12,1564.08,4,1,1
TXN-51053,CUST-10135,2024-02-24,North America,Mid-Market,Cloud Analytics Suite,24,1870.19,4,8,0
TXN-51054,CUST-10448,2025-10-12,North America,Mid-Market,Customer 360,36,1590.67,5,4,0
TXN-51055,CUST-10741,2024-12-13,Asia Pacific,Mid-Market,Cloud Analytics Suite,12,2176.62,1,3,1
TXN-51056,CUST-10897,2024-12-21,Europe,Small Business,Customer 360,12,752.96,1,2,1
TXN-51057,CUST-10279,2024-05-15,Europe,Mid-Market,ERP Connect,24,1481.43,2,2,1
TXN-51058,CUST-11123,2024-06-16,Europe,Small Business,Cybersecurity Core,12,596.13,8,2,0
TXN-51059,CUST-10605,2024-05-15,North America,Mid-Market,Customer 360,36,1258.28,7,3,0
TXN-51060,CUST-10473,2025-05-02,Europe,Small Business,ERP Connect,36,457.7,8,4,1
TXN-51061,CUST-10754,2025-04-23,North America,Mid-Market,ERP Connect,36,1683.09,1,1,1
TXN-51062,CUST-10549,2025-01-27,Asia Pacific,Small Business,ERP Connect,12,754.58,1,7,0
TXN-51063,CUST-10089,2025-06-23,Europe,Small Business,ERP Connect,12,609.73,7,3,1
TXN-51064,CUST-10510,2024-11-06,Asia Pacific,Mid-Market,Customer 360,12,2383.77,1,1,0
TXN-51065,CUST-10002,2024-11-05,North America,Enterprise,Cloud Analytics Suite,24,3807.31,6,8,0
TXN-51066,CUST-10961,2024-07-10,North America,Small Business,Cybersecurity Core,36,609.1,3,5,1
TXN-51067,CUST-10280,2024-08-23,Europe,Small Business,Cybersecurity Core,12,387.71,8,4,1
TXN-51068,CUST-10239,2024-12-07,Europe,Small Business,Customer 360,12,640.19,5,1,0
TXN-51069,CUST-10000,2025-02-02,North America,Enterprise,ERP Connect,24,4199.69,7,3,1
TXN-51070,CUST-10599,2024-10-01,Europe,Mid-Market,Cloud Analytics Suite,24,2086.62,1,1,0
TXN-51071,CUST-11090,2024-12-09,Europe,Small Business,ERP Connect,12,509.19,3,5,0
TXN-51072,CUST-10559,2024-02-21,Europe,Small Business,ERP Connect,24,741.27,10,3,1
TXN-51073,CUST-10632,2024-08-01,Asia Pacific,Small Business,Cybersecurity Core,24,820.1,10,3,1
TXN-51074,CUST-10739,2024-05-18,North America,Enterprise,Cybersecurity Core,12,4926.85,8,2,0
TXN-51075,CUST-10203,2024-12-21,Asia Pacific,Small Business,ERP Connect,24,700.09,7,3,0
TXN-51076,CUST-10671,2025-07-05,Asia Pacific,Small Business,Customer 360,12,537.09,2,3,0
TXN-51077,CUST-10343,2024-12-07,Europe,Small Business,Cloud Analytics Suite,24,722.24,5,1,0
TXN-51078,CUST-10108,2025-09-07,Europe,Small Business,Cloud Analytics Suite,36,685.67,5,3,0
TXN-51079,CUST-10027,2025-07-09,Europe,Mid-Market,ERP Connect,24,1346.21,7,4,0
TXN-51080,CUST-10526,2024-03-11,Europe,Enterprise,Cloud Analytics Suite,12,3282.61,6,3,1
TXN-51081,CUST-10241,2025-01-21,North America,Small Business,ERP Connect,12,591.19,3,5,0
TXN-51082,CUST-10064,2025-02-09,Europe,Small Business,ERP Connect,24,806.65,7,0,0
TXN-51083,CUST-10326,2025-03-02,Asia Pacific,Small Business,Customer 360,12,419.66,5,5,0
TXN-51084,CUST-10300,2024-11-09,Latin America,Small Business,ERP Connect,12,619.14,5,0,0
TXN-51085,CUST-11120,2024-09-26,North America,Enterprise,Cloud Analytics Suite,36,5404.04,7,1,0
TXN-51086,CUST-10483,2024-09-17,North America,Mid-Market,ERP Connect,12,2150.01,9,1,0
TXN-51087,CUST-11034,2025-04-03,North America,Enterprise,Customer 360,12,3493.87,3,7,1
TXN-51088,CUST-11115,2024-07-14,Asia Pacific,Mid-Market,Customer 360,12,1935.27,8,4,0
TXN-51089,CUST-10645,2024-12-10,North America,Mid-Market,Customer 360,24,1456.1,7,2,0
TXN-51090,CUST-11161,2024-07-09,Europe,Mid-Market,Customer 360,12,1451.27,8,3,0
TXN-51091,CUST-10600,2024-11-18,Europe,Enterprise,Customer 360,36,2439.98,7,2,1
TXN-51092,CUST-10273,2025-02-27,Europe,Enterprise,ERP Connect,24,4414.21,8,5,0
TXN-51093,CUST-10916,2025-07-06,Europe,Enterprise,Customer 360,12,3993.34,4,1,0
TXN-51094,CUST-10669,2024-08-16,Europe,Small Business,Customer 360,12,750.06,4,1,0
TXN-51095,CUST-10701,2024-09-06,North America,Mid-Market,Cloud Analytics Suite,12,1780.96,8,3,0
TXN-51096,CUST-10859,2025-05-16,Europe,Mid-Market,Cloud Analytics Suite,24,1588.92,6,7,0
TXN-51097,CUST-11006,2025-10-10,North America,Mid-Market,Customer 360,12,1506.39,8,6,0
TXN-51098,CUST-10928,2025-04-01,Europe,Mid-Market,ERP Connect,12,1700.33,7,2,0
TXN-51099,CUST-10294,2024-08-02,Europe,Enterprise,Cybersecurity Core,24,4821.87,3,2,0
TXN-51100,CUST-10690,2025-05-01,North America,Mid-Market,Customer 360,24,1581.84,3,4,0
TXN-51101,CUST-10192,2024-10-02,North America,Mid-Market,ERP Connect,12,1460.6,2,1,0
TXN-51102,CUST-10301,2025-03-18,Europe,Enterprise,ERP Connect,12,5529.74,2,4,0
TXN-51103,CUST-11183,2024-09-13,Latin America,Mid-Market,Cloud Analytics Suite,24,1231.82,1,2,1
TXN-51104,CUST-10783,2024-10-25,Asia Pacific,Mid-Market,Customer 360,36,1219.71,6,2,1
TXN-51105,CUST-10918,2024-05-14,North America,Mid-Market,Cybersecurity Core,12,2401.74,6,4,1
TXN-51106,CUST-10712,2025-06-13,Europe,Mid-Market,Cybersecurity Core,36,1974.43,7,5,1
TXN-51107,CUST-11161,2024-10-23,Europe,Mid-Market,Cloud Analytics Suite,12,2161.86,5,4,1
TXN-51108,CUST-10030,2025-11-19,Latin America,Small Business,Cloud Analytics Suite,24,421.67,1,2,0
TXN-51109,CUST-10854,2025-04-26,North America,Mid-Market,ERP Connect,36,1932.19,5,5,0
TXN-51110,CUST-10311,2025-03-24,Europe,Small Business,Cloud Analytics Suite,24,733.66,8,4,1
TXN-51111,CUST-10272,2025-03-22,Europe,Enterprise,Cloud Analytics Suite,24,1980.03,8,6,1
TXN-51112,CUST-10516,2025-02-17,Europe,Mid-Market,Cloud Analytics Suite,36,1621.02,5,1,1
TXN-51113,CUST-10582,2025-12-24,North America,Small Business,ERP Connect,12,443.49,6,4,0
TXN-51114,CUST-10096,2025-08-12,Asia Pacific,Enterprise,Customer 360,12,4491.35,2,2,1
TXN-51115,CUST-10351,2024-11-23,North America,Enterprise,Cybersecurity Core,12,5135.08,7,2,0
TXN-51116,CUST-10167,2025-04-25,North America,Mid-Market,Cloud Analytics Suite,24,1907.93,7,2,0
TXN-51117,CUST-10245,2025-12-16,Latin America,Small Business,Customer 360,12,401.32,7,0,1
TXN-51118,CUST-11098,2025-01-16,North America,Mid-Market,Cybersecurity Core,12,1876.05,9,3,1
TXN-51119,CUST-10238,2024-05-06,Asia Pacific,Small Business,Cloud Analytics Suite,12,671.16,6,3,0
TXN-51120,CUST-10535,2024-03-05,North America,Enterprise,Cybersecurity Core,24,4563.26,8,2,0
TXN-51121,CUST-11184,2025-07-22,Europe,Mid-Market,Cloud Analytics Suite,36,918.78,8,5,1
TXN-51122,CUST-11044,2024-06-03,Europe,Mid-Market,Customer 360,24,2312.8,8,5,0
TXN-51123,CUST-10203,2025-03-27,Asia Pacific,Mid-Market,ERP Connect,12,1717.36,7,1,1
TXN-51124,CUST-10213,2025-06-20,Europe,Enterprise,Cloud Analytics Suite,24,5249.67,7,3,0
TXN-51125,CUST-10704,2024-01-09,North America,Mid-Market,Customer 360,12,1991.32,9,5,1
TXN-51126,CUST-10490,2024-04-19,Latin America,Mid-Market,ERP Connect,12,2288.73,7,2,0
TXN-51127,CUST-10251,2024-08-05,North America,Small Business,Customer 360,12,706.38,1,3,1
TXN-51128,CUST-10273,2025-09-05,Asia Pacific,Small Business,Cloud Analytics Suite,24,560.22,9,1,0
TXN-51129,CUST-10552,2024-08-18,Europe,Mid-Market,Customer 360,12,1828.93,9,2,0
TXN-51130,CUST-10055,2024-09-03,North America,Enterprise,Cybersecurity Core,12,4281.6,5,2,0
TXN-51131,CUST-10025,2025-02-22,Asia Pacific,Enterprise,Cloud Analytics Suite,12,6822.26,6,3,0
TXN-51132,CUST-10571,2024-07-07,Europe,Small Business,Cybersecurity Core,12,766.78,1,3,0
TXN-51133,CUST-11184,2025-02-12,North America,Mid-Market,Customer 360,36,2502.62,9,4,0
TXN-51134,CUST-10238,2024-05-22,Asia Pacific,Mid-Market,ERP Connect,24,1741.25,2,5,1
TXN-51135,CUST-10364,2024-04-04,Europe,Mid-Market,Cloud Analytics Suite,12,1595.44,3,4,1
TXN-51136,CUST-10550,2025-09-17,North America,Small Business,ERP Connect,12,708.02,7,2,0
TXN-51137,CUST-11089,2024-09-25,North America,Enterprise,Cybersecurity Core,12,3807.76,7,2,1
TXN-51138,CUST-11181,2024-03-03,Europe,Mid-Market,ERP Connect,24,1928.4,6,2,0
TXN-51139,CUST-11023,2024-12-09,North America,Small Business,Cybersecurity Core,24,868.44,6,2,0
TXN-51140,CUST-10846,2025-03-10,Latin America,Mid-Market,Customer 360,12,1653.79,8,4,1
TXN-51141,CUST-10332,2025-01-11,Europe,Mid-Market,Cloud Analytics Suite,36,1459.09,6,4,0
TXN-51142,CUST-10179,2025-04-05,North America,Mid-Market,ERP Connect,12,1942.35,7,3,0
TXN-51143,CUST-10393,2024-06-15,Latin America,Mid-Market,Cloud Analytics Suite,12,1833.73,7,1,1
TXN-51144,CUST-10138,2025-01-21,Asia Pacific,Mid-Market,Cybersecurity Core,24,1651.71,3,3,0
TXN-51145,CUST-10829,2024-11-25,Europe,Small Business,Customer 360,12,480.67,8,5,0
TXN-51146,CUST-10399,2024-10-17,Europe,Small Business,Cloud Analytics Suite,24,621.02,9,3,1
TXN-51147,CUST-10131,2024-06-07,Asia Pacific,Enterprise,Cloud Analytics Suite,12,3854.98,6,3,0
TXN-51148,CUST-10101,2024-12-23,North America,Small Business,ERP Connect,12,463.53,9,3,0
TXN-51149,CUST-11191,2024-10-06,North America,Enterprise,Customer 360,12,4959.58,7,3,0
TXN-51150,CUST-10501,2024-02-15,Europe,Small Business,Customer 360,36,422.68,7,5,0
TXN-51151,CUST-10325,2025-03-05,North America,Small Business,Customer 360,12,619.83,7,2,0
TXN-51152,CUST-10232,2024-08-10,Asia Pacific,Small Business,ERP Connect,24,620.36,4,3,0
TXN-51153,CUST-11198,2024-10-07,North America,Enterprise,Cybersecurity Core,24,4933.77,6,4,0
TXN-51154,CUST-10142,2025-02-16,North America,Mid-Market,ERP Connect,12,1665.0,3,1,1
TXN-51155,CUST-10145,2025-01-17,Asia Pacific,Mid-Market,Cybersecurity Core,24,1815.74,9,2,0
TXN-51156,CUST-10066,2025-11-24,Asia Pacific,Enterprise,Cloud Analytics Suite,12,4546.08,7,3,0
TXN-51157,CUST-10265,2025-04-08,Europe,Mid-Market,Cloud Analytics Suite,12,1357.79,6,1,0
TXN-51158,CUST-10704,2025-12-10,North America,Small Business,Cloud Analytics Suite,24,693.57,7,2,0
TXN-51159,CUST-10437,2024-06-02,North America,Small Business,Cybersecurity Core,24,632.55,9,2,0
TXN-51160,CUST-10105,2024-01-15,North America,Mid-Market,Cybersecurity Core,12,1794.61,4,4,1
TXN-51161,CUST-10056,2024-07-25,North America,Mid-Market,Cybersecurity Core,24,2513.77,8,3,1
TXN-51162,CUST-10267,2024-04-21,Europe,Enterprise,Customer 360,12,3972.29,10,2,0
TXN-51163,CUST-10411,2025-05-07,North America,Mid-Market,Customer 360,24,2116.36,2,3,0
TXN-51164,CUST-10631,2024-03-15,Europe,Mid-Market,Cloud Analytics Suite,24,2554.08,5,4,1
TXN-51165,CUST-11088,2025-10-04,Asia Pacific,Mid-Market,Cloud Analytics Suite,36,1749.67,9,4,1
TXN-51166,CUST-10408,2025-12-27,Latin America,Small Business,Cybersecurity Core,36,720.7,4,2,0
TXN-51167,CUST-10657,2025-11-02,Latin America,Mid-Market,Cloud Analytics Suite,24,1867.53,8,3,1
TXN-51168,CUST-10909,2025-02-24,Asia Pacific,Mid-Market,Cybersecurity Core,12,1660.86,7,3,1
TXN-51169,CUST-10455,2024-10-04,Asia Pacific,Mid-Market,Cloud Analytics Suite,12,1545.14,10,7,0
TXN-51170,CUST-10945,2024-03-05,Europe,Small Business,Customer 360,12,713.96,8,1,0
TXN-51171,CUST-11012,2024-01-15,Europe,Enterprise,Customer 360,24,4747.02,3,3,1
TXN-51172,CUST-10626,2024-04-12,Asia Pacific,Small Business,ERP Connect,12,544.78,8,2,1
TXN-51173,CUST-10860,2024-10-19,North America,Mid-Market,Cloud Analytics Suite,12,1764.68,6,4,0
TXN-51174,CUST-10243,2024-11-06,Europe,Enterprise,Cloud Analytics Suite,24,3531.37,8,0,1
TXN-51175,CUST-10671,2024-08-18,Europe,Mid-Market,ERP Connect,12,1455.49,4,4,1
TXN-51176,CUST-10053,2025-09-15,Europe,Mid-Market,ERP Connect,24,2055.49,3,2,0
TXN-51177,CUST-10301,2024-11-09,Europe,Mid-Market,Customer 360,12,1775.96,8,3,0
TXN-51178,CUST-10070,2025-10-04,Europe,Small Business,ERP Connect,12,451.78,5,4,0
TXN-51179,CUST-11134,2024-09-08,Europe,Mid-Market,Cloud Analytics Suite,12,1666.84,8,2,0
TXN-51180,CUST-10578,2025-04-22,Latin America,Enterprise,Customer 360,24,3992.46,1,1,0
TXN-51181,CUST-11034,2025-07-09,Europe,Small Business,Customer 360,12,558.79,5,1,0
TXN-51182,CUST-10130,2024-08-02,Latin America,Mid-Market,Cybersecurity Core,36,1436.6,7,5,1
TXN-51183,CUST-10990,2024-01-10,North America,Small Business,Cloud Analytics Suite,12,603.84,4,2,1
TXN-51184,CUST-10261,2025-03-16,Europe,Mid-Market,Cybersecurity Core,24,2072.55,7,5,0
TXN-51185,CUST-10845,2024-04-13,North America,Mid-Market,Customer 360,24,1179.39,2,2,1
TXN-51186,CUST-10832,2025-11-10,North America,Mid-Market,ERP Connect,24,1796.2,9,5,0
TXN-51187,CUST-10960,2024-08-13,North America,Mid-Market,Cybersecurity Core,12,2137.02,6,2,1
TXN-51188,CUST-10299,2025-06-14,North America,Small Business,ERP Connect,36,416.93,7,3,1
TXN-51189,CUST-11163,2024-04-17,North America,Small Business,Customer 360,36,666.25,3,0,1
TXN-51190,CUST-10870,2024-05-05,North America,Enterprise,Cloud Analytics Suite,12,2100.4,3,2,0
TXN-51191,CUST-11148,2025-08-18,Asia Pacific,Mid-Market,ERP Connect,36,1725.39,1,1,1
TXN-51192,CUST-10671,2025-05-13,North America,Mid-Market,ERP Connect,12,2074.02,3,4,0
TXN-51193,CUST-10690,2024-11-12,North America,Mid-Market,ERP Connect,12,2041.88,5,1,0
TXN-51194,CUST-10857,2025-06-06,North America,Mid-Market,Cloud Analytics Suite,36,2195.24,7,3,1
TXN-51195,CUST-10741,2024-02-26,Europe,Mid-Market,Cybersecurity Core,12,1082.02,3,1,1
TXN-51196,CUST-10309,2024-11-22,North America,Enterprise,Customer 360,12,5777.86,7,3,0
TXN-51197,CUST-11121,2024-07-17,Europe,Mid-Market,Cybersecurity Core,24,1897.38,7,4,0
TXN-51198,CUST-10956,2025-12-10,Europe,Mid-Market,ERP Connect,12,2059.92,6,1,0
TXN-51199,CUST-10425,2024-11-22,North America,Mid-Market,ERP Connect,36,1463.63,8,5,1
TXN-51200,CUST-11069,2024-03-18,Europe,Mid-Market,Cybersecurity Core,12,1905.11,8,4,0
TXN-51201,CUST-10689,2025-01-02,Asia Pacific,Small Business,ERP Connect,12,603.22,4,2,0
TXN-51202,CUST-10207,2024-08-01,Latin America,Mid-Market,Cybersecurity Core,12,2289.38,9,4,0
TXN-51203,CUST-11024,2024-07-12,Asia Pacific,Mid-Market,Cloud Analytics Suite,36,1308.16,5,6,0
TXN-51204,CUST-10693,2025-05-01,North America,Enterprise,Customer 360,36,4001.28,2,2,1
TXN-51205,CUST-10068,2025-04-03,Asia Pacific,Small Business,Cloud Analytics Suite,12,508.38,7,7,1
TXN-51206,CUST-11167,2025-10-23,Europe,Mid-Market,Cybersecurity Core,24,1680.95,8,0,1
TXN-51207,CUST-10930,2025-08-04,North America,Small Business,Cloud Analytics Suite,12,356.61,5,5,0
TXN-51208,CUST-10743,2024-07-10,Asia Pacific,Mid-Market,Cloud Analytics Suite,12,1958.41,5,2,0
TXN-51209,CUST-10983,2024-09-11,Europe,Small Business,Cybersecurity Core,12,481.48,8,2,0
TXN-51210,CUST-10725,2025-09-14,Latin America,Enterprise,Cybersecurity Core,24,5129.17,6,1,1
TXN-51211,CUST-11091,2024-05-08,Europe,Mid-Market,ERP Connect,12,1196.97,8,3,0
TXN-51212,CUST-11152,2024-05-03,North America,Small Business,Customer 360,12,428.04,7,4,1
TXN-51213,CUST-10905,2024-07-02,Europe,Mid-Market,ERP Connect,12,2588.99,4,5,1
TXN-51214,CUST-10142,2025-08-12,North America,Mid-Market,ERP Connect,12,1744.63,7,2,0
TXN-51215,CUST-10969,2024-01-14,Europe,Enterprise,Customer 360,24,4786.94,9,3,0
TXN-51216,CUST-10737,2025-02-15,North America,Mid-Market,ERP Connect,24,1448.49,7,3,0
TXN-51217,CUST-10508,2025-05-10,Europe,Small Business,Cybersecurity Core,12,717.04,5,2,1
TXN-51218,CUST-10720,2025-05-19,North America,Enterprise,Cybersecurity Core,12,3429.94,7,5,1
TXN-51219,CUST-10615,2025-08-15,Asia Pacific,Small Business,Cybersecurity Core,24,461.74,9,3,0
TXN-51220,CUST-10427,2024-04-10,Asia Pacific,Mid-Market,Cybersecurity Core,12,1659.85,1,3,1
TXN-51221,CUST-10032,2024-03-23,Latin America,Mid-Market,Cybersecurity Core,12,1837.01,7,1,1
TXN-51222,CUST-10313,2024-03-04,North America,Mid-Market,Cloud Analytics Suite,24,1821.16,7,1,0
TXN-51223,CUST-10099,2025-09-02,North America,Small Business,Cloud Analytics Suite,12,362.14,4,0,0
TXN-51224,CUST-10698,2024-08-04,Europe,Small Business,Customer 360,12,407.56,8,2,1
TXN-51225,CUST-10446,2024-06-03,North America,Mid-Market,Cybersecurity Core,24,2095.23,3,0,0
TXN-51226,CUST-10976,2025-05-01,Europe,Mid-Market,Cybersecurity Core,12,1150.0,8,3,1
TXN-51227,CUST-11103,2024-05-02,Europe,Enterprise,Cloud Analytics Suite,12,5400.87,5,3,0
TXN-51228,CUST-10664,2024-12-22,Europe,Enterprise,Customer 360,36,3444.51,1,2,1
TXN-51229,CUST-10611,2025-09-15,Europe,Mid-Market,Cybersecurity Core,24,2269.72,6,4,0
TXN-51230,CUST-10697,2025-03-01,Asia Pacific,Small Business,Cloud Analytics Suite,24,645.54,8,5,0
TXN-51231,CUST-10764,2024-04-10,Europe,Mid-Market,Cloud Analytics Suite,24,1845.05,8,6,1
TXN-51232,CUST-10201,2024-11-10,Asia Pacific,Mid-Market,Customer 360,36,1894.97,9,3,0
TXN-51233,CUST-11175,2024-08-12,North America,Enterprise,ERP Connect,12,4716.97,8,2,1
TXN-51234,CUST-10027,2024-04-20,Europe,Enterprise,Cybersecurity Core,12,4083.63,2,3,0
TXN-51235,CUST-10025,2025-09-17,Europe,Small Business,Customer 360,24,654.62,4,1,0
TXN-51236,CUST-10425,2024-04-11,Europe,Mid-Market,Cloud Analytics Suite,12,973.02,6,2,0
TXN-51237,CUST-10832,2025-06-01,North America,Enterprise,Cloud Analytics Suite,24,4385.05,4,3,0
TXN-51238,CUST-10249,2024-04-05,North America,Enterprise,Cloud Analytics Suite,24,6436.87,7,2,0
TXN-51239,CUST-10168,2025-06-20,North America,Enterprise,Cloud Analytics Suite,24,6107.35,1,4,1
TXN-51240,CUST-10863,2024-12-22,Latin America,Enterprise,Cloud Analytics Suite,12,3589.03,3,3,1
TXN-51241,CUST-10353,2024-06-01,North America,Small Business,Customer 360,12,607.48,6,3,0
TXN-51242,CUST-10301,2025-11-09,North America,Enterprise,Cloud Analytics Suite,36,5128.58,1,5,0
TXN-51243,CUST-10694,2024-06-22,North America,Mid-Market,ERP Connect,36,1965.67,10,6,1
TXN-51244,CUST-10706,2025-12-09,Europe,Enterprise,Cloud Analytics Suite,24,2576.79,6,1,0
TXN-51245,CUST-10153,2024-10-03,Europe,Mid-Market,Cloud Analytics Suite,24,1916.12,6,6,1
TXN-51246,CUST-10828,2025-12-20,North America,Mid-Market,Cloud Analytics Suite,12,1918.74,7,3,0
TXN-51247,CUST-11099,2024-11-03,North America,Mid-Market,Cloud Analytics Suite,12,1902.98,1,5,1
TXN-51248,CUST-10761,2024-12-27,Asia Pacific,Mid-Market,Customer 360,12,1940.93,9,3,0
TXN-51249,CUST-10022,2024-11-11,Europe,Mid-Market,Cybersecurity Core,12,1422.03,8,3,0
TXN-51250,CUST-10906,2024-06-01,Europe,Mid-Market,Cybersecurity Core,24,1677.27,5,1,1
TXN-51251,CUST-10892,2024-11-12,Asia Pacific,Enterprise,Cloud Analytics Suite,24,4067.27,4,4,1
TXN-51252,CUST-10413,2025-06-25,Latin America,Small Business,ERP Connect,12,800.11,8,3,1
TXN-51253,CUST-10507,2024-10-15,Asia Pacific,Mid-Market,Customer 360,24,1513.18,9,2,1
TXN-51254,CUST-11041,2024-03-27,Europe,Small Business,Cloud Analytics Suite,24,588.95,6,3,0
TXN-51255,CUST-11066,2024-01-22,Europe,Mid-Market,ERP Connect,12,1848.15,10,3,0
TXN-51256,CUST-10806,2024-03-23,Asia Pacific,Mid-Market,Cloud Analytics Suite,12,1936.92,8,7,1
TXN-51257,CUST-11177,2025-07-10,Europe,Mid-Market,Cybersecurity Core,24,2352.64,3,4,1
TXN-51258,CUST-10255,2025-11-20,North America,Enterprise,Cloud Analytics Suite,24,3876.99,7,4,0
TXN-51259,CUST-10444,2025-01-22,Asia Pacific,Small Business,Customer 360,24,616.23,1,1,0
TXN-51260,CUST-10084,2025-11-06,Asia Pacific,Mid-Market,Cybersecurity Core,24,1856.91,1,2,1
TXN-51261,CUST-10200,2024-01-17,Europe,Enterprise,ERP Connect,12,3814.6,8,8,1
TXN-51262,CUST-10057,2024-03-07,Europe,Small Business,Cybersecurity Core,12,485.18,3,6,1
TXN-51263,CUST-10150,2024-12-07,North America,Mid-Market,ERP Connect,36,2273.53,6,2,1
TXN-51264,CUST-10924,2025-01-23,Europe,Mid-Market,Cloud Analytics Suite,12,2109.53,9,5,0
TXN-51265,CUST-10508,2024-12-04,North America,Mid-Market,Cybersecurity Core,36,1928.49,4,2,0
TXN-51266,CUST-10151,2025-08-27,Latin America,Enterprise,Customer 360,12,1852.09,5,5,1
TXN-51267,CUST-10793,2025-11-02,North America,Enterprise,ERP Connect,12,3867.74,3,3,1
TXN-51268,CUST-10026,2024-04-21,North America,Small Business,Cybersecurity Core,12,436.82,3,3,0
TXN-51269,CUST-10305,2025-07-03,Latin America,Small Business,Cloud Analytics Suite,36,589.16,6,1,0
TXN-51270,CUST-11004,2024-07-14,North America,Mid-Market,Customer 360,24,2082.1,6,4,0
TXN-51271,CUST-10818,2024-02-15,North America,Small Business,Customer 360,12,498.58,9,2,0
TXN-51272,CUST-10240,2025-06-01,North America,Small Business,Customer 360,24,572.14,5,3,0
TXN-51273,CUST-10061,2025-06-04,North America,Enterprise,Customer 360,12,3805.74,5,5,1
TXN-51274,CUST-11027,2025-10-07,Asia Pacific,Small Business,Cybersecurity Core,24,514.06,5,3,1
TXN-51275,CUST-11163,2025-09-26,North America,Small Business,Cloud Analytics Suite,12,671.31,8,1,0
TXN-51276,CUST-11092,2025-12-09,Europe,Enterprise,Cloud Analytics Suite,12,3672.81,2,2,1
TXN-51277,CUST-10947,2025-09-12,Europe,Enterprise,Cloud Analytics Suite,12,5007.1,10,1,0
TXN-51278,CUST-10559,2024-03-20,Latin America,Enterprise,Customer 360,24,4135.92,7,3,1
TXN-51279,CUST-10029,2024-09-03,Europe,Enterprise,Cloud Analytics Suite,24,5373.06,7,1,0
TXN-51280,CUST-10943,2025-12-11,Europe,Mid-Market,Cybersecurity Core,36,1815.05,4,1,0
TXN-51281,CUST-10367,2025-11-18,North America,Small Business,ERP Connect,12,608.8,1,1,1
TXN-51282,CUST-10255,2025-06-02,Europe,Small Business,Cloud Analytics Suite,12,645.24,4,2,0
TXN-51283,CUST-10882,2025-05-01,North America,Mid-Market,Customer 360,24,1150.41,8,1,0
TXN-51284,CUST-10595,2024-06-06,Europe,Mid-Market,Cloud Analytics Suite,12,1746.02,9,1,0
TXN-51285,CUST-10797,2025-07-17,Europe,Mid-Market,ERP Connect,12,1449.5,7,2,0
TXN-51286,CUST-10217,2024-02-19,Europe,Enterprise,Cybersecurity Core,36,4027.8,6,1,1
TXN-51287,CUST-10050,2024-08-25,North America,Small Business,Customer 360,12,691.34,4,2,0
TXN-51288,CUST-10945,2025-02-25,North America,Enterprise,Customer 360,12,4409.81,5,1,1
TXN-51289,CUST-10478,2025-10-01,Asia Pacific,Enterprise,Cybersecurity Core,12,4305.17,5,2,0
TXN-51290,CUST-10140,2024-02-08,North America,Enterprise,ERP Connect,12,3671.48,3,3,0
TXN-51291,CUST-10013,2024-01-19,Europe,Enterprise,Cybersecurity Core,24,5864.66,6,2,0
TXN-51292,CUST-10783,2024-02-19,Europe,Enterprise,ERP Connect,24,5574.85,4,1,1
TXN-51293,CUST-10898,2025-11-18,Asia Pacific,Enterprise,Cybersecurity Core,24,6861.16,6,3,0
TXN-51294,CUST-10446,2025-08-03,Asia Pacific,Mid-Market,Customer 360,24,2194.72,7,1,0
TXN-51295,CUST-10928,2025-04-22,North America,Enterprise,Cybersecurity Core,12,5009.55,4,4,1
TXN-51296,CUST-10262,2025-01-18,Asia Pacific,Mid-Market,Cybersecurity Core,24,1726.54,4,2,0
TXN-51297,CUST-10720,2025-05-07,Europe,Small Business,Customer 360,24,408.98,2,2,1
TXN-51298,CUST-10518,2024-02-08,Europe,Mid-Market,ERP Connect,12,2105.04,6,1,0
TXN-51299,CUST-10461,2025-12-06,Asia Pacific,Mid-Market,Customer 360,12,1883.2,5,2,0
TXN-51300,CUST-10541,2024-01-22,North America,Mid-Market,Cybersecurity Core,12,2083.39,7,3,0
TXN-51301,CUST-10009,2024-05-10,Asia Pacific,Small Business,Cloud Analytics Suite,12,776.3,6,5,0
TXN-51302,CUST-11104,2024-06-18,Asia Pacific,Small Business,Cybersecurity Core,12,516.35,8,3,1
TXN-51303,CUST-10923,2025-09-27,Asia Pacific,Small Business,Cybersecurity Core,24,439.79,3,3,0
TXN-51304,CUST-10973,2025-10-25,North America,Mid-Market,ERP Connect,12,1785.63,7,4,0
TXN-51305,CUST-10898,2025-03-16,Asia Pacific,Mid-Market,Customer 360,12,1857.48,5,1,1
TXN-51306,CUST-10438,2024-12-05,Latin America,Mid-Market,Customer 360,36,1598.33,10,1,1
TXN-51307,CUST-11121,2024-03-24,Asia Pacific,Mid-Market,Cloud Analytics Suite,24,1483.05,1,1,1
TXN-51308,CUST-10023,2025-01-08,Europe,Mid-Market,Cybersecurity Core,12,1080.53,8,3,1
TXN-51309,CUST-10185,2025-04-27,North America,Mid-Market,Cloud Analytics Suite,12,1726.33,10,3,1
TXN-51310,CUST-11191,2024-04-21,North America,Small Business,ERP Connect,36,750.45,5,3,1
TXN-51311,CUST-10514,2025-08-23,Asia Pacific,Small Business,Cybersecurity Core,12,528.23,10,3,0
TXN-51312,CUST-11083,2025-08-16,North America,Mid-Market,Cybersecurity Core,24,2444.95,6,6,0
TXN-51313,CUST-10808,2025-07-15,North America,Small Business,Cloud Analytics Suite,12,738.64,6,7,1
TXN-51314,CUST-10841,2024-09-05,North America,Small Business,ERP Connect,36,867.7,5,4,0
TXN-51315,CUST-10207,2024-10-21,Europe,Enterprise,Cybersecurity Core,36,4622.58,6,6,1
TXN-51316,CUST-10148,2024-02-04,North America,Mid-Market,ERP Connect,24,2072.42,9,3,0
TXN-51317,CUST-10594,2025-01-15,Asia Pacific,Enterprise,Cloud Analytics Suite,12,4887.5,6,1,1
TXN-51318,CUST-10098,2024-01-04,Asia Pacific,Small Business,ERP Connect,12,699.56,7,4,1
TXN-51319,CUST-10015,2024-01-23,Asia Pacific,Small Business,Cybersecurity Core,12,446.6,7,2,0
TXN-51320,CUST-10830,2025-10-06,Europe,Mid-Market,ERP Connect,12,1786.34,1,3,0
TXN-51321,CUST-10484,2024-05-21,Latin America,Mid-Market,Customer 360,24,2426.22,9,3,0
TXN-51322,CUST-10726,2025-01-19,North America,Mid-Market,Cybersecurity Core,12,2275.88,4,2,0
TXN-51323,CUST-10891,2024-06-06,Asia Pacific,Mid-Market,ERP Connect,24,1783.06,5,2,0
TXN-51324,CUST-10875,2024-05-01,North America,Enterprise,ERP Connect,12,3720.09,6,3,0
TXN-51325,CUST-10495,2024-04-20,Europe,Mid-Market,ERP Connect,12,1925.64,6,3,0
TXN-51326,CUST-10703,2024-06-27,Europe,Mid-Market,Customer 360,24,1446.08,9,1,0
TXN-51327,CUST-10176,2024-01-13,Europe,Small Business,Customer 360,24,478.73,3,3,0
TXN-51328,CUST-10646,2025-10-18,Asia Pacific,Small Business,Cybersecurity Core,12,389.88,8,2,1
TXN-51329,CUST-10164,2024-03-26,Asia Pacific,Small Business,Customer 360,36,533.38,7,1,0
TXN-51330,CUST-10269,2025-11-17,North America,Mid-Market,Customer 360,12,1352.39,6,0,0
TXN-51331,CUST-10840,2024-09-22,North America,Small Business,Customer 360,24,473.58,4,4,0
TXN-51332,CUST-10812,2024-03-10,North America,Enterprise,Cybersecurity Core,24,4792.5,7,5,1
TXN-51333,CUST-10302,2025-03-26,North America,Mid-Market,Customer 360,24,1913.19,1,2,0
TXN-51334,CUST-10594,2024-04-13,North America,Mid-Market,Customer 360,36,1616.38,6,3,1
TXN-51335,CUST-10692,2025-01-10,Latin America,Mid-Market,Cybersecurity Core,36,1584.11,9,3,1
TXN-51336,CUST-11085,2025-04-18,Asia Pacific,Small Business,Cloud Analytics Suite,12,682.94,3,4,1
TXN-51337,CUST-10214,2025-11-06,North America,Small Business,Cybersecurity Core,36,420.99,9,3,1
TXN-51338,CUST-10335,2025-04-09,North America,Mid-Market,ERP Connect,12,1002.63,7,2,1
TXN-51339,CUST-10599,2025-09-14,Asia Pacific,Mid-Market,ERP Connect,36,2134.67,7,1,0
TXN-51340,CUST-10021,2025-06-27,Europe,Small Business,Customer 360,36,681.4,7,4,1
TXN-51341,CUST-11186,2025-12-11,North America,Mid-Market,Customer 360,12,1922.51,6,4,0
TXN-51342,CUST-10937,2025-12-13,North America,Enterprise,Customer 360,24,4644.51,3,3,1
TXN-51343,CUST-10119,2024-04-23,North America,Mid-Market,ERP Connect,12,2002.97,9,2,0
TXN-51344,CUST-11172,2024-01-23,North America,Enterprise,Cloud Analytics Suite,12,5263.05,3,2,1
TXN-51345,CUST-11073,2025-09-24,North America,Mid-Market,Cloud Analytics Suite,12,1812.34,8,2,1
TXN-51346,CUST-10942,2024-01-02,Asia Pacific,Small Business,ERP Connect,24,766.89,7,2,0
TXN-51347,CUST-10364,2025-07-04,Europe,Enterprise,Customer 360,24,3140.38,7,2,1
TXN-51348,CUST-10811,2025-01-07,North America,Mid-Market,Customer 360,24,1683.89,6,1,0
TXN-51349,CUST-10482,2024-07-25,Europe,Enterprise,Customer 360,24,5506.35,8,1,1
TXN-51350,CUST-10734,2024-12-23,North America,Enterprise,Customer 360,36,5144.05,1,8,1
TXN-51351,CUST-10544,2024-10-07,North America,Mid-Market,Cybersecurity Core,12,1658.43,5,4,1
TXN-51352,CUST-10720,2024-11-20,North America,Small Business,Cloud Analytics Suite,12,711.38,9,7,0
TXN-51353,CUST-10021,2025-11-22,Europe,Small Business,Customer 360,24,480.89,7,3,0
TXN-51354,CUST-10078,2025-05-11,Latin America,Small Business,ERP Connect,12,657.66,7,3,0
TXN-51355,CUST-10432,2025-04-01,North America,Enterprise,Cybersecurity Core,24,4914.31,8,7,1
TXN-51356,CUST-10449,2024-08-16,North America,Mid-Market,Cybersecurity Core,12,2069.72,3,4,0
TXN-51357,CUST-10567,2024-02-15,Asia Pacific,Small Business,Cloud Analytics Suite,24,599.74,1,2,1
TXN-51358,CUST-11059,2025-03-16,North America,Mid-Market,Customer 360,12,2398.27,4,0,0
TXN-51359,CUST-10763,2025-04-05,Asia Pacific,Mid-Market,ERP Connect,24,1813.86,8,5,0
TXN-51360,CUST-10617,2025-04-05,Europe,Mid-Market,ERP Connect,12,1389.23,1,3,1
TXN-51361,CUST-11108,2025-01-17,Europe,Mid-Market,Cloud Analytics Suite,24,1724.96,5,5,1
TXN-51362,CUST-10176,2025-09-17,Asia Pacific,Small Business,Cybersecurity Core,24,696.76,8,4,1
TXN-51363,CUST-10366,2025-06-27,North America,Enterprise,Cybersecurity Core,12,5039.34,8,2,0
TXN-51364,CUST-11023,2024-10-04,Europe,Small Business,ERP Connect,12,774.04,4,4,0
TXN-51365,CUST-10795,2024-02-04,Europe,Small Business,Cloud Analytics Suite,12,465.34,4,3,1
TXN-51366,CUST-10969,2025-07-25,Asia Pacific,Enterprise,ERP Connect,12,4009.62,2,5,1
TXN-51367,CUST-11188,2024-02-27,North America,Small Business,Customer 360,24,616.58,5,2,1
TXN-51368,CUST-10348,2025-04-07,North America,Enterprise,Cybersecurity Core,36,5022.6,5,1,0
TXN-51369,CUST-10906,2024-11-08,Europe,Small Business,Cybersecurity Core,36,689.69,6,5,0
TXN-51370,CUST-10787,2024-10-10,Latin America,Small Business,Cybersecurity Core,12,816.51,8,3,1
TXN-51371,CUST-10692,2024-08-21,North America,Enterprise,Cloud Analytics Suite,24,3423.21,1,4,1
TXN-51372,CUST-11015,2025-10-10,Europe,Enterprise,Customer 360,12,5249.35,8,2,1
TXN-51373,CUST-10900,2024-04-25,Europe,Mid-Market,ERP Connect,12,2555.62,5,1,0
TXN-51374,CUST-10857,2024-12-03,Asia Pacific,Mid-Market,Cybersecurity Core,24,1514.73,5,2,0
TXN-51375,CUST-11008,2025-01-11,Asia Pacific,Mid-Market,Cloud Analytics Suite,36,1493.68,8,2,0
TXN-51376,CUST-10264,2025-06-03,Europe,Small Business,Cybersecurity Core,12,673.81,6,1,1
TXN-51377,CUST-10005,2025-01-09,Europe,Small Business,Cloud Analytics Suite,12,726.87,3,0,0
TXN-51378,CUST-10876,2024-12-26,North America,Enterprise,Cybersecurity Core,24,3811.84,2,2,1
TXN-51379,CUST-10622,2025-04-13,Europe,Mid-Market,Cloud Analytics Suite,12,1971.42,6,2,1
TXN-51380,CUST-10178,2024-04-20,Asia Pacific,Small Business,Cybersecurity Core,36,826.12,2,0,1
TXN-51381,CUST-10425,2024-11-20,Europe,Mid-Market,Customer 360,24,1926.48,10,1,1
TXN-51382,CUST-10122,2025-06-06,Europe,Mid-Market,Customer 360,12,1710.03,8,0,1
TXN-51383,CUST-10185,2024-02-02,North America,Mid-Market,Customer 360,12,2290.27,9,2,0
TXN-51384,CUST-10842,2025-09-20,North America,Small Business,Cybersecurity Core,12,516.45,6,3,0
TXN-51385,CUST-11098,2025-03-23,Latin America,Mid-Market,Cloud Analytics Suite,12,1717.51,6,3,0
TXN-51386,CUST-10199,2024-02-11,Europe,Mid-Market,Cybersecurity Core,24,1680.7,9,4,1
TXN-51387,CUST-10997,2024-10-21,Europe,Small Business,ERP Connect,24,719.74,7,3,0
TXN-51388,CUST-10770,2024-05-18,North America,Small Business,Cloud Analytics Suite,12,569.38,8,2,0
TXN-51389,CUST-10935,2025-09-13,North America,Enterprise,Customer 360,12,5860.51,4,4,0
TXN-51390,CUST-10948,2024-01-10,Europe,Small Business,ERP Connect,24,462.66,6,8,1
TXN-51391,CUST-10704,2024-02-17,Europe,Mid-Market,Customer 360,12,1724.59,8,5,0
TXN-51392,CUST-11093,2024-11-24,North America,Enterprise,Cybersecurity Core,36,4519.27,6,2,0
TXN-51393,CUST-10971,2025-12-13,Asia Pacific,Mid-Market,ERP Connect,24,2226.26,6,5,0
TXN-51394,CUST-10213,2024-12-11,North America,Mid-Market,ERP Connect,12,1653.99,5,4,0
TXN-51395,CUST-10356,2025-03-12,North America,Enterprise,Customer 360,24,3781.03,6,1,1
TXN-51396,CUST-10700,2025-05-21,North America,Mid-Market,Cybersecurity Core,12,1302.49,7,5,0
TXN-51397,CUST-10175,2025-10-23,North America,Small Business,Cybersecurity Core,12,735.34,7,5,1
TXN-51398,CUST-11146,2024-10-18,North America,Small Business,Cybersecurity Core,12,730.77,7,3,1
TXN-51399,CUST-10867,2025-03-04,Latin America,Enterprise,Customer 360,24,3746.57,3,4,0
TXN-51400,CUST-10236,2024-02-19,Europe,Enterprise,ERP Connect,12,4378.94,6,2,0
TXN-51401,CUST-10109,2024-05-01,North America,Small Business,Customer 360,24,672.61,4,3,0
TXN-51402,CUST-10018,2024-06-14,Europe,Enterprise,Cloud Analytics Suite,24,5345.14,9,0,1
TXN-51403,CUST-11150,2025-09-09,Asia Pacific,Mid-Market,Customer 360,12,1483.38,7,4,0
TXN-51404,CUST-10181,2024-09-19,Asia Pacific,Enterprise,Cybersecurity Core,36,4770.59,1,6,1
TXN-51405,CUST-10936,2025-04-20,North America,Enterprise,Cybersecurity Core,36,6125.72,7,5,1
TXN-51406,CUST-10403,2025-12-18,Asia Pacific,Mid-Market,Cloud Analytics Suite,36,1984.92,2,2,0
TXN-51407,CUST-10028,2024-01-27,Europe,Mid-Market,Customer 360,24,1561.86,1,3,0
TXN-51408,CUST-10224,2024-11-10,Europe,Small Business,Cloud Analytics Suite,36,577.63,8,2,0
TXN-51409,CUST-11151,2025-02-12,Asia Pacific,Enterprise,Cybersecurity Core,12,5633.28,7,4,0
TXN-51410,CUST-10479,2025-12-21,North America,Mid-Market,ERP Connect,12,1242.37,8,2,0
TXN-51411,CUST-10964,2025-01-08,North America,Enterprise,ERP Connect,12,4060.92,6,1,0
TXN-51412,CUST-10928,2025-03-25,Europe,Small Business,Cybersecurity Core,24,338.04,4,1,1
TXN-51413,CUST-10512,2024-04-01,North America,Small Business,Customer 360,36,518.67,4,11,1
TXN-51414,CUST-10927,2024-01-08,Asia Pacific,Enterprise,ERP Connect,12,4549.95,1,4,0
TXN-51415,CUST-10210,2025-07-23,Europe,Mid-Market,ERP Connect,24,2034.14,2,4,1
TXN-51416,CUST-10557,2024-10-23,North America,Enterprise,Customer 360,24,5661.38,9,1,0
TXN-51417,CUST-10640,2024-09-15,North America,Mid-Market,Cybersecurity Core,24,1502.92,3,4,1
TXN-51418,CUST-10190,2025-03-19,Asia Pacific,Mid-Market,Cloud Analytics Suite,12,1447.86,7,3,0
TXN-51419,CUST-10662,2024-07-24,Latin America,Mid-Market,Cloud Analytics Suite,12,1959.95,4,3,0
TXN-51420,CUST-11004,2025-12-19,Europe,Small Business,ERP Connect,24,627.9,8,3,1
TXN-51421,CUST-10291,2024-07-24,Europe,Mid-Market,Cybersecurity Core,24,1927.3,10,3,0
TXN-51422,CUST-10601,2025-04-01,North America,Small Business,ERP Connect,36,721.54,5,2,0
TXN-51423,CUST-10359,2025-07-02,North America,Mid-Market,ERP Connect,12,2076.24,4,4,0
TXN-51424,CUST-10698,2025-05-23,North America,Mid-Market,Cloud Analytics Suite,36,1723.29,2,1,0
TXN-51425,CUST-10476,2024-10-08,Asia Pacific,Mid-Market,Customer 360,24,1406.11,5,1,1
TXN-51426,CUST-10415,2025-11-24,North America,Mid-Market,ERP Connect,12,2095.19,5,1,1
TXN-51427,CUST-11052,2024-04-20,Europe,Enterprise,Customer 360,24,5351.62,9,1,0
TXN-51428,CUST-10212,2024-12-01,North America,Enterprise,Cybersecurity Core,36,5951.25,7,1,0
TXN-51429,CUST-10892,2025-05-22,Latin America,Small Business,ERP Connect,12,561.38,6,2,0
TXN-51430,CUST-10029,2024-07-21,North America,Enterprise,ERP Connect,24,5964.88,4,1,1
TXN-51431,CUST-11007,2025-08-15,North America,Small Business,Cybersecurity Core,12,655.69,4,1,1
TXN-51432,CUST-10346,2025-12-23,Latin America,Mid-Market,ERP Connect,36,1807.71,8,4,0
TXN-51433,CUST-10384,2025-06-12,North America,Small Business,Cybersecurity Core,12,741.66,5,4,1
TXN-51434,CUST-10920,2025-06-24,North America,Mid-Market,Customer 360,36,1269.7,3,5,0
TXN-51435,CUST-10469,2024-02-05,North America,Small Business,Cybersecurity Core,12,551.2,10,6,0
TXN-51436,CUST-11042,2024-11-04,Europe,Mid-Market,Cybersecurity Core,36,2149.97,7,1,1
TXN-51437,CUST-10654,2025-08-09,Asia Pacific,Mid-Market,Cybersecurity Core,12,2214.71,4,3,1
TXN-51438,CUST-10725,2024-04-13,Europe,Enterprise,ERP Connect,24,3916.49,8,4,0
TXN-51439,CUST-10253,2024-08-19,Europe,Small Business,Cybersecurity Core,12,578.98,6,3,0
TXN-51440,CUST-10772,2025-06-23,Europe,Small Business,ERP Connect,12,536.59,6,1,1
TXN-51441,CUST-10923,2024-12-05,Asia Pacific,Small Business,ERP Connect,12,482.36,7,3,0
TXN-51442,CUST-10847,2025-04-06,Europe,Mid-Market,Cloud Analytics Suite,36,1497.67,6,3,1
TXN-51443,CUST-11148,2025-10-20,Asia Pacific,Mid-Market,ERP Connect,12,1616.0,8,4,0
TXN-51444,CUST-10235,2024-01-09,Europe,Small Business,Cloud Analytics Suite,24,551.9,5,2,0
TXN-51445,CUST-10152,2025-05-16,Europe,Mid-Market,ERP Connect,36,2267.87,8,0,0
TXN-51446,CUST-10898,2024-07-17,Europe,Small Business,ERP Connect,12,565.61,6,3,0
TXN-51447,CUST-10059,2025-09-01,North America,Mid-Market,Customer 360,12,2227.15,8,7,0
TXN-51448,CUST-10381,2024-11-25,Asia Pacific,Small Business,ERP Connect,24,727.4,9,2,0
TXN-51449,CUST-10346,2024-10-21,Asia Pacific,Mid-Market,Cloud Analytics Suite,12,1639.45,10,5,1
TXN-51450,CUST-10044,2025-07-21,Europe,Enterprise,Cloud Analytics Suite,36,5271.0,7,6,0
TXN-51451,CUST-10481,2024-02-15,Europe,Mid-Market,Cybersecurity Core,36,1869.85,1,1,1
TXN-51452,CUST-10461,2024-11-03,Latin America,Small Business,Cloud Analytics Suite,12,710.45,5,2,0
TXN-51453,CUST-10827,2025-02-01,North America,Mid-Market,ERP Connect,24,2184.43,6,5,0
TXN-51454,CUST-10063,2024-02-12,Asia Pacific,Mid-Market,Cloud Analytics Suite,12,2097.73,9,4,1
TXN-51455,CUST-11050,2025-02-22,Europe,Enterprise,Cybersecurity Core,24,4129.07,7,2,1
TXN-51456,CUST-10515,2024-08-09,Europe,Enterprise,ERP Connect,12,7394.42,3,5,1
TXN-51457,CUST-11184,2025-09-08,North America,Mid-Market,ERP Connect,12,1485.15,5,2,1
TXN-51458,CUST-10981,2024-12-23,Europe,Mid-Market,Customer 360,12,1814.35,4,3,1
TXN-51459,CUST-10288,2024-05-23,Latin America,Small Business,ERP Connect,12,694.02,5,6,1
TXN-51460,CUST-10318,2024-04-05,North America,Mid-Market,Cloud Analytics Suite,24,2030.36,9,5,1
TXN-51461,CUST-10108,2025-10-03,North America,Mid-Market,Customer 360,36,2103.31,10,3,0
TXN-51462,CUST-10355,2025-05-27,Europe,Mid-Market,Customer 360,12,1861.57,9,5,0
TXN-51463,CUST-11040,2024-11-17,North America,Mid-Market,ERP Connect,12,1848.12,4,2,0
TXN-51464,CUST-10948,2025-03-19,Europe,Small Business,Customer 360,12,536.81,2,2,1
TXN-51465,CUST-10378,2024-08-08,North America,Mid-Market,Cybersecurity Core,24,1901.17,6,3,0
TXN-51466,CUST-10869,2024-10-22,Europe,Mid-Market,Cybersecurity Core,36,1755.53,7,4,0
TXN-51467,CUST-10055,2025-10-24,Asia Pacific,Enterprise,Customer 360,24,4981.57,6,3,1
TXN-51468,CUST-10045,2024-05-02,Europe,Enterprise,ERP Connect,12,3622.68,5,5,0
TXN-51469,CUST-10854,2024-02-06,North America,Mid-Market,Customer 360,24,2218.09,4,4,1
TXN-51470,CUST-10926,2025-05-26,North America,Mid-Market,Cloud Analytics Suite,24,2130.02,8,4,1
TXN-51471,CUST-10527,2024-11-24,Europe,Small Business,Cybersecurity Core,12,521.78,9,3,1
TXN-51472,CUST-10887,2025-07-12,North America,Small Business,Cloud Analytics Suite,36,730.71,9,4,0
TXN-51473,CUST-10309,2025-08-17,Europe,Mid-Market,ERP Connect,24,1107.51,5,4,0
TXN-51474,CUST-10587,2024-12-16,Europe,Enterprise,Cybersecurity Core,36,5561.23,7,3,1
TXN-51475,CUST-10992,2025-05-25,Asia Pacific,Mid-Market,Customer 360,12,2249.52,6,4,1
TXN-51476,CUST-10350,2025-07-23,Asia Pacific,Enterprise,Customer 360,12,3383.61,3,4,1
TXN-51477,CUST-11139,2024-04-23,Europe,Mid-Market,Customer 360,12,2106.96,6,0,0
TXN-51478,CUST-10124,2025-12-07,Asia Pacific,Small Business,Cloud Analytics Suite,12,465.95,6,3,1
TXN-51479,CUST-10106,2024-12-21,Asia Pacific,Enterprise,Cloud Analytics Suite,12,5595.78,5,4,1
TXN-51480,CUST-10007,2025-09-14,North America,Enterprise,Cybersecurity Core,24,4570.27,9,1,0
TXN-51481,CUST-10331,2025-10-21,North America,Mid-Market,Cybersecurity Core,12,1897.53,7,4,0
TXN-51482,CUST-10065,2025-03-17,North America,Small Business,Customer 360,12,555.33,8,5,0
TXN-51483,CUST-10533,2025-03-23,Europe,Mid-Market,Customer 360,36,1931.64,6,2,0
TXN-51484,CUST-10642,2024-05-04,Asia Pacific,Mid-Market,ERP Connect,36,1958.58,2,4,1
TXN-51485,CUST-11142,2024-01-08,North America,Small Business,Cybersecurity Core,12,581.36,4,3,1
TXN-51486,CUST-10539,2024-07-27,Asia Pacific,Mid-Market,Cybersecurity Core,24,1491.74,9,5,1
TXN-51487,CUST-10262,2024-03-06,Asia Pacific,Small Business,Cybersecurity Core,12,459.97,8,1,0
TXN-51488,CUST-11132,2025-07-14,North America,Enterprise,ERP Connect,12,4122.67,5,3,0
TXN-51489,CUST-10332,2025-11-17,Latin America,Small Business,Customer 360,12,558.15,6,3,1
TXN-51490,CUST-10065,2025-02-05,Asia Pacific,Mid-Market,Cloud Analytics Suite,12,1522.72,7,5,1
TXN-51491,CUST-10013,2025-07-24,North America,Small Business,Customer 360,12,665.22,6,3,0
TXN-51492,CUST-10585,2025-04-11,North America,Mid-Market,Customer 360,36,1857.49,3,2,0
TXN-51493,CUST-10755,2024-03-18,Europe,Mid-Market,ERP Connect,24,2334.35,2,5,0
TXN-51494,CUST-10517,2024-04-04,North America,Small Business,Cloud Analytics Suite,12,913.85,5,3,1
TXN-51495,CUST-10934,2024-06-26,Asia Pacific,Enterprise,ERP Connect,36,5245.11,7,5,0
TXN-51496,CUST-10318,2025-10-13,Europe,Small Business,Cloud Analytics Suite,36,398.01,3,5,1
TXN-51497,CUST-10683,2025-05-24,North America,Enterprise,Cloud Analytics Suite,12,4841.23,8,3,0
TXN-51498,CUST-10140,2024-01-06,Asia Pacific,Enterprise,ERP Connect,12,4518.22,1,4,1
TXN-51499,CUST-10234,2024-07-08,Europe,Small Business,Cloud Analytics Suite,12,649.35,1,1,1
TXN-51500,CUST-10650,2024-08-10,Latin America,Mid-Market,ERP Connect,36,1881.43,8,1,0
TXN-51501,CUST-11192,2025-03-16,North America,Mid-Market,Cybersecurity Core,12,1832.76,7,1,0
TXN-51502,CUST-10861,2024-07-04,Europe,Enterprise,Cloud Analytics Suite,24,3578.64,2,3,0
TXN-51503,CUST-10587,2025-02-14,Europe,Mid-Market,Customer 360,24,2166.18,8,5,1
TXN-51504,CUST-10439,2024-11-25,North America,Small Business,Cloud Analytics Suite,12,416.93,3,4,1
TXN-51505,CUST-10493,2025-07-04,Europe,Enterprise,ERP Connect,12,6123.28,6,1,1
TXN-51506,CUST-10523,2024-02-20,Asia Pacific,Small Business,Customer 360,24,614.54,3,2,0
TXN-51507,CUST-10793,2024-08-03,Europe,Mid-Market,Cybersecurity Core,36,1665.2,8,6,0
TXN-51508,CUST-11062,2025-01-25,North America,Mid-Market,Customer 360,12,1712.82,7,5,1
TXN-51509,CUST-10312,2025-02-10,Europe,Small Business,Cloud Analytics Suite,24,705.48,5,3,0
TXN-51510,CUST-10233,2025-05-27,Europe,Small Business,Cloud Analytics Suite,12,638.43,8,0,0
TXN-51511,CUST-10593,2024-10-23,Asia Pacific,Small Business,Cybersecurity Core,36,590.81,7,3,0
TXN-51512,CUST-10213,2025-12-13,North America,Enterprise,Cybersecurity Core,12,5961.31,1,3,1
TXN-51513,CUST-11153,2024-12-15,Asia Pacific,Mid-Market,Cybersecurity Core,12,2423.4,7,0,1
TXN-51514,CUST-10989,2024-07-24,North America,Mid-Market,Cybersecurity Core,24,1848.03,9,1,0
TXN-51515,CUST-10664,2025-12-23,Asia Pacific,Mid-Market,Customer 360,24,1736.21,7,1,0
TXN-51516,CUST-10534,2025-12-21,Europe,Mid-Market,Cloud Analytics Suite,12,1918.89,8,3,0
TXN-51517,CUST-10734,2025-10-22,Asia Pacific,Small Business,Cybersecurity Core,12,717.87,1,3,1
TXN-51518,CUST-10838,2025-09-05,Asia Pacific,Mid-Market,Cloud Analytics Suite,12,1423.66,1,3,0
TXN-51519,CUST-10690,2024-09-19,Europe,Mid-Market,Cybersecurity Core,24,1830.43,8,2,1
TXN-51520,CUST-10324,2024-05-26,North America,Mid-Market,Customer 360,24,1718.04,3,3,0
TXN-51521,CUST-10176,2024-09-05,Asia Pacific,Small Business,ERP Connect,36,453.01,8,5,0
TXN-51522,CUST-10853,2025-12-03,Asia Pacific,Mid-Market,Customer 360,12,1806.7,10,8,0
TXN-51523,CUST-10626,2025-04-09,North America,Small Business,Cloud Analytics Suite,24,547.65,3,5,1
TXN-51524,CUST-10749,2024-02-24,North America,Mid-Market,ERP Connect,24,1558.0,8,2,0
TXN-51525,CUST-10502,2025-08-22,Asia Pacific,Enterprise,Cybersecurity Core,12,5630.11,3,3,1
TXN-51526,CUST-10233,2024-07-06,Asia Pacific,Enterprise,Customer 360,12,3537.5,10,3,1
TXN-51527,CUST-11154,2025-02-12,Europe,Small Business,Cloud Analytics Suite,12,457.23,6,2,0
TXN-51528,CUST-10299,2025-04-08,North America,Enterprise,Cybersecurity Core,24,4562.82,7,1,0
TXN-51529,CUST-10269,2024-09-16,Asia Pacific,Small Business,ERP Connect,12,594.64,8,5,0
TXN-51530,CUST-10553,2024-05-18,Europe,Enterprise,Customer 360,12,3724.55,8,1,0
TXN-51531,CUST-10397,2025-06-03,Asia Pacific,Mid-Market,Cybersecurity Core,24,2288.67,7,5,0
TXN-51532,CUST-10248,2024-02-16,Europe,Mid-Market,Customer 360,24,1579.74,5,3,1
TXN-51533,CUST-10016,2024-05-21,Asia Pacific,Small Business,ERP Connect,12,502.51,9,6,0
TXN-51534,CUST-10583,2025-01-11,Asia Pacific,Enterprise,Cybersecurity Core,12,4217.63,3,1,0
TXN-51535,CUST-10546,2025-12-21,North America,Small Business,Customer 360,24,481.51,2,4,0
TXN-51536,CUST-10079,2025-02-18,Asia Pacific,Small Business,Customer 360,24,557.74,7,3,0
TXN-51537,CUST-10406,2024-11-19,North America,Enterprise,Cloud Analytics Suite,12,4436.53,6,5,0
TXN-51538,CUST-11147,2025-05-06,North America,Small Business,Cloud Analytics Suite,24,577.32,10,5,1
TXN-51539,CUST-10074,2025-11-27,North America,Mid-Market,Cybersecurity Core,24,1857.85,8,3,0
TXN-51540,CUST-10306,2025-10-20,North America,Small Business,Cybersecurity Core,24,526.77,7,4,1
TXN-51541,CUST-10055,2024-03-12,Asia Pacific,Mid-Market,ERP Connect,12,1791.35,5,2,1
TXN-51542,CUST-10860,2024-08-27,Latin America,Mid-Market,Customer 360,12,1208.48,10,2,0
TXN-51543,CUST-10536,2024-05-15,North America,Small Business,Cloud Analytics Suite,24,325.64,4,3,0
TXN-51544,CUST-10757,2025-03-02,North America,Small Business,Cloud Analytics Suite,12,787.68,1,3,1
TXN-51545,CUST-10095,2025-04-26,North America,Enterprise,Cloud Analytics Suite,12,3752.79,4,2,1
TXN-51546,CUST-10793,2025-12-13,Latin America,Enterprise,Customer 360,36,5009.56,8,2,0
TXN-51547,CUST-10851,2024-06-19,North America,Mid-Market,ERP Connect,36,2148.08,2,2,1
TXN-51548,CUST-11133,2025-08-25,Europe,Mid-Market,Cloud Analytics Suite,24,1725.65,1,4,1
TXN-51549,CUST-10885,2024-07-04,Asia Pacific,Small Business,Cloud Analytics Suite,24,776.03,7,2,1
TXN-51550,CUST-11152,2024-12-20,North America,Enterprise,Cybersecurity Core,12,4889.53,6,6,1
TXN-51551,CUST-10357,2025-07-15,Latin America,Mid-Market,Customer 360,12,1251.41,5,5,0
TXN-51552,CUST-10414,2025-10-13,Europe,Small Business,Cybersecurity Core,24,645.56,9,2,0
TXN-51553,CUST-10195,2025-06-20,North America,Mid-Market,Cloud Analytics Suite,12,1137.34,8,5,0
TXN-51554,CUST-10339,2024-01-19,North America,Mid-Market,ERP Connect,12,1950.23,7,5,0
TXN-51555,CUST-11088,2024-06-24,Asia Pacific,Mid-Market,Customer 360,12,1682.71,5,0,1
TXN-51556,CUST-10371,2025-01-17,Europe,Mid-Market,Cybersecurity Core,12,1462.26,3,2,0
TXN-51557,CUST-10508,2025-07-22,Europe,Mid-Market,Cybersecurity Core,12,1928.58,3,3,0
TXN-51558,CUST-10422,2025-08-13,Asia Pacific,Mid-Market,ERP Connect,12,1759.97,3,4,0
TXN-51559,CUST-10960,2025-06-02,Latin America,Mid-Market,Customer 360,24,2526.7,2,1,1
TXN-51560,CUST-10899,2025-11-19,Europe,Mid-Market,Cloud Analytics Suite,24,1685.17,8,5,1
TXN-51561,CUST-10420,2024-04-06,North America,Mid-Market,Cybersecurity Core,12,1623.28,5,2,0
TXN-51562,CUST-10689,2025-08-07,Latin America,Small Business,Customer 360,12,650.45,9,3,0
TXN-51563,CUST-10568,2024-03-06,Europe,Small Business,Customer 360,12,531.65,6,3,0
TXN-51564,CUST-10136,2025-06-01,Europe,Mid-Market,Customer 360,12,1432.88,9,4,1
TXN-51565,CUST-10502,2025-04-07,North America,Small Business,Cloud Analytics Suite,36,576.35,5,1,1
TXN-51566,CUST-10592,2024-08-07,North America,Enterprise,Customer 360,12,4518.24,8,3,0
TXN-51567,CUST-10907,2025-08-17,North America,Small Business,ERP Connect,24,416.13,3,0,0
TXN-51568,CUST-10972,2025-08-25,Europe,Small Business,Cloud Analytics Suite,36,475.41,5,3,1
TXN-51569,CUST-10433,2024-07-05,Europe,Small Business,Customer 360,12,693.11,5,1,0
TXN-51570,CUST-10565,2024-08-18,Europe,Small Business,Customer 360,24,626.23,6,2,1
TXN-51571,CUST-10907,2024-08-23,Europe,Enterprise,Cloud Analytics Suite,12,4506.3,5,5,0
TXN-51572,CUST-10373,2024-09-14,Europe,Small Business,Cloud Analytics Suite,12,470.07,7,3,1
TXN-51573,CUST-10829,2025-11-05,Asia Pacific,Mid-Market,Cybersecurity Core,12,1712.63,7,4,0
TXN-51574,CUST-10963,2024-02-24,North America,Small Business,Customer 360,24,677.35,2,0,1
TXN-51575,CUST-11128,2024-12-25,Asia Pacific,Enterprise,Cloud Analytics Suite,12,4566.87,6,5,1
TXN-51576,CUST-11087,2025-02-24,North America,Mid-Market,ERP Connect,12,1398.32,8,1,1
TXN-51577,CUST-10696,2024-12-06,North America,Small Business,ERP Connect,24,733.11,8,0,0
TXN-51578,CUST-10311,2024-04-20,Asia Pacific,Small Business,Cybersecurity Core,12,775.27,8,4,1
TXN-51579,CUST-10873,2024-04-06,Europe,Mid-Market,Customer 360,36,2331.43,4,2,0
TXN-51580,CUST-10372,2025-05-13,North America,Mid-Market,Cloud Analytics Suite,12,2236.39,9,3,1
TXN-51581,CUST-10804,2025-05-14,North America,Enterprise,Cloud Analytics Suite,12,4969.4,8,1,0
TXN-51582,CUST-10839,2024-09-04,Europe,Mid-Market,Customer 360,12,1899.35,3,2,0
TXN-51583,CUST-10756,2024-12-10,North America,Mid-Market,Cloud Analytics Suite,12,2551.42,7,2,0
TXN-51584,CUST-10396,2024-10-18,North America,Mid-Market,Customer 360,24,2513.98,7,3,1
TXN-51585,CUST-10462,2025-02-24,North America,Enterprise,Cybersecurity Core,24,3779.65,5,7,0
TXN-51586,CUST-10208,2025-02-17,Latin America,Enterprise,Cybersecurity Core,24,4018.65,7,2,1
TXN-51587,CUST-10929,2024-08-12,North America,Enterprise,Cybersecurity Core,36,3338.31,5,7,0
TXN-51588,CUST-10354,2024-01-06,Latin America,Small Business,Customer 360,12,549.16,7,5,1
TXN-51589,CUST-10084,2024-04-18,Europe,Enterprise,Cloud Analytics Suite,12,2517.36,6,3,1
TXN-51590,CUST-10653,2024-09-13,North America,Mid-Market,ERP Connect,36,2621.38,6,2,0
TXN-51591,CUST-10205,2025-05-14,North America,Mid-Market,Cybersecurity Core,12,1292.27,2,5,1
TXN-51592,CUST-10678,2025-09-16,Asia Pacific,Mid-Market,ERP Connect,12,1632.94,3,1,1
TXN-51593,CUST-10425,2024-07-11,North America,Mid-Market,Cybersecurity Core,24,1630.67,8,3,0
TXN-51594,CUST-11035,2025-10-27,Asia Pacific,Mid-Market,Customer 360,24,1306.71,7,2,0
TXN-51595,CUST-10236,2024-01-13,North America,Small Business,Cloud Analytics Suite,24,599.21,8,4,1
TXN-51596,CUST-10954,2024-04-26,North America,Mid-Market,ERP Connect,12,1481.05,6,5,0
TXN-51597,CUST-10621,2024-04-03,Europe,Enterprise,Cybersecurity Core,36,2919.81,10,4,0
TXN-51598,CUST-10909,2024-06-05,Latin America,Mid-Market,Customer 360,24,1979.06,9,3,1
TXN-51599,CUST-10160,2025-07-16,Europe,Enterprise,Cybersecurity Core,12,4529.46,6,3,1
TXN-51600,CUST-10667,2024-08-21,Europe,Small Business,Customer 360,24,521.99,7,1,0
TXN-51601,CUST-10609,2024-03-12,North America,Mid-Market,Cybersecurity Core,36,1637.3,7,2,1
TXN-51602,CUST-10429,2024-02-03,North America,Mid-Market,Cloud Analytics Suite,12,1331.67,3,3,0
TXN-51603,CUST-10556,2025-07-08,Europe,Enterprise,Cloud Analytics Suite,12,5230.89,8,4,0
TXN-51604,CUST-10201,2024-01-14,North America,Mid-Market,Cloud Analytics Suite,36,1992.33,8,1,1
TXN-51605,CUST-10389,2024-10-26,Asia Pacific,Small Business,Cloud Analytics Suite,12,608.68,10,3,0
TXN-51606,CUST-11084,2024-01-05,Asia Pacific,Mid-Market,Cybersecurity Core,36,2190.93,8,7,0
TXN-51607,CUST-11013,2024-04-21,North America,Small Business,Cloud Analytics Suite,24,637.05,4,2,1
TXN-51608,CUST-10717,2025-12-12,North America,Mid-Market,Cloud Analytics Suite,12,1722.67,8,3,0
TXN-51609,CUST-10305,2024-04-16,North America,Small Business,Customer 360,24,653.1,9,3,1
TXN-51610,CUST-10784,2024-10-21,North America,Enterprise,ERP Connect,24,4894.61,9,5,0
TXN-51611,CUST-10356,2025-03-27,Latin America,Mid-Market,Customer 360,24,1247.41,7,2,1
TXN-51612,CUST-10684,2024-10-26,North America,Small Business,ERP Connect,12,620.66,3,3,0
TXN-51613,CUST-10750,2025-05-23,Europe,Mid-Market,Cybersecurity Core,12,1987.05,3,2,0
TXN-51614,CUST-10850,2025-05-22,Europe,Small Business,Customer 360,12,748.39,8,5,0
TXN-51615,CUST-10239,2025-08-03,Europe,Mid-Market,Customer 360,36,1922.6,2,2,0
TXN-51616,CUST-11141,2024-07-21,Europe,Mid-Market,ERP Connect,24,1502.92,7,1,0
TXN-51617,CUST-11180,2025-09-24,Europe,Enterprise,Cloud Analytics Suite,12,3563.19,10,6,0
TXN-51618,CUST-10873,2024-09-26,Asia Pacific,Mid-Market,Customer 360,36,1677.66,1,4,0
TXN-51619,CUST-10548,2025-10-09,Asia Pacific,Small Business,Customer 360,12,621.86,8,2,1
TXN-51620,CUST-10691,2025-09-26,North America,Enterprise,Cloud Analytics Suite,24,4562.85,9,3,1
TXN-51621,CUST-11176,2024-03-14,North America,Small Business,Customer 360,12,732.19,7,3,0
TXN-51622,CUST-10803,2024-07-04,Europe,Mid-Market,Cybersecurity Core,24,1369.63,8,1,1
TXN-51623,CUST-11114,2024-12-20,North America,Enterprise,Cybersecurity Core,12,5062.15,10,5,1
TXN-51624,CUST-10224,2024-04-13,Asia Pacific,Enterprise,Cloud Analytics Suite,12,5634.1,4,3,1
TXN-51625,CUST-10974,2024-06-18,Asia Pacific,Enterprise,Cloud Analytics Suite,24,4622.0,5,3,0
TXN-51626,CUST-10280,2024-08-23,Asia Pacific,Small Business,Customer 360,12,733.09,8,2,0
TXN-51627,CUST-10514,2025-06-22,Europe,Mid-Market,Cloud Analytics Suite,12,1762.28,7,5,1
TXN-51628,CUST-11101,2024-05-22,Asia Pacific,Mid-Market,Cloud Analytics Suite,36,1125.34,5,2,1
TXN-51629,CUST-10270,2024-01-25,North America,Small Business,Customer 360,24,863.56,7,4,0
TXN-51630,CUST-10720,2025-01-03,Latin America,Enterprise,Cloud Analytics Suite,12,4393.03,6,6,1
TXN-51631,CUST-10628,2024-11-04,Europe,Enterprise,Cloud Analytics Suite,12,4951.05,7,4,1
TXN-51632,CUST-10280,2025-05-01,Latin America,Mid-Market,ERP Connect,24,2442.72,3,4,0
TXN-51633,CUST-10914,2025-12-12,Europe,Mid-Market,Customer 360,24,1491.84,5,3,0
TXN-51634,CUST-10659,2024-12-10,North America,Mid-Market,Cloud Analytics Suite,24,1481.5,7,2,0
TXN-51635,CUST-10798,2024-07-03,North America,Small Business,Customer 360,24,618.13,4,2,0
TXN-51636,CUST-10379,2025-05-04,Europe,Mid-Market,Customer 360,24,1566.6,8,3,1
TXN-51637,CUST-10605,2024-08-12,North America,Mid-Market,Customer 360,12,1587.39,7,3,1
TXN-51638,CUST-10881,2024-05-04,Europe,Small Business,Cybersecurity Core,36,493.67,5,4,1
TXN-51639,CUST-10624,2024-03-07,Europe,Small Business,Cloud Analytics Suite,24,375.33,7,3,0
TXN-51640,CUST-10924,2025-05-07,North America,Small Business,Customer 360,24,392.58,8,3,0
TXN-51641,CUST-10766,2024-01-11,Europe,Mid-Market,Customer 360,12,2212.21,3,4,1
TXN-51642,CUST-11152,2024-11-15,Asia Pacific,Small Business,Customer 360,24,580.21,3,2,1
TXN-51643,CUST-10206,2025-01-20,Latin America,Mid-Market,Cloud Analytics Suite,12,1840.22,7,4,0
TXN-51644,CUST-10625,2025-02-04,North America,Small Business,Customer 360,24,638.14,9,4,0
TXN-51645,CUST-10790,2025-09-21,Europe,Small Business,Cloud Analytics Suite,36,724.04,6,7,0
TXN-51646,CUST-10322,2025-12-03,Europe,Small Business,Cybersecurity Core,12,806.67,5,6,1
TXN-51647,CUST-10619,2024-04-20,Europe,Small Business,Customer 360,12,778.34,6,4,0
TXN-51648,CUST-11124,2024-07-11,Asia Pacific,Small Business,Cloud Analytics Suite,12,829.54,7,0,0
TXN-51649,CUST-11198,2024-12-04,North America,Small Business,Cybersecurity Core,24,500.92,5,2,0
TXN-51650,CUST-10570,2025-02-21,Latin America,Small Business,Cybersecurity Core,36,677.0,5,1,0
TXN-51651,CUST-10056,2024-07-22,Asia Pacific,Small Business,Customer 360,12,552.31,8,2,0
TXN-51652,CUST-10156,2024-07-07,North America,Small Business,Cloud Analytics Suite,12,590.09,5,1,0
TXN-51653,CUST-10444,2025-03-21,North America,Mid-Market,ERP Connect,12,2139.42,8,1,0
TXN-51654,CUST-10589,2024-07-10,Asia Pacific,Mid-Market,Cybersecurity Core,36,1995.41,5,4,0
TXN-51655,CUST-11071,2024-07-25,Europe,Mid-Market,ERP Connect,12,2637.43,8,5,0
TXN-51656,CUST-10797,2024-06-17,North America,Mid-Market,Cloud Analytics Suite,12,2081.62,10,4,1
TXN-51657,CUST-10897,2025-03-24,Asia Pacific,Mid-Market,Cloud Analytics Suite,24,2350.65,8,1,0
TXN-51658,CUST-10884,2025-02-27,Asia Pacific,Enterprise,Cloud Analytics Suite,12,3294.63,8,2,0
TXN-51659,CUST-11190,2025-03-21,Latin America,Mid-Market,Cloud Analytics Suite,12,1431.28,7,4,0
TXN-51660,CUST-10108,2024-11-10,Europe,Mid-Market,Cybersecurity Core,24,1277.25,4,5,1
TXN-51661,CUST-10779,2025-10-18,Europe,Enterprise,ERP Connect,36,3617.59,3,5,1
TXN-51662,CUST-11131,2024-08-06,North America,Enterprise,ERP Connect,12,5124.15,3,3,1
TXN-51663,CUST-10537,2025-09-01,Europe,Enterprise,ERP Connect,12,3437.55,9,4,0
TXN-51664,CUST-10424,2025-02-24,Asia Pacific,Small Business,Cybersecurity Core,24,498.4,5,2,0
TXN-51665,CUST-10558,2025-09-14,Europe,Enterprise,ERP Connect,36,3601.83,3,6,0
TXN-51666,CUST-10051,2024-07-16,Europe,Mid-Market,Cloud Analytics Suite,12,2353.99,3,0,0
TXN-51667,CUST-10496,2024-11-13,Asia Pacific,Small Business,ERP Connect,36,709.35,2,5,1
TXN-51668,CUST-10599,2025-03-22,Asia Pacific,Mid-Market,Cloud Analytics Suite,24,1490.91,7,8,1
TXN-51669,CUST-11042,2024-11-26,North America,Small Business,Customer 360,12,803.46,8,4,0
TXN-51670,CUST-10832,2024-10-01,Latin America,Mid-Market,Cloud Analytics Suite,24,1261.55,8,2,1
TXN-51671,CUST-10133,2025-08-20,North America,Mid-Market,ERP Connect,12,1080.92,9,3,0
TXN-51672,CUST-10747,2024-06-26,North America,Small Business,Cybersecurity Core,12,439.99,7,2,0
TXN-51673,CUST-10879,2024-02-14,Asia Pacific,Small Business,Cybersecurity Core,36,708.23,9,2,1
TXN-51674,CUST-10329,2025-12-11,Europe,Small Business,ERP Connect,12,658.96,2,4,1
TXN-51675,CUST-10151,2024-05-24,Europe,Small Business,ERP Connect,36,505.52,8,2,0
TXN-51676,CUST-10597,2025-03-13,Europe,Enterprise,ERP Connect,24,4760.17,4,3,1
TXN-51677,CUST-11093,2025-02-25,North America,Mid-Market,Cloud Analytics Suite,24,1670.92,4,2,0
TXN-51678,CUST-10390,2025-06-23,Asia Pacific,Mid-Market,Cybersecurity Core,24,2023.56,1,3,1
TXN-51679,CUST-10533,2024-01-08,Europe,Mid-Market,Cybersecurity Core,24,2787.52,1,1,0
TXN-51680,CUST-10305,2025-03-03,North America,Small Business,Cybersecurity Core,24,413.93,8,2,0
TXN-51681,CUST-10147,2025-04-06,North America,Small Business,Cybersecurity Core,36,711.95,8,6,0
TXN-51682,CUST-11156,2024-06-24,North America,Small Business,ERP Connect,12,612.41,4,8,1
TXN-51683,CUST-10638,2025-09-11,Europe,Small Business,Cybersecurity Core,36,534.4,7,6,0
TXN-51684,CUST-10653,2024-03-24,North America,Mid-Market,ERP Connect,12,2054.1,4,5,1
TXN-51685,CUST-11002,2025-01-22,Asia Pacific,Mid-Market,Customer 360,12,2096.93,7,4,1
TXN-51686,CUST-10915,2025-07-07,North America,Mid-Market,Customer 360,12,2030.1,7,5,0
TXN-51687,CUST-10341,2025-08-25,Asia Pacific,Small Business,Cloud Analytics Suite,24,615.14,5,2,0
TXN-51688,CUST-10933,2025-04-27,Asia Pacific,Small Business,ERP Connect,12,483.04,6,6,1
TXN-51689,CUST-10778,2024-08-10,Latin America,Mid-Market,ERP Connect,12,2520.47,4,7,1
TXN-51690,CUST-10893,2024-02-26,North America,Enterprise,Cloud Analytics Suite,12,4496.76,4,1,0
TXN-51691,CUST-10025,2024-09-26,Europe,Mid-Market,Cloud Analytics Suite,12,1863.02,10,1,0
TXN-51692,CUST-10024,2025-03-08,Europe,Small Business,Cybersecurity Core,24,361.73,8,4,1
TXN-51693,CUST-11084,2024-12-17,North America,Enterprise,Cloud Analytics Suite,12,5665.52,8,6,1
TXN-51694,CUST-10450,2024-02-17,Europe,Enterprise,Cloud Analytics Suite,24,5733.7,7,6,1
TXN-51695,CUST-10841,2024-02-03,Europe,Small Business,ERP Connect,24,494.98,2,4,0
TXN-51696,CUST-10720,2025-09-07,North America,Mid-Market,Cybersecurity Core,24,1520.21,7,3,0
TXN-51697,CUST-10894,2024-09-01,Europe,Mid-Market,Cloud Analytics Suite,12,2124.51,6,6,0
TXN-51698,CUST-10415,2024-11-22,Europe,Mid-Market,Cybersecurity Core,24,2165.54,5,1,1
TXN-51699,CUST-10983,2025-11-04,North America,Small Business,Cloud Analytics Suite,12,350.07,4,1,0
TXN-51700,CUST-11052,2024-10-08,North America,Enterprise,Cybersecurity Core,12,4276.21,3,2,1
TXN-51701,CUST-10502,2024-09-22,North America,Small Business,Cloud Analytics Suite,36,539.28,8,2,0
TXN-51702,CUST-10092,2024-11-13,Latin America,Small Business,Customer 360,24,726.45,10,0,0
TXN-51703,CUST-11079,2025-06-26,Asia Pacific,Mid-Market,Customer 360,12,2097.89,1,3,0
TXN-51704,CUST-10764,2025-01-01,Europe,Mid-Market,Customer 360,12,1887.83,6,3,0
TXN-51705,CUST-11106,2025-11-20,North America,Mid-Market,Customer 360,12,1746.21,8,2,0
TXN-51706,CUST-10753,2025-05-13,Europe,Small Business,Cloud Analytics Suite,36,629.31,5,3,1
TXN-51707,CUST-10426,2025-09-25,Europe,Mid-Market,Cybersecurity Core,12,2933.6,6,1,0
TXN-51708,CUST-10224,2024-09-23,Latin America,Mid-Market,Cloud Analytics Suite,24,1525.79,7,1,1
TXN-51709,CUST-10835,2025-10-09,Europe,Enterprise,ERP Connect,12,4548.65,4,2,1
TXN-51710,CUST-10629,2024-02-06,North America,Enterprise,Cybersecurity Core,12,3048.99,8,2,0
TXN-51711,CUST-10052,2024-02-10,North America,Mid-Market,Cybersecurity Core,24,2241.59,10,5,0
TXN-51712,CUST-10712,2024-10-08,Europe,Small Business,Cybersecurity Core,24,597.7,3,2,0
TXN-51713,CUST-10729,2025-07-17,Latin America,Small Business,ERP Connect,12,684.23,1,2,0
TXN-51714,CUST-10056,2024-03-10,Europe,Mid-Market,ERP Connect,24,1743.29,5,7,0
TXN-51715,CUST-10323,2024-07-18,North America,Mid-Market,Customer 360,12,1539.82,6,3,0
TXN-51716,CUST-10154,2025-01-21,Asia Pacific,Enterprise,Customer 360,12,3997.62,10,3,1
TXN-51717,CUST-10170,2024-03-18,Asia Pacific,Mid-Market,ERP Connect,12,2085.3,4,4,1
TXN-51718,CUST-10314,2025-06-21,Asia Pacific,Enterprise,Customer 360,36,5180.86,4,2,1
TXN-51719,CUST-10756,2025-03-11,Asia Pacific,Mid-Market,Customer 360,24,1593.77,7,3,0
TXN-51720,CUST-11036,2025-03-04,North America,Small Business,ERP Connect,12,563.69,2,5,1
TXN-51721,CUST-10347,2024-02-15,North America,Small Business,Cybersecurity Core,24,504.99,6,2,0
TXN-51722,CUST-10978,2024-05-04,North America,Small Business,ERP Connect,24,527.95,4,3,0
TXN-51723,CUST-10098,2024-09-23,Europe,Enterprise,Cloud Analytics Suite,12,4835.49,5,3,1
TXN-51724,CUST-10764,2024-12-16,Europe,Small Business,Cybersecurity Core,36,498.02,7,2,0
TXN-51725,CUST-11103,2024-08-27,North America,Mid-Market,ERP Connect,12,2088.41,8,0,0
TXN-51726,CUST-11114,2024-06-22,Asia Pacific,Mid-Market,Cybersecurity Core,12,1798.83,7,7,0
TXN-51727,CUST-11163,2024-05-02,Europe,Small Business,Customer 360,12,791.29,8,2,0
TXN-51728,CUST-10782,2024-09-06,Europe,Mid-Market,Customer 360,24,1671.17,8,1,0
TXN-51729,CUST-10406,2024-08-16,Europe,Mid-Market,Customer 360,24,1718.41,7,4,1
TXN-51730,CUST-10738,2024-11-18,North America,Mid-Market,ERP Connect,12,1630.88,7,4,0
TXN-51731,CUST-11137,2024-06-22,Asia Pacific,Enterprise,Cybersecurity Core,36,4375.23,8,4,0
TXN-51732,CUST-11016,2025-04-11,Asia Pacific,Small Business,Customer 360,12,588.03,9,2,0
TXN-51733,CUST-10494,2024-05-18,North America,Small Business,Customer 360,24,789.25,8,4,0
TXN-51734,CUST-10319,2024-11-08,Europe,Mid-Market,Cloud Analytics Suite,12,2177.41,1,1,0
TXN-51735,CUST-10673,2024-03-21,North America,Mid-Market,Customer 360,12,1927.82,6,1,1
TXN-51736,CUST-10146,2024-08-08,North America,Enterprise,ERP Connect,24,4709.96,6,2,0
TXN-51737,CUST-10983,2024-08-15,North America,Mid-Market,Cloud Analytics Suite,24,1741.99,3,4,0
TXN-51738,CUST-10025,2024-12-05,North America,Enterprise,Cybersecurity Core,24,5816.41,5,5,0
TXN-51739,CUST-10891,2024-10-26,Europe,Small Business,Cybersecurity Core,12,664.58,10,3,0
TXN-51740,CUST-10068,2024-03-20,North America,Enterprise,Cloud Analytics Suite,12,4452.57,3,4,0
TXN-51741,CUST-10876,2024-01-12,North America,Mid-Market,Cybersecurity Core,24,1372.58,6,2,0
TXN-51742,CUST-10878,2024-10-04,Latin America,Enterprise,ERP Connect,12,6337.06,7,3,1
TXN-51743,CUST-10910,2024-04-11,Europe,Mid-Market,Cybersecurity Core,12,2314.34,4,1,1
TXN-51744,CUST-10817,2025-06-11,Asia Pacific,Small Business,Customer 360,12,541.52,7,1,1
TXN-51745,CUST-10256,2024-12-07,Europe,Mid-Market,Customer 360,36,1858.06,6,3,0
TXN-51746,CUST-10746,2024-12-12,North America,Mid-Market,Customer 360,24,1826.21,9,5,0
TXN-51747,CUST-11162,2025-08-13,Europe,Enterprise,Customer 360,12,6039.73,5,4,1
TXN-51748,CUST-11059,2025-03-01,North America,Enterprise,Customer 360,24,3136.6,1,0,0
TXN-51749,CUST-10198,2024-04-24,North America,Small Business,Cloud Analytics Suite,24,646.15,8,1,0
TXN-51750,CUST-10366,2024-05-26,Europe,Small Business,Customer 360,36,599.04,4,5,1
TXN-51751,CUST-10615,2025-05-01,Asia Pacific,Enterprise,Cloud Analytics Suite,24,4782.07,8,4,0
TXN-51752,CUST-10525,2025-07-07,Latin America,Small Business,Cybersecurity Core,24,749.6,7,3,0
TXN-51753,CUST-10898,2025-08-17,Asia Pacific,Enterprise,Cybersecurity Core,12,3599.82,4,3,1
TXN-51754,CUST-11079,2024-10-09,North America,Mid-Market,Cloud Analytics Suite,36,1610.63,5,3,1
TXN-51755,CUST-10871,2024-08-09,North America,Mid-Market,Cybersecurity Core,24,2290.09,5,5,1
TXN-51756,CUST-10368,2025-06-23,North America,Enterprise,Cybersecurity Core,12,5287.8,6,3,0
TXN-51757,CUST-11129,2024-11-06,Europe,Mid-Market,Customer 360,24,1916.06,9,5,1
TXN-51758,CUST-10195,2025-10-05,North America,Mid-Market,Customer 360,24,1764.56,8,3,1
TXN-51759,CUST-10557,2024-01-03,Europe,Mid-Market,ERP Connect,36,2283.48,8,4,0
TXN-51760,CUST-11027,2024-06-06,Europe,Mid-Market,ERP Connect,12,2705.99,6,2,0
TXN-51761,CUST-10490,2024-11-02,North America,Enterprise,ERP Connect,24,3884.13,6,5,0
TXN-51762,CUST-10867,2025-04-11,Europe,Enterprise,Cybersecurity Core,12,3531.73,4,3,1
TXN-51763,CUST-11147,2024-09-27,Latin America,Mid-Market,Cybersecurity Core,24,1651.88,5,4,0
TXN-51764,CUST-10578,2024-07-01,North America,Mid-Market,Cloud Analytics Suite,24,1468.74,10,3,0
TXN-51765,CUST-10356,2025-10-09,Europe,Enterprise,ERP Connect,12,4536.99,6,1,1
TXN-51766,CUST-11192,2025-03-15,North America,Mid-Market,Customer 360,24,1008.15,7,1,1
TXN-51767,CUST-10562,2024-01-27,North America,Mid-Market,Customer 360,36,1467.02,4,5,1
TXN-51768,CUST-10418,2025-06-05,Asia Pacific,Small Business,Cloud Analytics Suite,12,616.45,9,2,1
TXN-51769,CUST-11064,2025-06-27,North America,Enterprise,Cloud Analytics Suite,24,4060.45,7,4,0
TXN-51770,CUST-11031,2024-12-16,Latin America,Small Business,Cloud Analytics Suite,24,527.65,8,2,0
TXN-51771,CUST-10268,2025-12-23,Europe,Small Business,Cybersecurity Core,12,441.52,7,6,0
TXN-51772,CUST-10045,2025-05-01,Latin America,Small Business,Cloud Analytics Suite,12,698.0,7,4,1
TXN-51773,CUST-10977,2024-09-25,North America,Small Business,Cybersecurity Core,24,694.49,8,4,0
TXN-51774,CUST-10770,2025-12-19,North America,Enterprise,Cloud Analytics Suite,12,4495.32,7,4,1
TXN-51775,CUST-10370,2024-07-24,North America,Enterprise,ERP Connect,24,4702.15,5,1,0
TXN-51776,CUST-11139,2025-05-22,North America,Small Business,Cybersecurity Core,12,641.53,9,6,0
TXN-51777,CUST-10707,2025-03-02,Europe,Mid-Market,ERP Connect,24,1625.49,2,1,1
TXN-51778,CUST-10814,2024-06-22,North America,Small Business,Customer 360,12,532.47,4,2,1
TXN-51779,CUST-10027,2024-03-09,North America,Mid-Market,ERP Connect,24,1704.38,8,8,1
TXN-51780,CUST-10700,2025-06-16,North America,Small Business,Customer 360,36,583.48,6,2,0
TXN-51781,CUST-10123,2025-07-05,Asia Pacific,Mid-Market,Customer 360,12,1518.19,9,4,0
TXN-51782,CUST-10028,2024-03-27,North America,Small Business,Cybersecurity Core,24,550.84,5,4,1
TXN-51783,CUST-10546,2024-06-07,North America,Mid-Market,Cybersecurity Core,12,1504.56,8,3,0
TXN-51784,CUST-10081,2025-09-08,North America,Mid-Market,Customer 360,36,1613.36,1,4,1
TXN-51785,CUST-10462,2024-07-10,North America,Mid-Market,Customer 360,12,1591.25,5,1,1
TXN-51786,CUST-10310,2024-01-04,Europe,Enterprise,Customer 360,12,4204.77,3,5,1
TXN-51787,CUST-10345,2024-03-24,Asia Pacific,Small Business,Cloud Analytics Suite,24,695.81,9,1,0
TXN-51788,CUST-11181,2024-09-08,Asia Pacific,Enterprise,Cybersecurity Core,36,3401.54,3,3,0
TXN-51789,CUST-10478,2024-07-22,Europe,Mid-Market,ERP Connect,12,1509.41,4,2,1
TXN-51790,CUST-10548,2025-03-08,Asia Pacific,Mid-Market,ERP Connect,12,2110.89,10,1,1
TXN-51791,CUST-10493,2024-06-01,Asia Pacific,Mid-Market,Customer 360,12,1565.3,8,4,0
TXN-51792,CUST-11112,2025-02-26,Europe,Mid-Market,Cybersecurity Core,12,1931.25,6,1,0
TXN-51793,CUST-10368,2025-01-02,Europe,Mid-Market,ERP Connect,12,1698.65,6,4,1
TXN-51794,CUST-10063,2024-02-06,North America,Mid-Market,Cybersecurity Core,36,1625.75,8,1,1
TXN-51795,CUST-10840,2025-05-01,Asia Pacific,Enterprise,Customer 360,24,3450.12,6,3,0
TXN-51796,CUST-10512,2025-01-08,Asia Pacific,Mid-Market,Cybersecurity Core,12,2151.69,4,2,1
TXN-51797,CUST-11167,2024-05-21,Europe,Mid-Market,Customer 360,12,1875.84,4,2,1
TXN-51798,CUST-11091,2024-11-10,North America,Mid-Market,Customer 360,12,1791.55,9,4,0
TXN-51799,CUST-10099,2024-01-19,Europe,Mid-Market,Customer 360,24,1547.83,8,2,1
TXN-51800,CUST-10775,2025-05-10,North America,Small Business,Cloud Analytics Suite,24,754.59,2,2,0
TXN-51801,CUST-10735,2025-06-09,North America,Mid-Market,Customer 360,24,2101.73,7,1,1
TXN-51802,CUST-11010,2025-04-13,North America,Mid-Market,Cloud Analytics Suite,36,1757.14,6,1,0
TXN-51803,CUST-11050,2024-01-06,North America,Small Business,Cloud Analytics Suite,36,479.0,4,3,0
TXN-51804,CUST-10601,2025-04-05,Asia Pacific,Mid-Market,Cybersecurity Core,12,1889.58,5,2,1
TXN-51805,CUST-10120,2025-05-18,North America,Mid-Market,Cybersecurity Core,24,1736.48,6,1,0
TXN-51806,CUST-11177,2025-02-19,North America,Small Business,ERP Connect,12,477.63,1,3,0
TXN-51807,CUST-10868,2024-11-18,North America,Mid-Market,Cloud Analytics Suite,12,1726.45,8,5,1
TXN-51808,CUST-11033,2025-11-27,Europe,Small Business,Cloud Analytics Suite,24,604.16,2,6,1
TXN-51809,CUST-10751,2024-01-11,Europe,Small Business,Cybersecurity Core,12,554.1,9,3,1
TXN-51810,CUST-10862,2024-05-11,North America,Small Business,Cybersecurity Core,24,529.78,2,4,0
TXN-51811,CUST-11115,2025-09-07,Asia Pacific,Mid-Market,Cybersecurity Core,36,2418.85,9,4,0
TXN-51812,CUST-10030,2024-10-18,North America,Small Business,Cybersecurity Core,36,581.77,8,3,1
TXN-51813,CUST-10584,2025-07-27,North America,Enterprise,Customer 360,12,4804.9,9,5,0
TXN-51814,CUST-10917,2024-12-07,Europe,Small Business,Customer 360,12,571.84,4,4,0
TXN-51815,CUST-10958,2024-06-05,Europe,Small Business,Cloud Analytics Suite,24,713.42,8,3,0
TXN-51816,CUST-10650,2024-07-02,Latin America,Mid-Market,ERP Connect,12,1542.74,2,2,1
TXN-51817,CUST-10000,2024-05-21,Asia Pacific,Mid-Market,Customer 360,24,1318.2,3,4,1
TXN-51818,CUST-10638,2025-12-02,North America,Mid-Market,Cloud Analytics Suite,12,1266.45,2,5,1
TXN-51819,CUST-10342,2024-10-18,North America,Enterprise,Cloud Analytics Suite,24,4641.34,7,2,1
TXN-51820,CUST-10429,2025-05-21,North America,Mid-Market,Customer 360,12,2033.57,7,3,0
TXN-51821,CUST-10341,2025-12-05,Europe,Mid-Market,ERP Connect,24,2233.43,7,5,1
TXN-51822,CUST-10047,2024-06-21,Asia Pacific,Small Business,Customer 360,24,657.84,8,2,1
TXN-51823,CUST-10850,2024-07-26,Europe,Small Business,Cloud Analytics Suite,12,686.89,7,6,0
TXN-51824,CUST-10974,2025-06-23,North America,Enterprise,Cloud Analytics Suite,24,5398.42,3,1,1
TXN-51825,CUST-10634,2024-09-01,Latin America,Small Business,Customer 360,12,750.81,5,3,0
TXN-51826,CUST-10909,2024-12-09,Europe,Small Business,Cloud Analytics Suite,24,520.01,6,7,1
TXN-51827,CUST-11146,2024-05-04,North America,Mid-Market,Customer 360,12,2114.7,3,2,0
TXN-51828,CUST-10445,2025-02-20,Europe,Mid-Market,Cloud Analytics Suite,12,1979.73,6,1,1
TXN-51829,CUST-10827,2024-07-10,North America,Mid-Market,Cloud Analytics Suite,24,1612.12,9,3,0
TXN-51830,CUST-11144,2024-06-25,Europe,Small Business,Customer 360,12,765.39,5,5,0
TXN-51831,CUST-10014,2025-10-22,Latin America,Enterprise,ERP Connect,36,5447.96,9,0,0
TXN-51832,CUST-10063,2024-07-23,Latin America,Mid-Market,Cloud Analytics Suite,24,1974.06,2,3,0
TXN-51833,CUST-10394,2025-04-08,Latin America,Enterprise,Cybersecurity Core,24,3507.63,3,8,0
TXN-51834,CUST-10600,2025-07-15,Latin America,Enterprise,Cybersecurity Core,24,5538.81,6,1,1
TXN-51835,CUST-10002,2025-08-04,North America,Mid-Market,Customer 360,24,1755.63,2,4,0
TXN-51836,CUST-10546,2024-02-24,Asia Pacific,Mid-Market,ERP Connect,12,1995.78,9,3,0
TXN-51837,CUST-10420,2025-03-20,Asia Pacific,Enterprise,Cloud Analytics Suite,36,3889.35,10,1,0
TXN-51838,CUST-10373,2024-03-12,Europe,Small Business,Cloud Analytics Suite,24,545.58,9,1,0
TXN-51839,CUST-11046,2024-04-09,Europe,Small Business,ERP Connect,24,456.15,8,4,0
TXN-51840,CUST-10559,2025-12-09,Europe,Enterprise,Cloud Analytics Suite,12,5444.95,8,5,1
TXN-51841,CUST-11113,2024-06-25,Asia Pacific,Mid-Market,Cloud Analytics Suite,12,1817.88,5,1,0
TXN-51842,CUST-10939,2024-10-16,Asia Pacific,Mid-Market,Customer 360,12,2061.92,5,1,0
TXN-51843,CUST-10490,2025-03-25,Asia Pacific,Enterprise,Customer 360,24,4365.93,5,3,1
TXN-51844,CUST-10976,2025-06-26,North America,Mid-Market,Cybersecurity Core,12,1467.99,8,6,0
TXN-51845,CUST-11151,2024-07-26,Asia Pacific,Mid-Market,Cybersecurity Core,12,2134.7,6,3,0
TXN-51846,CUST-10158,2024-12-09,North America,Small Business,ERP Connect,36,652.26,8,4,0
TXN-51847,CUST-10442,2025-01-21,Europe,Small Business,Cybersecurity Core,36,585.18,6,8,0
TXN-51848,CUST-10527,2024-09-15,North America,Enterprise,Cybersecurity Core,12,3829.04,9,5,0
TXN-51849,CUST-11163,2025-05-07,Europe,Enterprise,Cloud Analytics Suite,36,4435.29,1,3,1
TXN-51850,CUST-10766,2025-05-01,Europe,Small Business,Customer 360,12,681.84,9,3,0
TXN-51851,CUST-10402,2024-05-19,Asia Pacific,Enterprise,Cloud Analytics Suite,12,5636.94,5,4,0
TXN-51852,CUST-10861,2025-04-01,North America,Mid-Market,Cybersecurity Core,24,1985.19,3,4,1
TXN-51853,CUST-10318,2025-10-27,North America,Enterprise,Customer 360,12,4089.3,8,4,1
TXN-51854,CUST-10553,2024-11-27,North America,Small Business,Cloud Analytics Suite,36,754.33,6,3,0
TXN-51855,CUST-10567,2025-02-17,Europe,Enterprise,ERP Connect,12,5010.28,6,2,0
TXN-51856,CUST-10376,2024-10-10,North America,Mid-Market,Cloud Analytics Suite,36,1639.73,6,4,0
TXN-51857,CUST-10672,2025-10-24,North America,Small Business,Cloud Analytics Suite,12,600.85,7,5,0
TXN-51858,CUST-10290,2025-08-14,North America,Mid-Market,ERP Connect,24,1817.11,7,3,0
TXN-51859,CUST-10295,2024-07-01,Asia Pacific,Enterprise,Cloud Analytics Suite,12,3635.62,4,3,1
TXN-51860,CUST-10982,2024-06-10,North America,Enterprise,ERP Connect,12,4574.73,7,3,0
TXN-51861,CUST-10137,2024-10-07,Asia Pacific,Mid-Market,Customer 360,24,1951.96,2,4,1
TXN-51862,CUST-10222,2025-12-10,North America,Enterprise,Cloud Analytics Suite,12,4736.14,5,2,1
TXN-51863,CUST-10718,2024-06-23,North America,Mid-Market,Cloud Analytics Suite,12,1688.52,7,2,0
TXN-51864,CUST-10973,2025-04-11,Asia Pacific,Mid-Market,Cybersecurity Core,12,1843.33,10,2,0
TXN-51865,CUST-10943,2024-11-25,Latin America,Small Business,Customer 360,12,452.0,6,5,0
TXN-51866,CUST-10633,2024-03-20,Europe,Enterprise,ERP Connect,12,4392.41,1,4,1
TXN-51867,CUST-11143,2025-08-15,Asia Pacific,Mid-Market,Cloud Analytics Suite,24,1751.25,6,6,1
TXN-51868,CUST-10196,2025-01-02,North America,Mid-Market,ERP Connect,12,1853.12,9,1,1
TXN-51869,CUST-10201,2025-08-10,North America,Small Business,ERP Connect,12,525.35,7,3,0
TXN-51870,CUST-10833,2025-12-19,North America,Mid-Market,Customer 360,36,1646.28,1,3,0
TXN-51871,CUST-10618,2024-06-04,Europe,Enterprise,ERP Connect,36,4514.26,6,3,0
TXN-51872,CUST-10315,2024-08-13,North America,Small Business,Customer 360,24,514.65,4,3,0
TXN-51873,CUST-10223,2025-05-13,North America,Small Business,Cybersecurity Core,24,892.29,4,4,1
TXN-51874,CUST-10322,2024-03-27,North America,Small Business,ERP Connect,12,521.9,4,1,0
TXN-51875,CUST-10752,2025-12-26,Asia Pacific,Mid-Market,Cybersecurity Core,12,1384.28,6,4,1
TXN-51876,CUST-10219,2024-04-19,Europe,Small Business,Cloud Analytics Suite,12,695.87,1,4,0
TXN-51877,CUST-10474,2025-04-20,Europe,Mid-Market,Cybersecurity Core,12,1857.08,7,4,0
TXN-51878,CUST-10414,2024-10-16,Latin America,Mid-Market,Cloud Analytics Suite,24,1344.76,9,0,0
TXN-51879,CUST-10163,2024-10-05,Europe,Small Business,ERP Connect,24,686.67,8,1,0
TXN-51880,CUST-10895,2025-11-06,Latin America,Enterprise,Customer 360,24,4643.85,4,5,0
TXN-51881,CUST-10592,2025-11-26,North America,Enterprise,ERP Connect,12,4774.72,4,0,0
TXN-51882,CUST-10602,2024-07-06,North America,Small Business,ERP Connect,12,589.09,5,5,0
TXN-51883,CUST-10934,2024-07-06,Europe,Mid-Market,Customer 360,12,2337.84,4,5,1
TXN-51884,CUST-10232,2025-10-16,Latin America,Enterprise,Cloud Analytics Suite,12,3930.18,3,6,0
TXN-51885,CUST-10590,2024-12-08,Europe,Small Business,Customer 360,12,623.69,5,5,1
TXN-51886,CUST-10977,2024-02-05,Asia Pacific,Mid-Market,Cloud Analytics Suite,12,1721.74,5,2,0
TXN-51887,CUST-10582,2025-06-27,North America,Small Business,Customer 360,36,559.0,7,3,1
TXN-51888,CUST-10656,2024-06-22,North America,Enterprise,ERP Connect,12,3154.52,6,4,0
TXN-51889,CUST-10645,2024-10-12,North America,Mid-Market,Cloud Analytics Suite,12,2150.35,5,2,1
TXN-51890,CUST-10544,2024-03-24,Asia Pacific,Mid-Market,Cloud Analytics Suite,12,1611.04,5,4,0
TXN-51891,CUST-10827,2025-12-23,Asia Pacific,Enterprise,Customer 360,12,5014.45,5,6,1
TXN-51892,CUST-11172,2024-06-05,North America,Enterprise,ERP Connect,12,4394.91,1,4,0
TXN-51893,CUST-10763,2024-03-05,Latin America,Mid-Market,ERP Connect,24,1559.8,7,2,0
TXN-51894,CUST-10224,2024-08-17,Europe,Small Business,Cloud Analytics Suite,24,575.17,3,4,1
TXN-51895,CUST-11039,2025-03-08,North America,Small Business,Customer 360,12,514.11,7,5,0
TXN-51896,CUST-10974,2024-07-27,North America,Enterprise,Cloud Analytics Suite,12,2939.5,5,5,1
TXN-51897,CUST-10435,2025-12-10,North America,Mid-Market,Cybersecurity Core,36,1236.1,6,1,0
TXN-51898,CUST-10073,2025-04-19,North America,Small Business,ERP Connect,12,577.46,5,4,0
TXN-51899,CUST-10898,2024-11-10,Europe,Mid-Market,Cybersecurity Core,36,1737.52,3,0,1
TXN-51900,CUST-10457,2025-11-14,North America,Mid-Market,Cloud Analytics Suite,24,1472.27,4,3,1
TXN-51901,CUST-11171,2024-02-24,North America,Small Business,Customer 360,24,514.77,6,4,1
TXN-51902,CUST-10085,2024-01-17,North America,Small Business,Cloud Analytics Suite,36,218.13,7,2,0
TXN-51903,CUST-10540,2024-04-02,Europe,Small Business,Customer 360,24,368.83,5,4,0
TXN-51904,CUST-10403,2024-12-27,North America,Small Business,Customer 360,24,387.31,7,2,1
TXN-51905,CUST-11010,2025-11-04,North America,Mid-Market,Customer 360,12,1077.22,9,2,0
TXN-51906,CUST-10872,2024-06-01,Asia Pacific,Mid-Market,ERP Connect,24,1666.58,7,3,0
TXN-51907,CUST-10733,2025-10-03,North America,Small Business,ERP Connect,24,543.09,5,5,1
TXN-51908,CUST-10652,2024-02-06,Europe,Mid-Market,Cybersecurity Core,12,1313.38,1,2,0
TXN-51909,CUST-10540,2025-12-27,North America,Enterprise,Customer 360,12,3798.35,6,4,1
TXN-51910,CUST-10742,2025-04-02,North America,Mid-Market,ERP Connect,36,1836.21,9,4,1
TXN-51911,CUST-10758,2024-11-16,Latin America,Mid-Market,Cybersecurity Core,12,2606.3,8,3,1
TXN-51912,CUST-10245,2024-12-01,Europe,Small Business,Cloud Analytics Suite,24,618.17,2,0,1
TXN-51913,CUST-11118,2024-12-23,North America,Mid-Market,Cloud Analytics Suite,36,1651.51,2,2,1
TXN-51914,CUST-11025,2025-02-04,North America,Mid-Market,ERP Connect,36,2478.89,4,3,1
TXN-51915,CUST-10895,2024-04-19,Asia Pacific,Mid-Market,Cloud Analytics Suite,24,1285.8,6,2,0
TXN-51916,CUST-10774,2025-06-12,Latin America,Enterprise,Customer 360,12,4367.22,5,2,0
TXN-51917,CUST-10233,2025-06-19,Latin America,Mid-Market,Cloud Analytics Suite,24,2141.67,8,2,1
TXN-51918,CUST-11057,2025-12-27,North America,Small Business,Cybersecurity Core,24,603.4,6,4,0
TXN-51919,CUST-10548,2025-03-11,Asia Pacific,Mid-Market,Cloud Analytics Suite,12,1179.97,4,1,1
TXN-51920,CUST-10924,2024-03-13,Asia Pacific,Mid-Market,Cybersecurity Core,36,1994.57,6,2,0
TXN-51921,CUST-10565,2024-10-10,North America,Small Business,Cloud Analytics Suite,24,599.77,1,2,0
TXN-51922,CUST-10898,2025-05-27,Europe,Enterprise,ERP Connect,12,2952.14,8,1,1
TXN-51923,CUST-11199,2025-04-03,North America,Mid-Market,ERP Connect,12,1524.57,4,4,1
TXN-51924,CUST-10145,2025-06-26,North America,Mid-Market,Customer 360,12,2221.31,7,3,0
TXN-51925,CUST-10037,2024-06-21,North America,Small Business,Cybersecurity Core,36,407.99,7,3,0
TXN-51926,CUST-10743,2025-05-04,North America,Small Business,Customer 360,24,570.95,7,3,0
TXN-51927,CUST-10635,2024-01-23,Asia Pacific,Mid-Market,Cybersecurity Core,36,1290.83,1,3,1
TXN-51928,CUST-11114,2025-09-12,North America,Mid-Market,Customer 360,24,2659.53,4,4,1
TXN-51929,CUST-10733,2025-12-26,North America,Small Business,Cloud Analytics Suite,36,612.77,7,4,0
TXN-51930,CUST-10098,2024-08-10,Asia Pacific,Enterprise,ERP Connect,24,3155.92,8,2,0
TXN-51931,CUST-11077,2024-07-12,North America,Enterprise,Cybersecurity Core,36,4699.85,4,8,0
TXN-51932,CUST-10173,2025-07-01,Europe,Small Business,Cloud Analytics Suite,24,595.35,6,4,1
TXN-51933,CUST-11186,2025-05-14,North America,Small Business,ERP Connect,36,463.35,4,5,1
TXN-51934,CUST-11102,2024-07-20,Europe,Small Business,Cybersecurity Core,12,625.2,5,2,1
TXN-51935,CUST-11003,2024-05-11,Europe,Enterprise,Cloud Analytics Suite,12,4157.55,8,0,1
TXN-51936,CUST-10927,2025-05-16,North America,Enterprise,Cloud Analytics Suite,24,4499.61,4,2,0
TXN-51937,CUST-10230,2025-06-07,Europe,Mid-Market,ERP Connect,12,2350.66,6,1,1
TXN-51938,CUST-10529,2024-07-23,North America,Small Business,Customer 360,24,485.6,7,4,1
TXN-51939,CUST-10402,2024-03-10,Asia Pacific,Small Business,Customer 360,12,561.35,9,2,0
TXN-51940,CUST-10331,2025-12-20,Europe,Small Business,ERP Connect,24,652.7,8,3,0
TXN-51941,CUST-10420,2025-05-27,North America,Small Business,Cybersecurity Core,36,677.27,7,1,1
TXN-51942,CUST-11075,2025-03-08,Asia Pacific,Mid-Market,ERP Connect,12,1361.79,9,5,0
TXN-51943,CUST-11195,2024-04-20,Asia Pacific,Small Business,Cybersecurity Core,36,546.21,7,2,1
TXN-51944,CUST-11118,2024-05-05,North America,Small Business,ERP Connect,24,736.71,3,3,0
TXN-51945,CUST-10694,2025-10-25,Europe,Mid-Market,Customer 360,24,1689.68,5,2,0
TXN-51946,CUST-10970,2025-12-18,North America,Enterprise,Cybersecurity Core,12,5677.5,4,1,1
TXN-51947,CUST-10653,2025-05-25,North America,Enterprise,ERP Connect,24,4365.76,6,3,0
TXN-51948,CUST-10613,2025-07-27,North America,Enterprise,Customer 360,12,4530.87,3,0,1
TXN-51949,CUST-10712,2024-06-01,Europe,Mid-Market,ERP Connect,12,1794.97,7,4,0
TXN-51950,CUST-11051,2025-11-24,North America,Small Business,Cybersecurity Core,12,638.14,3,1,0
TXN-51951,CUST-10475,2024-10-24,North America,Mid-Market,ERP Connect,12,2001.59,7,3,1
TXN-51952,CUST-10663,2024-12-18,North America,Enterprise,Cloud Analytics Suite,24,4692.39,8,1,0
TXN-51953,CUST-10578,2025-05-17,Europe,Small Business,Cybersecurity Core,12,741.46,7,2,1
TXN-51954,CUST-10082,2024-11-17,North America,Mid-Market,Cloud Analytics Suite,12,1801.1,7,2,0
TXN-51955,CUST-10030,2025-01-23,Asia Pacific,Mid-Market,Cloud Analytics Suite,12,1424.34,4,2,0
TXN-51956,CUST-10413,2025-02-05,North America,Small Business,Customer 360,24,650.87,2,1,0
TXN-51957,CUST-10486,2024-04-11,Europe,Small Business,Cloud Analytics Suite,12,563.33,4,3,0
TXN-51958,CUST-11141,2024-01-27,Asia Pacific,Mid-Market,Cybersecurity Core,12,2054.06,7,5,1
TXN-51959,CUST-10395,2025-10-19,Europe,Enterprise,ERP Connect,24,4853.3,8,5,0
TXN-51960,CUST-10702,2024-06-27,North America,Small Business,Cybersecurity Core,24,656.54,8,3,0
TXN-51961,CUST-10007,2025-09-24,North America,Mid-Market,Cybersecurity Core,12,1620.34,8,5,0
TXN-51962,CUST-10797,2024-12-19,North America,Mid-Market,ERP Connect,12,1437.61,6,0,1
TXN-51963,CUST-10554,2024-07-10,North America,Small Business,Cloud Analytics Suite,12,528.28,10,3,0
TXN-51964,CUST-10963,2024-12-19,Europe,Small Business,ERP Connect,24,643.14,2,1,1
TXN-51965,CUST-11178,2024-09-26,Latin America,Small Business,Customer 360,24,551.97,6,3,0
TXN-51966,CUST-10744,2024-08-05,North America,Enterprise,Cybersecurity Core,24,4987.11,7,1,0
TXN-51967,CUST-10165,2024-07-12,North America,Small Business,Cloud Analytics Suite,12,811.82,1,3,1
TXN-51968,CUST-10036,2024-05-23,Asia Pacific,Small Business,Cloud Analytics Suite,24,551.69,8,3,0
TXN-51969,CUST-10958,2024-05-22,Europe,Small Business,Cloud Analytics Suite,12,795.45,5,1,0
TXN-51970,CUST-10059,2025-08-25,Asia Pacific,Mid-Market,Customer 360,24,2207.26,6,2,0
TXN-51971,CUST-10710,2025-07-02,Europe,Small Business,Customer 360,36,646.11,3,1,1
TXN-51972,CUST-10791,2025-11-26,Europe,Small Business,Cloud Analytics Suite,12,761.67,5,3,0
TXN-51973,CUST-10641,2024-03-27,North America,Mid-Market,Cloud Analytics Suite,36,1158.39,2,3,1
TXN-51974,CUST-10081,2024-12-27,North America,Enterprise,Cybersecurity Core,36,4264.65,7,2,0
TXN-51975,CUST-11138,2024-03-25,Europe,Mid-Market,Cybersecurity Core,12,2218.82,3,2,0
TXN-51976,CUST-10358,2024-07-11,Europe,Small Business,Cloud Analytics Suite,12,558.4,8,2,0
TXN-51977,CUST-10245,2024-03-01,North America,Small Business,Cloud Analytics Suite,12,764.84,9,2,0
TXN-51978,CUST-11044,2024-05-09,Europe,Small Business,Cloud Analytics Suite,24,624.09,6,2,0
TXN-51979,CUST-10188,2025-08-05,North America,Small Business,ERP Connect,12,680.57,1,5,1
TXN-51980,CUST-11150,2024-12-08,North America,Small Business,ERP Connect,12,497.69,5,2,1
TXN-51981,CUST-10337,2025-04-14,North America,Mid-Market,Cloud Analytics Suite,12,1334.75,7,3,0
TXN-51982,CUST-10400,2025-09-05,North America,Mid-Market,Cybersecurity Core,24,1791.95,4,3,0
TXN-51983,CUST-11068,2024-04-18,Europe,Mid-Market,Cybersecurity Core,12,2175.55,7,0,0
TXN-51984,CUST-11111,2024-03-17,North America,Small Business,Cybersecurity Core,12,427.96,4,1,1
TXN-51985,CUST-10945,2024-02-18,North America,Mid-Market,Customer 360,12,2203.67,1,5,0
TXN-51986,CUST-10245,2024-09-21,Latin America,Mid-Market,Cybersecurity Core,24,1885.07,7,2,1
TXN-51987,CUST-10347,2024-08-05,North America,Small Business,Customer 360,24,415.96,9,5,0
TXN-51988,CUST-11137,2025-12-05,North America,Mid-Market,ERP Connect,36,1529.01,10,3,0
TXN-51989,CUST-10265,2024-07-23,North America,Enterprise,ERP Connect,24,5229.48,7,4,0
TXN-51990,CUST-10799,2025-12-20,North America,Small Business,Cybersecurity Core,12,573.09,9,4,0
TXN-51991,CUST-10083,2025-06-04,Europe,Small Business,ERP Connect,12,680.31,5,5,0
TXN-51992,CUST-11175,2025-02-03,Europe,Mid-Market,Cybersecurity Core,12,1935.62,1,0,1
TXN-51993,CUST-10128,2024-12-27,North America,Enterprise,ERP Connect,24,5122.14,1,5,1
TXN-51994,CUST-10272,2025-01-22,North America,Small Business,ERP Connect,12,665.34,6,4,0
TXN-51995,CUST-10031,2025-04-16,Europe,Small Business,Cloud Analytics Suite,12,641.69,6,3,1
TXN-51996,CUST-11192,2024-01-25,North America,Mid-Market,Cloud Analytics Suite,12,1853.27,5,6,0
TXN-51997,CUST-10929,2024-02-18,North America,Enterprise,Cybersecurity Core,12,3708.88,7,4,1
TXN-51998,CUST-10601,2025-03-09,North America,Mid-Market,ERP Connect,24,2221.41,8,5,1
TXN-51999,CUST-11180,2025-04-16,North America,Enterprise,ERP Connect,24,4622.91,6,6,0
TXN-52000,CUST-10529,2025-02-04,Europe,Enterprise,ERP Connect,12,5344.54,7,3,0
TXN-52001,CUST-10488,2024-06-21,Europe,Mid-Market,ERP Connect,24,2312.27,8,2,1
TXN-52002,CUST-10731,2024-11-13,North America,Small Business,Cloud Analytics Suite,12,831.01,5,4,0
TXN-52003,CUST-10464,2024-04-18,Asia Pacific,Mid-Market,ERP Connect,24,2084.0,1,2,0
TXN-52004,CUST-10896,2025-06-18,Asia Pacific,Enterprise,Customer 360,24,4101.49,6,2,0
TXN-52005,CUST-11081,2024-05-20,Europe,Small Business,Cloud Analytics Suite,36,524.34,5,4,0
TXN-52006,CUST-10507,2025-07-06,Europe,Enterprise,ERP Connect,12,3560.77,7,2,0
TXN-52007,CUST-11188,2024-08-15,Asia Pacific,Mid-Market,Cybersecurity Core,36,1857.77,5,3,0
TXN-52008,CUST-11119,2024-10-23,Europe,Small Business,Cybersecurity Core,24,566.37,2,3,1
TXN-52009,CUST-10624,2024-07-18,Europe,Mid-Market,Cloud Analytics Suite,12,2001.88,7,3,0
TXN-52010,CUST-10177,2024-04-18,Asia Pacific,Enterprise,ERP Connect,12,5588.35,1,5,1
TXN-52011,CUST-10911,2024-09-09,Europe,Mid-Market,Customer 360,36,1916.91,6,5,0
TXN-52012,CUST-11089,2024-04-17,North America,Small Business,ERP Connect,12,468.52,7,3,1
TXN-52013,CUST-10006,2024-12-19,Europe,Mid-Market,Cybersecurity Core,24,2078.45,5,3,0
TXN-52014,CUST-10243,2024-08-21,North America,Enterprise,ERP Connect,12,5312.62,8,0,0
TXN-52015,CUST-10312,2024-09-21,Asia Pacific,Small Business,Customer 360,24,476.5,4,4,0
TXN-52016,CUST-10043,2024-09-25,North America,Enterprise,Cloud Analytics Suite,36,4473.0,5,3,1
TXN-52017,CUST-10655,2025-12-18,North America,Mid-Market,Cybersecurity Core,12,2060.86,7,5,0
TXN-52018,CUST-10947,2025-08-10,North America,Mid-Market,Cybersecurity Core,36,1850.73,3,2,0
TXN-52019,CUST-10458,2024-12-19,Asia Pacific,Small Business,Customer 360,12,549.53,7,5,0
TXN-52020,CUST-10849,2024-09-11,Latin America,Small Business,Cybersecurity Core,12,680.06,7,3,0
TXN-52021,CUST-11044,2024-11-08,Latin America,Small Business,ERP Connect,36,758.48,8,3,1
TXN-52022,CUST-10573,2024-06-24,North America,Mid-Market,Customer 360,24,2022.07,9,3,1
TXN-52023,CUST-10882,2024-04-21,North America,Small Business,ERP Connect,24,726.7,2,2,1
TXN-52024,CUST-10881,2024-01-19,Europe,Mid-Market,ERP Connect,36,2130.23,8,1,0
TXN-52025,CUST-10300,2025-03-21,North America,Mid-Market,ERP Connect,12,2119.89,1,1,1
TXN-52026,CUST-11029,2025-12-16,Latin America,Mid-Market,Customer 360,12,1984.53,8,2,0
TXN-52027,CUST-10934,2024-01-23,North America,Enterprise,Cloud Analytics Suite,12,5030.12,8,6,0
TXN-52028,CUST-10947,2024-06-14,Latin America,Mid-Market,Customer 360,24,2410.89,4,2,0
TXN-52029,CUST-10337,2025-05-25,Europe,Small Business,Cybersecurity Core,24,498.53,6,1,1
TXN-52030,CUST-10308,2024-03-17,North America,Mid-Market,Cybersecurity Core,12,1074.23,6,6,1
TXN-52031,CUST-10184,2024-12-23,North America,Mid-Market,Cloud Analytics Suite,36,1063.58,3,3,0
TXN-52032,CUST-10987,2024-05-17,Europe,Enterprise,Customer 360,12,3199.13,9,4,0
TXN-52033,CUST-10477,2024-03-24,Europe,Enterprise,Cybersecurity Core,24,4512.67,4,4,0
TXN-52034,CUST-10437,2024-09-13,Europe,Mid-Market,Customer 360,12,1523.44,2,2,0
TXN-52035,CUST-10761,2025-10-26,North America,Small Business,Cybersecurity Core,12,797.22,6,4,0
TXN-52036,CUST-10011,2025-01-03,Europe,Enterprise,ERP Connect,36,4592.87,8,1,0
TXN-52037,CUST-10513,2025-09-07,Latin America,Mid-Market,ERP Connect,36,1109.61,5,2,0
TXN-52038,CUST-10886,2025-07-09,Europe,Small Business,Cloud Analytics Suite,12,749.34,8,4,0
TXN-52039,CUST-10054,2025-07-02,North America,Enterprise,Cybersecurity Core,24,5299.8,7,2,0
TXN-52040,CUST-10569,2025-10-01,North America,Mid-Market,Cloud Analytics Suite,24,2471.09,5,8,1
TXN-52041,CUST-10808,2025-02-22,North America,Enterprise,ERP Connect,36,2298.37,7,5,1
TXN-52042,CUST-10908,2025-11-14,Latin America,Small Business,ERP Connect,24,541.41,4,4,1
TXN-52043,CUST-10353,2024-11-21,Asia Pacific,Mid-Market,ERP Connect,36,2527.76,8,3,0
TXN-52044,CUST-10940,2025-06-16,Europe,Mid-Market,Customer 360,36,1604.64,7,0,0
TXN-52045,CUST-10808,2024-08-15,North America,Mid-Market,Cybersecurity Core,24,1653.0,7,2,0
TXN-52046,CUST-10906,2025-10-27,Asia Pacific,Small Business,Cybersecurity Core,12,793.43,7,5,0
TXN-52047,CUST-11060,2024-05-22,Asia Pacific,Mid-Market,Customer 360,36,1920.41,7,4,0
TXN-52048,CUST-10615,2025-01-19,Europe,Enterprise,Cybersecurity Core,24,4158.17,9,1,1
TXN-52049,CUST-11155,2025-03-12,Europe,Small Business,Cybersecurity Core,12,592.18,9,4,1
TXN-52050,CUST-10536,2025-05-21,Europe,Mid-Market,Customer 360,24,1827.07,7,5,1
TXN-52051,CUST-10105,2025-02-27,Europe,Enterprise,ERP Connect,24,5020.75,2,3,1
TXN-52052,CUST-10912,2025-08-05,North America,Enterprise,Cybersecurity Core,24,5080.59,8,7,1
TXN-52053,CUST-10055,2024-06-20,North America,Small Business,Cloud Analytics Suite,12,746.68,8,3,1
TXN-52054,CUST-11177,2025-09-25,Asia Pacific,Mid-Market,ERP Connect,12,2209.86,3,5,0
TXN-52055,CUST-10231,2024-12-10,North America,Enterprise,Cybersecurity Core,12,5973.15,2,3,1
TXN-52056,CUST-10294,2024-09-05,Europe,Enterprise,Customer 360,24,2908.27,10,4,1
TXN-52057,CUST-10689,2025-02-18,North America,Mid-Market,Customer 360,12,1430.71,7,3,0
TXN-52058,CUST-10058,2024-01-27,Europe,Mid-Market,Cybersecurity Core,12,2312.47,10,4,1
TXN-52059,CUST-10498,2024-10-27,North America,Mid-Market,Customer 360,12,1976.28,5,5,1
TXN-52060,CUST-10965,2025-04-15,North America,Small Business,Cloud Analytics Suite,12,533.63,7,3,1
TXN-52061,CUST-10951,2024-12-17,North America,Mid-Market,Cybersecurity Core,24,1908.15,4,4,0
TXN-52062,CUST-10495,2024-09-14,Europe,Mid-Market,Customer 360,12,1884.57,4,8,1
TXN-52063,CUST-10955,2024-06-11,Europe,Enterprise,ERP Connect,12,4781.75,9,3,0
TXN-52064,CUST-11054,2025-09-16,North America,Mid-Market,ERP Connect,24,2144.22,8,4,0
TXN-52065,CUST-11040,2024-08-15,Asia Pacific,Enterprise,Cloud Analytics Suite,12,4533.59,6,1,1
TXN-52066,CUST-10381,2025-05-05,Latin America,Mid-Market,Cybersecurity Core,12,1192.72,9,3,1
TXN-52067,CUST-11106,2025-03-18,North America,Enterprise,ERP Connect,12,4089.37,2,1,0
TXN-52068,CUST-10326,2025-09-09,North America,Enterprise,Customer 360,36,3453.45,5,3,1
TXN-52069,CUST-10154,2024-09-07,Europe,Small Business,Cloud Analytics Suite,24,729.69,5,4,1
TXN-52070,CUST-10433,2024-09-26,North America,Mid-Market,Cloud Analytics Suite,24,1440.46,5,4,1
TXN-52071,CUST-10303,2025-07-22,Europe,Mid-Market,Customer 360,12,1505.36,7,4,1
TXN-52072,CUST-10909,2025-11-03,Europe,Small Business,Cybersecurity Core,24,608.96,7,3,1
TXN-52073,CUST-10322,2025-09-12,North America,Enterprise,ERP Connect,12,3581.87,5,4,0
TXN-52074,CUST-10370,2024-09-04,North America,Mid-Market,ERP Connect,12,1885.61,8,2,0
TXN-52075,CUST-10517,2025-05-02,North America,Mid-Market,Customer 360,24,1708.19,2,2,0
TXN-52076,CUST-10016,2025-03-17,Europe,Small Business,Cybersecurity Core,12,620.37,6,4,0
TXN-52077,CUST-11157,2025-12-09,Europe,Mid-Market,ERP Connect,36,1583.56,7,1,0
TXN-52078,CUST-10233,2024-12-02,Asia Pacific,Enterprise,Customer 360,12,5723.74,8,4,1
TXN-52079,CUST-11194,2024-06-16,Europe,Small Business,Cloud Analytics Suite,12,813.69,6,5,1
TXN-52080,CUST-10324,2024-11-27,Europe,Enterprise,ERP Connect,36,4660.65,9,4,1
TXN-52081,CUST-10085,2024-06-26,Latin America,Mid-Market,ERP Connect,24,1920.32,9,2,0
TXN-52082,CUST-10602,2024-05-04,Latin America,Mid-Market,Cybersecurity Core,12,2198.39,9,4,1
TXN-52083,CUST-10079,2025-04-09,Europe,Enterprise,Cloud Analytics Suite,36,5136.24,3,1,0
TXN-52084,CUST-10918,2024-08-11,Asia Pacific,Mid-Market,Cybersecurity Core,12,1514.89,7,2,0
TXN-52085,CUST-10135,2025-03-14,Asia Pacific,Mid-Market,Customer 360,12,2401.34,3,4,0
TXN-52086,CUST-10748,2025-06-22,North America,Enterprise,Cybersecurity Core,12,4743.89,8,5,0
TXN-52087,CUST-10435,2024-03-20,North America,Mid-Market,Cybersecurity Core,24,1810.48,7,1,0
TXN-52088,CUST-10269,2025-12-10,North America,Mid-Market,ERP Connect,24,1643.53,8,3,1
TXN-52089,CUST-10433,2025-02-18,Latin America,Mid-Market,Cybersecurity Core,12,2085.37,6,0,0
TXN-52090,CUST-10686,2025-11-01,North America,Small Business,Cybersecurity Core,24,536.08,4,2,1
TXN-52091,CUST-10800,2024-07-11,Europe,Mid-Market,Customer 360,12,1214.5,6,5,0
TXN-52092,CUST-10015,2025-06-20,Asia Pacific,Mid-Market,Cybersecurity Core,24,1474.2,6,5,1
TXN-52093,CUST-10129,2025-10-24,Europe,Small Business,ERP Connect,12,534.38,3,4,1
TXN-52094,CUST-10818,2025-10-03,North America,Enterprise,Customer 360,24,4921.48,8,4,0
TXN-52095,CUST-10555,2024-09-18,North America,Mid-Market,ERP Connect,12,1878.46,3,7,1
TXN-52096,CUST-11004,2024-01-06,Latin America,Mid-Market,Cloud Analytics Suite,12,1486.36,3,3,0
TXN-52097,CUST-10774,2024-11-06,North America,Small Business,Cloud Analytics Suite,24,527.82,5,2,0
TXN-52098,CUST-10157,2025-10-04,North America,Enterprise,ERP Connect,12,5953.29,6,1,1
TXN-52099,CUST-10751,2024-03-01,Europe,Enterprise,Customer 360,12,4494.64,7,3,1
TXN-52100,CUST-10623,2024-10-11,Europe,Enterprise,ERP Connect,12,2794.49,3,3,0
TXN-52101,CUST-10025,2025-04-10,North America,Small Business,Cloud Analytics Suite,24,735.3,9,4,0
TXN-52102,CUST-10117,2025-12-20,Europe,Mid-Market,Customer 360,12,1810.08,5,4,0
TXN-52103,CUST-11043,2024-08-26,Europe,Mid-Market,ERP Connect,12,1418.08,8,3,0
TXN-52104,CUST-10400,2025-05-01,Asia Pacific,Mid-Market,ERP Connect,36,1913.68,6,2,0
TXN-52105,CUST-10013,2025-01-21,Europe,Small Business,Cloud Analytics Suite,12,620.97,4,0,1
TXN-52106,CUST-10140,2024-07-04,Asia Pacific,Mid-Market,Cybersecurity Core,12,1699.37,6,4,0
TXN-52107,CUST-10002,2025-06-11,Europe,Mid-Market,ERP Connect,12,1673.3,4,6,1
TXN-52108,CUST-10541,2025-12-15,Asia Pacific,Small Business,ERP Connect,12,421.04,6,2,1
TXN-52109,CUST-10144,2024-06-22,Europe,Enterprise,Customer 360,24,4553.87,3,2,0
TXN-52110,CUST-11106,2025-05-04,Europe,Mid-Market,Cybersecurity Core,12,1261.75,10,4,1
TXN-52111,CUST-10869,2025-10-21,Europe,Small Business,Cloud Analytics Suite,24,463.41,5,2,1
TXN-52112,CUST-10474,2025-07-09,Asia Pacific,Mid-Market,Customer 360,24,1626.24,4,3,0
TXN-52113,CUST-10780,2024-11-01,Europe,Enterprise,Customer 360,12,5200.29,7,2,1
TXN-52114,CUST-10696,2024-05-16,Asia Pacific,Mid-Market,Customer 360,24,1236.29,4,2,0
TXN-52115,CUST-11101,2024-10-23,North America,Small Business,Customer 360,36,637.75,5,4,0
TXN-52116,CUST-11059,2024-05-11,Europe,Mid-Market,Cloud Analytics Suite,12,2331.44,10,1,0
TXN-52117,CUST-10489,2024-04-19,North America,Mid-Market,Cloud Analytics Suite,12,2038.9,7,3,0
TXN-52118,CUST-10053,2025-04-24,North America,Enterprise,Cybersecurity Core,24,5204.74,7,3,1
TXN-52119,CUST-10486,2025-07-06,Europe,Small Business,Cloud Analytics Suite,12,582.8,4,5,1
TXN-52120,CUST-10436,2025-06-26,North America,Mid-Market,ERP Connect,12,1555.22,5,7,0
TXN-52121,CUST-10117,2025-06-04,North America,Enterprise,Cloud Analytics Suite,12,3485.58,4,0,0
TXN-52122,CUST-10648,2024-10-03,North America,Enterprise,ERP Connect,12,2920.3,5,3,1
TXN-52123,CUST-10134,2025-10-04,North America,Small Business,Cybersecurity Core,24,664.87,7,1,0
TXN-52124,CUST-10406,2024-07-17,North America,Mid-Market,Cloud Analytics Suite,24,1192.41,7,5,0
TXN-52125,CUST-10406,2025-10-12,Latin America,Enterprise,ERP Connect,24,4431.02,9,5,1
TXN-52126,CUST-10991,2025-10-03,Asia Pacific,Enterprise,Cloud Analytics Suite,36,4274.76,6,3,1
TXN-52127,CUST-10731,2024-10-25,North America,Mid-Market,Customer 360,12,1855.89,8,4,1
TXN-52128,CUST-10803,2025-12-05,North America,Mid-Market,ERP Connect,24,1355.27,6,4,1
TXN-52129,CUST-10607,2025-06-13,Latin America,Small Business,Cloud Analytics Suite,12,557.96,6,3,1
TXN-52130,CUST-11061,2025-03-24,Europe,Mid-Market,ERP Connect,12,1749.64,3,2,1
TXN-52131,CUST-10945,2025-06-12,Asia Pacific,Enterprise,ERP Connect,36,4939.8,9,2,1
TXN-52132,CUST-10888,2024-08-07,North America,Enterprise,ERP Connect,24,4480.31,6,3,1
TXN-52133,CUST-11091,2024-02-14,North America,Small Business,Cloud Analytics Suite,24,832.67,7,1,0
TXN-52134,CUST-10052,2024-08-06,Europe,Enterprise,Cybersecurity Core,24,5287.73,8,2,0
TXN-52135,CUST-10304,2024-09-25,North America,Mid-Market,Customer 360,12,1689.99,8,4,1
TXN-52136,CUST-10179,2024-05-02,Europe,Enterprise,ERP Connect,24,5282.03,7,3,1
TXN-52137,CUST-11157,2025-11-16,North America,Mid-Market,Cloud Analytics Suite,12,1622.02,8,1,0
TXN-52138,CUST-11147,2025-06-01,North America,Enterprise,Customer 360,12,5178.51,6,4,0
TXN-52139,CUST-10735,2025-01-04,Asia Pacific,Mid-Market,Cybersecurity Core,12,1684.48,3,3,0
TXN-52140,CUST-10624,2025-10-23,North America,Small Business,Customer 360,12,533.75,5,2,0
TXN-52141,CUST-10181,2025-01-04,North America,Small Business,ERP Connect,36,619.59,6,3,1
TXN-52142,CUST-10705,2025-12-14,North America,Small Business,Cybersecurity Core,12,683.35,5,3,0
TXN-52143,CUST-10589,2025-12-15,North America,Small Business,Cloud Analytics Suite,12,510.71,6,3,1
TXN-52144,CUST-10946,2024-01-23,Europe,Enterprise,ERP Connect,12,4771.99,8,0,0
TXN-52145,CUST-10685,2025-02-25,Latin America,Mid-Market,ERP Connect,24,1717.26,8,4,0
TXN-52146,CUST-10945,2024-11-16,Latin America,Enterprise,Cloud Analytics Suite,12,4393.39,6,5,1
TXN-52147,CUST-10665,2025-02-22,Europe,Small Business,Cybersecurity Core,12,766.43,7,2,0
TXN-52148,CUST-10923,2024-05-09,North America,Enterprise,ERP Connect,24,4666.91,6,2,1
TXN-52149,CUST-10773,2025-12-10,Latin America,Small Business,Customer 360,12,796.95,4,3,0
TXN-52150,CUST-10760,2025-09-20,Europe,Mid-Market,Cloud Analytics Suite,24,1965.36,8,5,0
TXN-52151,CUST-10759,2025-04-22,Europe,Mid-Market,Cybersecurity Core,24,1678.71,7,2,0
TXN-52152,CUST-10082,2024-07-13,North America,Mid-Market,Cloud Analytics Suite,24,1724.14,7,5,0
TXN-52153,CUST-10211,2024-02-11,North America,Mid-Market,Cloud Analytics Suite,12,2094.11,5,3,0
TXN-52154,CUST-10096,2025-09-21,North America,Enterprise,Customer 360,24,4070.84,8,3,0
TXN-52155,CUST-10206,2024-01-24,Asia Pacific,Enterprise,Cloud Analytics Suite,24,4807.07,6,4,1
TXN-52156,CUST-10495,2024-02-07,Asia Pacific,Mid-Market,Cybersecurity Core,12,1761.08,6,5,0
TXN-52157,CUST-10095,2024-07-07,North America,Mid-Market,Cybersecurity Core,24,1566.77,6,4,0
TXN-52158,CUST-10632,2025-07-05,North America,Small Business,Customer 360,24,545.22,8,3,1
TXN-52159,CUST-10763,2025-07-21,Latin America,Small Business,Cloud Analytics Suite,24,510.2,7,5,1
TXN-52160,CUST-10214,2024-11-15,Asia Pacific,Enterprise,Cybersecurity Core,24,6442.22,6,6,1
TXN-52161,CUST-10892,2024-10-01,Europe,Mid-Market,Cloud Analytics Suite,12,1419.25,6,2,1
TXN-52162,CUST-10902,2025-05-17,Europe,Mid-Market,Cybersecurity Core,36,2195.97,1,2,0
TXN-52163,CUST-10379,2025-03-23,North America,Enterprise,Cloud Analytics Suite,12,4934.09,2,8,1
TXN-52164,CUST-10030,2024-12-16,Europe,Enterprise,Cybersecurity Core,24,5233.79,6,1,1
TXN-52165,CUST-10365,2025-11-06,Latin America,Mid-Market,Cybersecurity Core,12,1874.4,5,0,0
TXN-52166,CUST-10131,2024-12-24,Europe,Mid-Market,Customer 360,12,1856.48,2,1,0
TXN-52167,CUST-10463,2024-04-25,North America,Small Business,ERP Connect,36,662.34,8,4,0
TXN-52168,CUST-10907,2024-12-24,North America,Small Business,Customer 360,12,479.24,6,6,0
TXN-52169,CUST-10450,2024-05-17,Europe,Small Business,Cybersecurity Core,12,405.64,6,1,0
TXN-52170,CUST-10460,2025-05-22,North America,Enterprise,Cybersecurity Core,24,5483.31,4,2,0
TXN-52171,CUST-11051,2025-03-25,Europe,Enterprise,Customer 360,12,2790.21,5,4,0
TXN-52172,CUST-10997,2024-12-12,North America,Mid-Market,Customer 360,24,1885.66,2,1,1
TXN-52173,CUST-11167,2025-04-20,Asia Pacific,Small Business,ERP Connect,24,845.14,9,3,0
TXN-52174,CUST-11041,2024-03-19,Asia Pacific,Small Business,Cloud Analytics Suite,24,719.93,8,0,0
TXN-52175,CUST-10938,2025-10-21,North America,Enterprise,ERP Connect,24,4091.87,6,2,0
TXN-52176,CUST-10477,2024-01-16,Europe,Enterprise,Cybersecurity Core,36,3698.82,4,6,0
TXN-52177,CUST-10660,2024-08-26,Europe,Small Business,ERP Connect,24,514.45,10,3,0
TXN-52178,CUST-10595,2024-12-27,Europe,Mid-Market,Cybersecurity Core,12,1267.56,5,0,0
TXN-52179,CUST-11194,2025-09-08,Asia Pacific,Mid-Market,Cloud Analytics Suite,24,1270.14,9,4,0
TXN-52180,CUST-11049,2025-11-06,North America,Enterprise,Cloud Analytics Suite,24,3782.55,8,2,0
TXN-52181,CUST-10477,2025-08-15,Europe,Enterprise,Customer 360,24,3303.43,4,3,1
TXN-52182,CUST-11112,2025-10-17,Asia Pacific,Enterprise,Customer 360,36,3926.84,4,3,1
TXN-52183,CUST-10699,2025-09-27,Asia Pacific,Mid-Market,Cybersecurity Core,24,1702.21,3,1,0
TXN-52184,CUST-10118,2025-04-23,Europe,Small Business,Cloud Analytics Suite,24,625.48,1,4,1
TXN-52185,CUST-10801,2024-01-20,Europe,Small Business,Customer 360,24,566.09,7,2,1
TXN-52186,CUST-10880,2025-04-13,Latin America,Enterprise,ERP Connect,12,5799.96,7,4,0
TXN-52187,CUST-10295,2025-04-22,Europe,Small Business,Cloud Analytics Suite,12,588.66,8,2,0
TXN-52188,CUST-10372,2025-06-13,Asia Pacific,Mid-Market,Cybersecurity Core,24,1471.3,8,0,1
TXN-52189,CUST-10014,2025-11-18,North America,Mid-Market,Customer 360,12,1471.1,7,2,0
TXN-52190,CUST-10588,2025-04-22,North America,Small Business,Cybersecurity Core,12,585.73,5,4,0
TXN-52191,CUST-10204,2025-08-25,North America,Mid-Market,Customer 360,24,986.56,1,3,1
TXN-52192,CUST-10882,2024-05-04,North America,Mid-Market,Cybersecurity Core,12,1656.25,6,3,0
TXN-52193,CUST-10449,2025-06-16,Latin America,Mid-Market,Customer 360,12,2376.56,3,2,0
TXN-52194,CUST-10955,2025-05-03,North America,Mid-Market,Cloud Analytics Suite,12,1822.36,9,3,1
TXN-52195,CUST-11144,2024-09-14,North America,Mid-Market,Customer 360,24,2257.45,1,2,0
TXN-52196,CUST-10718,2025-09-24,Europe,Small Business,Customer 360,12,639.99,7,7,1
TXN-52197,CUST-11051,2025-03-16,Europe,Enterprise,Cybersecurity Core,12,5982.41,3,4,1
TXN-52198,CUST-10708,2025-05-17,North America,Small Business,Cybersecurity Core,12,733.84,7,2,1
TXN-52199,CUST-10607,2024-07-22,Asia Pacific,Enterprise,ERP Connect,12,4189.97,5,4,0
TXN-52200,CUST-11177,2025-07-12,North America,Enterprise,ERP Connect,12,2681.46,7,4,1
TXN-52201,CUST-11017,2025-08-18,Asia Pacific,Mid-Market,Customer 360,24,1236.94,3,4,1
TXN-52202,CUST-10352,2025-06-08,North America,Enterprise,Customer 360,24,4578.14,7,4,0
TXN-52203,CUST-10737,2025-08-15,North America,Enterprise,ERP Connect,36,2992.73,2,3,0
TXN-52204,CUST-10196,2025-03-17,North America,Mid-Market,Customer 360,12,1204.15,5,3,0
TXN-52205,CUST-10178,2024-05-01,Europe,Small Business,Cloud Analytics Suite,12,524.23,5,4,0
TXN-52206,CUST-10746,2025-05-11,Europe,Mid-Market,Cloud Analytics Suite,36,1717.35,7,2,0
TXN-52207,CUST-10471,2025-09-23,North America,Mid-Market,Cybersecurity Core,36,1616.34,6,6,0
TXN-52208,CUST-10964,2025-12-16,Asia Pacific,Mid-Market,ERP Connect,24,1978.01,3,6,0
TXN-52209,CUST-10457,2025-09-09,Latin America,Mid-Market,Cybersecurity Core,12,1301.82,5,1,0
TXN-52210,CUST-11190,2024-04-15,Europe,Small Business,Customer 360,36,518.89,6,3,1
TXN-52211,CUST-10600,2024-01-02,North America,Small Business,ERP Connect,24,616.54,7,2,0
TXN-52212,CUST-11049,2024-04-03,North America,Mid-Market,Cybersecurity Core,12,2079.98,6,5,0
TXN-52213,CUST-10193,2024-05-23,North America,Mid-Market,Cloud Analytics Suite,12,2087.44,6,2,0
TXN-52214,CUST-10178,2025-07-02,North America,Small Business,ERP Connect,36,744.45,7,3,1
TXN-52215,CUST-10413,2025-01-12,North America,Enterprise,Cloud Analytics Suite,12,5098.05,5,1,0
TXN-52216,CUST-10654,2025-08-11,Europe,Mid-Market,Cybersecurity Core,36,1971.99,6,4,1
TXN-52217,CUST-10023,2024-08-08,Europe,Enterprise,Cybersecurity Core,24,4033.75,4,2,0
TXN-52218,CUST-10810,2024-06-02,Europe,Enterprise,ERP Connect,24,4608.0,9,6,0
TXN-52219,CUST-10485,2024-04-25,Asia Pacific,Enterprise,ERP Connect,12,4319.93,8,5,0
TXN-52220,CUST-10176,2025-11-20,Europe,Small Business,Cloud Analytics Suite,24,514.58,3,4,1
TXN-52221,CUST-11121,2025-01-06,North America,Mid-Market,Customer 360,24,2016.7,8,5,0
TXN-52222,CUST-10219,2024-03-09,North America,Mid-Market,Cybersecurity Core,36,1717.31,3,3,0
TXN-52223,CUST-11067,2025-04-07,Europe,Mid-Market,Cloud Analytics Suite,12,2098.1,2,7,0
TXN-52224,CUST-10340,2025-02-05,North America,Mid-Market,ERP Connect,24,2356.68,7,4,0
TXN-52225,CUST-10815,2024-04-10,Asia Pacific,Mid-Market,Customer 360,24,2453.26,6,7,0
TXN-52226,CUST-11142,2024-10-11,North America,Mid-Market,Cloud Analytics Suite,12,1871.07,3,3,0
TXN-52227,CUST-10235,2024-12-04,Latin America,Mid-Market,Cybersecurity Core,12,1873.39,4,3,1
TXN-52228,CUST-10105,2024-06-22,Europe,Mid-Market,Cloud Analytics Suite,12,1784.95,5,2,1
TXN-52229,CUST-10682,2024-06-20,Europe,Mid-Market,ERP Connect,12,1827.86,9,1,0
TXN-52230,CUST-10924,2024-06-14,North America,Mid-Market,Cloud Analytics Suite,36,1954.23,6,3,1
TXN-52231,CUST-10404,2025-06-16,Europe,Mid-Market,Customer 360,12,1534.54,7,1,0
TXN-52232,CUST-10924,2025-02-01,North America,Mid-Market,ERP Connect,24,1567.95,1,4,1
TXN-52233,CUST-10268,2024-06-08,Latin America,Mid-Market,Cybersecurity Core,24,2240.62,6,3,1
TXN-52234,CUST-11037,2024-01-16,Europe,Mid-Market,Customer 360,12,1512.23,3,7,1
TXN-52235,CUST-10511,2025-01-15,Europe,Mid-Market,Customer 360,12,1871.94,4,1,0
TXN-52236,CUST-10791,2025-01-04,North America,Enterprise,Cloud Analytics Suite,36,5214.68,8,3,0
TXN-52237,CUST-11093,2024-06-25,North America,Enterprise,Cybersecurity Core,24,4326.79,9,4,0
TXN-52238,CUST-11034,2025-04-22,Europe,Enterprise,ERP Connect,12,6283.33,2,2,1
TXN-52239,CUST-10029,2024-06-14,North America,Small Business,ERP Connect,12,721.16,9,4,0
TXN-52240,CUST-10820,2025-07-15,Europe,Small Business,Customer 360,12,572.15,8,1,1
TXN-52241,CUST-10242,2024-03-27,North America,Mid-Market,ERP Connect,36,1191.63,3,3,1
TXN-52242,CUST-10051,2025-09-17,North America,Mid-Market,ERP Connect,24,1584.91,9,2,0
TXN-52243,CUST-10879,2024-11-18,Asia Pacific,Mid-Market,Customer 360,24,1272.37,2,2,0
TXN-52244,CUST-10056,2025-05-13,North America,Enterprise,ERP Connect,12,4465.47,2,3,1
TXN-52245,CUST-10631,2025-06-23,Europe,Mid-Market,Cybersecurity Core,36,1616.36,1,2,0
TXN-52246,CUST-11094,2025-02-06,North America,Mid-Market,Customer 360,12,1574.27,5,2,0
TXN-52247,CUST-10668,2025-01-08,Latin America,Enterprise,Customer 360,12,5389.26,6,5,1
TXN-52248,CUST-10846,2025-05-03,North America,Small Business,Cybersecurity Core,36,812.49,9,4,1
TXN-52249,CUST-10836,2025-01-17,Europe,Mid-Market,Customer 360,12,1939.1,5,2,1
TXN-52250,CUST-10074,2025-03-12,Europe,Enterprise,Cloud Analytics Suite,12,5328.89,7,3,0
TXN-52251,CUST-10364,2024-07-05,Europe,Small Business,Cybersecurity Core,12,301.67,9,6,0
TXN-52252,CUST-10633,2025-02-06,North America,Small Business,Cybersecurity Core,24,605.26,3,3,0
TXN-52253,CUST-10440,2024-06-26,North America,Enterprise,Customer 360,24,3784.7,9,1,1
TXN-52254,CUST-10098,2024-09-15,Asia Pacific,Small Business,Cybersecurity Core,12,442.36,7,2,0
TXN-52255,CUST-10445,2024-04-04,North America,Enterprise,Cloud Analytics Suite,12,4964.9,3,2,1
TXN-52256,CUST-10353,2024-07-17,North America,Enterprise,ERP Connect,24,6522.28,7,4,1
TXN-52257,CUST-10349,2024-09-02,Asia Pacific,Enterprise,ERP Connect,24,3319.86,6,2,0
TXN-52258,CUST-10823,2024-01-26,North America,Enterprise,ERP Connect,12,3903.1,1,3,0
TXN-52259,CUST-10935,2025-11-12,Europe,Enterprise,ERP Connect,12,3517.19,7,1,1
TXN-52260,CUST-10806,2025-11-19,Asia Pacific,Small Business,Cybersecurity Core,36,745.05,2,3,1
TXN-52261,CUST-10015,2025-10-02,Latin America,Enterprise,Cloud Analytics Suite,12,4584.87,9,2,0
TXN-52262,CUST-10503,2024-02-22,Europe,Enterprise,ERP Connect,24,3950.56,3,5,1
TXN-52263,CUST-10368,2024-04-26,Europe,Small Business,Cloud Analytics Suite,24,435.2,3,2,1
TXN-52264,CUST-11098,2024-12-07,Europe,Small Business,ERP Connect,12,560.07,6,2,1
TXN-52265,CUST-10358,2025-01-05,North America,Mid-Market,Cybersecurity Core,12,2248.79,7,2,1
TXN-52266,CUST-10861,2024-07-16,North America,Mid-Market,Cybersecurity Core,36,1619.33,8,7,0
TXN-52267,CUST-10190,2024-06-13,North America,Mid-Market,Cybersecurity Core,12,1243.89,7,5,1
TXN-52268,CUST-11015,2025-05-10,Europe,Enterprise,Customer 360,12,6594.95,4,2,1
TXN-52269,CUST-10936,2025-09-01,North America,Mid-Market,Cybersecurity Core,12,2052.4,4,7,0
TXN-52270,CUST-10428,2024-10-09,Latin America,Mid-Market,Cloud Analytics Suite,36,1309.46,4,6,0
TXN-52271,CUST-11181,2024-07-19,Europe,Mid-Market,ERP Connect,36,1462.46,7,0,1
TXN-52272,CUST-10324,2024-04-05,North America,Enterprise,Customer 360,12,4454.74,8,0,0
TXN-52273,CUST-10031,2024-09-11,Asia Pacific,Small Business,ERP Connect,24,554.33,2,6,1
TXN-52274,CUST-11118,2025-08-27,Latin America,Small Business,ERP Connect,36,507.28,7,4,0
TXN-52275,CUST-11073,2025-07-19,Asia Pacific,Mid-Market,Cybersecurity Core,12,1676.14,10,2,0
TXN-52276,CUST-10257,2025-10-22,North America,Enterprise,Cloud Analytics Suite,24,3777.02,3,4,1
TXN-52277,CUST-10197,2025-10-14,North America,Small Business,ERP Connect,12,688.28,8,5,1
TXN-52278,CUST-10589,2024-07-20,Europe,Mid-Market,Cybersecurity Core,12,2245.27,7,4,1
TXN-52279,CUST-10810,2024-09-05,Europe,Mid-Market,Cybersecurity Core,12,1722.33,2,2,0
TXN-52280,CUST-10059,2024-10-23,North America,Enterprise,Customer 360,12,4220.77,8,1,0
TXN-52281,CUST-11116,2025-06-04,North America,Small Business,Cloud Analytics Suite,24,692.21,9,0,1
TXN-52282,CUST-10377,2024-06-06,Europe,Mid-Market,Cybersecurity Core,24,1301.52,9,2,0
TXN-52283,CUST-10737,2024-06-26,Europe,Small Business,Cybersecurity Core,12,518.16,7,1,0
TXN-52284,CUST-11069,2025-07-25,Europe,Mid-Market,ERP Connect,24,2105.76,7,1,0
TXN-52285,CUST-10144,2025-12-05,North America,Small Business,ERP Connect,12,695.11,7,6,0
TXN-52286,CUST-10768,2025-08-21,North America,Small Business,Cybersecurity Core,12,569.17,7,3,1
TXN-52287,CUST-10005,2024-12-23,Latin America,Mid-Market,ERP Connect,12,1907.28,3,3,0
TXN-52288,CUST-10190,2024-08-14,Europe,Small Business,Cybersecurity Core,24,611.63,6,5,1
TXN-52289,CUST-10630,2025-02-06,Asia Pacific,Small Business,Cybersecurity Core,12,435.95,5,1,0
TXN-52290,CUST-10585,2025-09-13,North America,Mid-Market,Cybersecurity Core,12,1508.38,7,2,0
TXN-52291,CUST-10669,2024-12-09,North America,Enterprise,ERP Connect,36,4308.31,8,3,1
TXN-52292,CUST-11021,2024-11-02,North America,Small Business,Customer 360,12,618.93,6,3,0
TXN-52293,CUST-10961,2025-01-02,Latin America,Mid-Market,ERP Connect,24,1812.48,8,6,1
TXN-52294,CUST-10977,2025-08-06,Europe,Small Business,Cybersecurity Core,12,625.44,7,2,0
TXN-52295,CUST-10119,2024-12-05,Asia Pacific,Enterprise,Customer 360,24,3406.9,8,2,0
TXN-52296,CUST-11057,2024-07-13,North America,Enterprise,ERP Connect,12,4764.3,10,5,0
TXN-52297,CUST-10161,2024-11-14,North America,Small Business,Customer 360,36,405.41,2,2,1
TXN-52298,CUST-11091,2024-02-23,Europe,Mid-Market,Customer 360,24,1793.77,2,1,0
TXN-52299,CUST-11068,2024-06-23,Europe,Small Business,Cloud Analytics Suite,12,642.7,6,2,1
TXN-52300,CUST-10340,2025-03-09,North America,Small Business,ERP Connect,24,772.12,8,7,1
TXN-52301,CUST-10992,2025-12-13,Asia Pacific,Enterprise,ERP Connect,12,3842.68,5,2,0
TXN-52302,CUST-11060,2024-09-26,Europe,Enterprise,Cloud Analytics Suite,12,5373.22,7,1,0
TXN-52303,CUST-11040,2025-02-19,North America,Small Business,Customer 360,24,714.13,7,5,0
TXN-52304,CUST-10294,2024-08-19,Europe,Small Business,Customer 360,24,473.26,7,2,0
TXN-52305,CUST-11191,2025-03-03,Asia Pacific,Enterprise,Customer 360,12,4253.61,6,2,1
TXN-52306,CUST-10168,2025-06-21,North America,Mid-Market,Customer 360,12,1379.99,5,2,0
TXN-52307,CUST-11048,2024-12-26,Europe,Mid-Market,Customer 360,12,2210.59,3,3,1
TXN-52308,CUST-10069,2024-10-09,North America,Enterprise,Cloud Analytics Suite,24,3891.33,7,2,1
TXN-52309,CUST-10327,2024-06-21,North America,Mid-Market,ERP Connect,12,893.88,3,2,0
TXN-52310,CUST-10645,2024-06-17,Europe,Small Business,ERP Connect,12,714.24,5,2,1
TXN-52311,CUST-10603,2024-06-05,Europe,Small Business,Cloud Analytics Suite,24,312.64,8,3,0
TXN-52312,CUST-10412,2025-07-17,Europe,Enterprise,Cloud Analytics Suite,24,5312.36,8,3,1
TXN-52313,CUST-10723,2024-01-08,Europe,Mid-Market,Cloud Analytics Suite,24,1342.31,9,5,1
TXN-52314,CUST-11046,2024-03-12,Asia Pacific,Enterprise,Cybersecurity Core,12,5034.78,4,2,0
TXN-52315,CUST-10043,2025-12-22,Europe,Small Business,Cybersecurity Core,12,521.08,2,6,1
TXN-52316,CUST-10666,2024-11-21,Europe,Enterprise,Cloud Analytics Suite,12,5184.67,5,0,0
TXN-52317,CUST-10296,2025-03-10,Europe,Enterprise,ERP Connect,24,4516.54,5,2,0
TXN-52318,CUST-11040,2025-05-22,North America,Enterprise,Customer 360,36,4382.87,7,3,0
TXN-52319,CUST-10144,2025-11-17,Latin America,Mid-Market,Cybersecurity Core,12,1652.02,6,3,0
TXN-52320,CUST-11073,2024-11-16,Europe,Enterprise,ERP Connect,12,5244.91,4,2,1
TXN-52321,CUST-10583,2024-09-21,Latin America,Mid-Market,Cybersecurity Core,12,1529.45,7,6,0
TXN-52322,CUST-10055,2025-11-26,Europe,Enterprise,ERP Connect,24,4843.52,6,3,0
TXN-52323,CUST-11035,2024-02-10,Asia Pacific,Small Business,Cloud Analytics Suite,24,522.6,7,2,0
TXN-52324,CUST-11064,2024-08-08,North America,Mid-Market,ERP Connect,12,1171.19,8,2,1
TXN-52325,CUST-10581,2024-05-14,Europe,Small Business,Cybersecurity Core,12,676.57,2,3,0
TXN-52326,CUST-10462,2025-09-12,Europe,Mid-Market,Cybersecurity Core,24,2190.31,3,1,0
TXN-52327,CUST-10043,2024-06-02,Europe,Small Business,Cybersecurity Core,24,578.17,7,3,0
TXN-52328,CUST-10698,2025-03-06,North America,Enterprise,Cybersecurity Core,24,4230.58,6,1,0
TXN-52329,CUST-10319,2025-04-12,Asia Pacific,Mid-Market,Cybersecurity Core,24,2466.53,1,0,0
TXN-52330,CUST-10878,2025-10-14,North America,Small Business,Cybersecurity Core,12,420.47,8,3,0
TXN-52331,CUST-10652,2025-12-27,Asia Pacific,Enterprise,ERP Connect,12,1354.46,5,0,0
TXN-52332,CUST-10703,2025-11-23,Asia Pacific,Small Business,Cloud Analytics Suite,12,626.2,5,2,0
TXN-52333,CUST-11145,2025-11-25,North America,Mid-Market,Cloud Analytics Suite,12,1512.04,7,5,0
TXN-52334,CUST-10303,2024-07-14,Asia Pacific,Mid-Market,Cloud Analytics Suite,24,1662.28,5,4,0
TXN-52335,CUST-10230,2024-10-02,Asia Pacific,Enterprise,Customer 360,24,3655.81,5,1,0
TXN-52336,CUST-11074,2025-02-27,North America,Enterprise,Customer 360,24,4339.11,9,1,0
TXN-52337,CUST-10489,2025-07-09,Europe,Mid-Market,Cloud Analytics Suite,12,2377.02,4,3,1
TXN-52338,CUST-10078,2024-02-10,North America,Small Business,Customer 360,12,505.52,7,4,1
TXN-52339,CUST-10728,2024-07-13,North America,Small Business,Cybersecurity Core,12,689.2,2,1,1
TXN-52340,CUST-10361,2024-09-25,Europe,Small Business,Cybersecurity Core,24,528.05,6,3,1
TXN-52341,CUST-10735,2024-12-02,North America,Enterprise,Cybersecurity Core,12,5679.0,6,3,1
TXN-52342,CUST-11057,2024-01-06,Asia Pacific,Mid-Market,Cybersecurity Core,36,1796.19,9,2,0
TXN-52343,CUST-10345,2025-10-01,North America,Enterprise,ERP Connect,24,4066.22,3,2,0
TXN-52344,CUST-10943,2025-12-26,North America,Enterprise,Cloud Analytics Suite,12,4566.0,5,5,1
TXN-52345,CUST-10167,2024-12-19,Europe,Enterprise,Cybersecurity Core,24,5281.79,8,0,1
TXN-52346,CUST-11106,2025-01-08,Europe,Small Business,Customer 360,12,788.37,9,2,0
TXN-52347,CUST-11075,2024-04-15,Europe,Enterprise,ERP Connect,36,5191.5,7,4,0
TXN-52348,CUST-10847,2025-09-16,North America,Mid-Market,Customer 360,12,2089.1,6,2,1
TXN-52349,CUST-11049,2025-09-12,Asia Pacific,Mid-Market,Cybersecurity Core,12,1707.72,3,0,0
TXN-52350,CUST-10823,2025-11-18,North America,Mid-Market,ERP Connect,12,1725.05,5,3,1
TXN-52351,CUST-10096,2025-08-05,Asia Pacific,Small Business,ERP Connect,36,374.88,7,3,0
TXN-52352,CUST-10487,2024-03-14,North America,Enterprise,Cybersecurity Core,12,4177.75,1,1,0
TXN-52353,CUST-10772,2025-04-15,North America,Small Business,Customer 360,12,438.21,7,5,0
TXN-52354,CUST-10867,2024-02-20,North America,Mid-Market,Cloud Analytics Suite,12,1874.77,1,3,1
TXN-52355,CUST-10982,2025-01-19,Europe,Mid-Market,Cloud Analytics Suite,36,2645.99,8,3,0
TXN-52356,CUST-11168,2024-11-18,North America,Mid-Market,ERP Connect,12,2407.21,6,4,0
TXN-52357,CUST-10051,2024-03-22,North America,Small Business,Cloud Analytics Suite,36,678.69,8,3,1
TXN-52358,CUST-11102,2025-11-06,North America,Enterprise,Customer 360,12,3443.56,6,1,1
TXN-52359,CUST-10868,2024-12-12,Latin America,Small Business,Cloud Analytics Suite,36,788.81,3,3,0
TXN-52360,CUST-10257,2024-08-14,North America,Enterprise,Customer 360,36,6100.23,8,5,0
TXN-52361,CUST-10406,2024-09-23,Asia Pacific,Small Business,Cloud Analytics Suite,12,307.0,6,2,0
TXN-52362,CUST-10685,2025-08-20,North America,Enterprise,Cybersecurity Core,12,4948.02,7,3,1
TXN-52363,CUST-10656,2024-01-12,Europe,Enterprise,Customer 360,12,5248.42,4,4,0
TXN-52364,CUST-10835,2025-02-10,Europe,Small Business,Cybersecurity Core,24,557.51,7,3,0
TXN-52365,CUST-10791,2024-07-10,Europe,Small Business,Cybersecurity Core,24,636.72,10,3,1
TXN-52366,CUST-11190,2024-04-06,Asia Pacific,Mid-Market,Cybersecurity Core,12,1347.28,8,6,0
TXN-52367,CUST-10590,2025-04-21,North America,Mid-Market,Cybersecurity Core,36,1695.87,3,2,0
TXN-52368,CUST-10600,2025-10-01,Europe,Enterprise,Cloud Analytics Suite,12,5013.49,5,5,0
TXN-52369,CUST-10087,2024-09-20,North America,Mid-Market,Cloud Analytics Suite,24,1659.82,4,3,0
TXN-52370,CUST-10656,2024-11-14,Europe,Mid-Market,Customer 360,12,2119.7,3,4,0
TXN-52371,CUST-10436,2024-11-06,North America,Mid-Market,ERP Connect,36,1599.45,6,2,1
TXN-52372,CUST-10896,2025-04-17,North America,Small Business,Cloud Analytics Suite,12,596.03,4,5,0
TXN-52373,CUST-10246,2025-11-09,Latin America,Small Business,Cloud Analytics Suite,12,589.94,4,2,0
TXN-52374,CUST-10530,2025-11-19,Asia Pacific,Mid-Market,ERP Connect,36,1565.61,4,4,1
TXN-52375,CUST-10392,2025-09-14,Europe,Enterprise,Cloud Analytics Suite,24,4753.42,5,6,1
TXN-52376,CUST-11006,2025-06-01,Europe,Mid-Market,Cybersecurity Core,24,1528.98,8,3,1
TXN-52377,CUST-10452,2025-05-02,North America,Mid-Market,Customer 360,24,2644.05,3,2,0
TXN-52378,CUST-11041,2024-03-17,Latin America,Mid-Market,ERP Connect,24,1610.27,7,6,1
TXN-52379,CUST-10993,2025-09-23,North America,Mid-Market,Customer 360,12,1521.81,1,3,1
TXN-52380,CUST-10681,2025-06-09,North America,Enterprise,Cybersecurity Core,12,4542.16,2,2,0
TXN-52381,CUST-10619,2025-08-25,Asia Pacific,Mid-Market,Cybersecurity Core,12,2069.02,5,1,0
TXN-52382,CUST-10804,2024-07-19,North America,Mid-Market,Cybersecurity Core,24,1770.79,6,2,1
TXN-52383,CUST-10579,2024-08-10,North America,Enterprise,ERP Connect,24,3788.01,7,1,0
TXN-52384,CUST-10877,2024-02-04,North America,Mid-Market,Customer 360,36,949.85,4,3,0
TXN-52385,CUST-11017,2025-04-21,North America,Enterprise,Cybersecurity Core,24,3505.22,9,1,0
TXN-52386,CUST-10705,2024-04-25,North America,Mid-Market,Cybersecurity Core,12,1884.5,4,7,0
TXN-52387,CUST-10431,2025-11-27,Europe,Small Business,ERP Connect,12,549.96,7,2,0
TXN-52388,CUST-10214,2025-12-24,Europe,Mid-Market,Cloud Analytics Suite,24,2824.51,1,3,0
TXN-52389,CUST-10751,2025-12-22,Europe,Small Business,ERP Connect,12,614.76,6,2,1
TXN-52390,CUST-10112,2025-08-11,Europe,Mid-Market,ERP Connect,24,1997.24,10,5,0
TXN-52391,CUST-11129,2025-11-27,Asia Pacific,Small Business,Cloud Analytics Suite,12,722.14,6,3,1
TXN-52392,CUST-10200,2024-11-18,Asia Pacific,Small Business,Cybersecurity Core,12,616.02,7,4,1
TXN-52393,CUST-10434,2025-11-14,Asia Pacific,Enterprise,Cybersecurity Core,24,4035.24,3,4,1
TXN-52394,CUST-10350,2025-07-23,North America,Mid-Market,ERP Connect,12,1488.37,8,6,0
TXN-52395,CUST-10598,2024-12-09,Europe,Small Business,ERP Connect,36,807.17,6,2,1
TXN-52396,CUST-10786,2025-07-26,North America,Mid-Market,Customer 360,12,1011.72,8,3,0
TXN-52397,CUST-10142,2025-04-03,Europe,Small Business,Cloud Analytics Suite,24,694.08,6,6,1
TXN-52398,CUST-11120,2024-08-07,North America,Mid-Market,Cloud Analytics Suite,12,1333.28,2,5,1
TXN-52399,CUST-10474,2024-12-14,Asia Pacific,Enterprise,ERP Connect,24,3627.79,8,4,1
TXN-52400,CUST-10294,2024-04-17,Latin America,Enterprise,Customer 360,24,5657.68,8,3,0
TXN-52401,CUST-10166,2025-10-04,Asia Pacific,Enterprise,Cloud Analytics Suite,36,3558.77,9,3,0
TXN-52402,CUST-10821,2024-03-20,North America,Enterprise,Customer 360,36,2987.63,8,2,0
TXN-52403,CUST-10516,2025-04-25,Europe,Mid-Market,ERP Connect,24,1799.59,5,2,1
TXN-52404,CUST-10355,2024-09-17,Asia Pacific,Mid-Market,Cloud Analytics Suite,12,1231.99,2,3,0
TXN-52405,CUST-10606,2025-05-15,Asia Pacific,Small Business,Cybersecurity Core,24,755.28,10,0,0
TXN-52406,CUST-11123,2024-12-23,Latin America,Small Business,Cloud Analytics Suite,12,607.38,6,2,0
TXN-52407,CUST-10301,2025-01-09,Asia Pacific,Mid-Market,Customer 360,12,2379.0,6,1,1
TXN-52408,CUST-10409,2024-04-17,North America,Mid-Market,ERP Connect,24,1936.15,5,4,1
TXN-52409,CUST-10443,2024-05-09,Europe,Mid-Market,Cloud Analytics Suite,12,1834.69,5,0,0
TXN-52410,CUST-10382,2024-11-19,Asia Pacific,Small Business,Cloud Analytics Suite,24,494.2,3,5,0
TXN-52411,CUST-10074,2024-09-19,North America,Mid-Market,Cloud Analytics Suite,12,2380.91,4,1,0
TXN-52412,CUST-10202,2025-07-09,North America,Mid-Market,Cybersecurity Core,24,1806.4,9,4,0
TXN-52413,CUST-10496,2024-09-27,Europe,Mid-Market,Cloud Analytics Suite,12,1556.7,7,5,0
TXN-52414,CUST-10886,2024-06-22,Asia Pacific,Mid-Market,Cybersecurity Core,24,1987.17,9,1,1
TXN-52415,CUST-10219,2025-04-23,Europe,Mid-Market,Customer 360,12,1445.17,7,1,0
TXN-52416,CUST-10989,2024-02-07,North America,Small Business,Cloud Analytics Suite,36,636.41,6,3,1
TXN-52417,CUST-10645,2024-05-03,North America,Small Business,ERP Connect,12,639.73,6,3,0
TXN-52418,CUST-10293,2025-02-25,North America,Small Business,Cloud Analytics Suite,24,565.79,7,5,1
TXN-52419,CUST-10602,2025-03-18,North America,Mid-Market,Customer 360,12,2164.16,8,5,0
TXN-52420,CUST-10464,2024-04-17,Latin America,Mid-Market,Customer 360,24,2020.57,2,2,1
TXN-52421,CUST-11103,2025-08-22,Asia Pacific,Mid-Market,Cloud Analytics Suite,36,2012.79,7,8,0
TXN-52422,CUST-10461,2024-12-10,Europe,Mid-Market,Cybersecurity Core,12,2108.22,3,3,0
TXN-52423,CUST-11029,2025-07-26,Europe,Enterprise,Cybersecurity Core,12,5433.58,7,4,0
TXN-52424,CUST-11076,2024-07-27,North America,Mid-Market,ERP Connect,24,1559.68,9,2,0
TXN-52425,CUST-10877,2025-12-06,North America,Enterprise,Cybersecurity Core,12,4368.03,6,3,1
TXN-52426,CUST-10119,2024-05-12,North America,Enterprise,Customer 360,24,2705.38,6,2,0
TXN-52427,CUST-10224,2024-12-18,Asia Pacific,Mid-Market,ERP Connect,36,1676.42,4,3,0
TXN-52428,CUST-11069,2025-02-21,North America,Mid-Market,ERP Connect,12,1980.45,5,2,1
TXN-52429,CUST-10456,2025-11-11,North America,Mid-Market,Customer 360,12,2850.96,5,0,1
TXN-52430,CUST-11006,2025-08-19,North America,Enterprise,Customer 360,12,3980.8,5,0,0
TXN-52431,CUST-10753,2025-02-15,North America,Mid-Market,Cloud Analytics Suite,12,2051.07,9,0,0
TXN-52432,CUST-10829,2025-05-21,Asia Pacific,Mid-Market,ERP Connect,12,1274.57,7,1,0
TXN-52433,CUST-10489,2024-04-19,North America,Mid-Market,Customer 360,36,1835.21,9,4,1
TXN-52434,CUST-10916,2025-01-21,North America,Enterprise,Customer 360,12,3951.63,1,0,1
TXN-52435,CUST-10987,2025-10-04,Europe,Small Business,Customer 360,12,757.95,8,4,0
TXN-52436,CUST-10206,2025-09-03,Europe,Small Business,Cybersecurity Core,12,515.73,6,3,0
TXN-52437,CUST-10879,2025-04-19,Europe,Small Business,Customer 360,24,643.94,1,3,1
TXN-52438,CUST-10125,2024-11-23,North America,Small Business,ERP Connect,12,398.32,8,5,1
TXN-52439,CUST-10742,2025-10-21,Europe,Mid-Market,Customer 360,24,2128.7,8,1,0
TXN-52440,CUST-10715,2025-08-01,North America,Mid-Market,Cloud Analytics Suite,12,2038.0,6,6,1
TXN-52441,CUST-10896,2024-07-05,Europe,Mid-Market,Cloud Analytics Suite,12,1851.54,5,2,1
TXN-52442,CUST-10470,2025-07-23,North America,Enterprise,Customer 360,36,6107.43,8,1,0
TXN-52443,CUST-10436,2024-08-12,Europe,Mid-Market,Customer 360,36,1811.73,10,3,0
TXN-52444,CUST-10091,2025-05-03,Europe,Small Business,ERP Connect,12,654.35,10,3,0
TXN-52445,CUST-10396,2024-05-13,Latin America,Mid-Market,Customer 360,12,1994.51,7,2,0
TXN-52446,CUST-10495,2025-10-10,North America,Enterprise,ERP Connect,12,5177.89,7,6,0
TXN-52447,CUST-10661,2025-07-04,Asia Pacific,Enterprise,ERP Connect,36,3496.43,5,6,0
TXN-52448,CUST-10487,2025-09-01,Europe,Small Business,Cloud Analytics Suite,24,466.89,10,5,0
TXN-52449,CUST-10841,2025-10-11,Latin America,Enterprise,Cybersecurity Core,36,4239.14,6,5,1
TXN-52450,CUST-10148,2024-10-19,North America,Enterprise,Cybersecurity Core,12,4087.53,5,3,0
TXN-52451,CUST-10868,2025-11-11,North America,Small Business,Cloud Analytics Suite,12,458.34,6,3,1
TXN-52452,CUST-10992,2025-09-23,Latin America,Mid-Market,ERP Connect,12,2049.02,8,4,0
TXN-52453,CUST-10490,2025-08-06,North America,Enterprise,Cybersecurity Core,12,4527.43,9,2,0
TXN-52454,CUST-10957,2025-08-26,North America,Mid-Market,Customer 360,12,1986.22,5,2,1
TXN-52455,CUST-10511,2025-08-18,North America,Small Business,ERP Connect,12,686.73,8,2,0
TXN-52456,CUST-10050,2024-03-19,Latin America,Mid-Market,Customer 360,12,1661.36,3,2,0
TXN-52457,CUST-10718,2024-10-09,Asia Pacific,Mid-Market,ERP Connect,12,1536.25,9,2,0
TXN-52458,CUST-10400,2025-07-10,North America,Mid-Market,ERP Connect,12,2146.07,7,2,1
TXN-52459,CUST-10164,2024-05-13,Asia Pacific,Small Business,Cybersecurity Core,12,593.44,2,2,0
TXN-52460,CUST-11116,2025-05-01,North America,Enterprise,Customer 360,36,4759.58,9,6,0
TXN-52461,CUST-11143,2025-02-05,Asia Pacific,Small Business,Cybersecurity Core,24,442.92,1,4,1
TXN-52462,CUST-10195,2025-07-10,Latin America,Small Business,Cloud Analytics Suite,24,578.54,7,10,0
TXN-52463,CUST-10930,2024-09-20,Europe,Enterprise,Cloud Analytics Suite,24,4539.76,7,3,0
TXN-52464,CUST-10823,2025-04-02,North America,Enterprise,Customer 360,24,4202.96,4,2,1
TXN-52465,CUST-10061,2025-09-01,Europe,Mid-Market,Cloud Analytics Suite,12,2305.48,6,4,0
TXN-52466,CUST-10779,2024-04-20,Asia Pacific,Mid-Market,Cybersecurity Core,24,1544.39,6,3,1
TXN-52467,CUST-10425,2024-03-08,North America,Small Business,ERP Connect,12,431.86,6,5,1
TXN-52468,CUST-10152,2024-02-23,Asia Pacific,Small Business,Cloud Analytics Suite,24,577.87,10,0,0
TXN-52469,CUST-10164,2024-02-09,Asia Pacific,Small Business,Customer 360,12,579.93,6,2,0
TXN-52470,CUST-10800,2025-03-20,North America,Mid-Market,Cybersecurity Core,36,2517.14,8,1,1
TXN-52471,CUST-10672,2024-01-20,North America,Enterprise,Customer 360,12,3392.17,4,7,1
TXN-52472,CUST-10023,2025-12-22,North America,Enterprise,ERP Connect,36,5914.02,2,5,1
TXN-52473,CUST-10184,2024-10-03,North America,Mid-Market,Cloud Analytics Suite,12,1737.9,4,2,1
TXN-52474,CUST-10145,2025-04-25,Europe,Enterprise,Customer 360,36,6104.94,4,4,1
TXN-52475,CUST-10558,2025-01-26,Asia Pacific,Small Business,ERP Connect,24,610.4,6,3,0
TXN-52476,CUST-11090,2024-01-13,Asia Pacific,Mid-Market,ERP Connect,12,2043.18,5,5,1
TXN-52477,CUST-10262,2025-08-18,Asia Pacific,Enterprise,Cloud Analytics Suite,24,2826.17,2,3,1
TXN-52478,CUST-10566,2024-04-22,North America,Mid-Market,ERP Connect,12,1144.95,10,3,1
TXN-52479,CUST-10670,2024-04-02,Asia Pacific,Mid-Market,Cloud Analytics Suite,12,1742.64,5,3,0
TXN-52480,CUST-11104,2024-07-03,North America,Small Business,ERP Connect,36,553.64,2,3,0
TXN-52481,CUST-10695,2025-03-04,Europe,Enterprise,Cybersecurity Core,12,5286.31,4,0,1
TXN-52482,CUST-11183,2025-05-15,North America,Small Business,Cybersecurity Core,12,602.83,6,2,1
TXN-52483,CUST-10170,2025-10-26,North America,Mid-Market,ERP Connect,12,1094.29,9,3,1
TXN-52484,CUST-11132,2024-11-16,Asia Pacific,Small Business,Customer 360,36,676.1,9,3,0
TXN-52485,CUST-10808,2024-12-17,Asia Pacific,Mid-Market,Cybersecurity Core,36,1671.07,7,6,0
TXN-52486,CUST-10210,2025-04-11,North America,Mid-Market,ERP Connect,36,2012.52,6,3,0
TXN-52487,CUST-10081,2025-01-23,North America,Mid-Market,Cybersecurity Core,24,1885.18,8,3,0
TXN-52488,CUST-10039,2025-01-12,Europe,Enterprise,Cybersecurity Core,12,3945.58,8,1,0
TXN-52489,CUST-10004,2025-10-12,Asia Pacific,Mid-Market,Cybersecurity Core,12,1692.53,6,3,1
TXN-52490,CUST-11077,2025-04-11,North America,Mid-Market,ERP Connect,12,1503.84,6,2,0
TXN-52491,CUST-10744,2025-11-14,Europe,Mid-Market,Customer 360,12,1856.53,8,2,0
TXN-52492,CUST-10039,2025-10-26,Latin America,Mid-Market,Customer 360,36,1890.67,8,4,0
TXN-52493,CUST-10987,2024-06-13,Asia Pacific,Enterprise,ERP Connect,12,5366.27,7,3,1
TXN-52494,CUST-10383,2025-07-24,North America,Small Business,Cybersecurity Core,24,538.25,8,2,0
TXN-52495,CUST-10033,2025-06-11,North America,Mid-Market,Customer 360,24,1468.85,5,3,0
TXN-52496,CUST-10808,2025-05-21,North America,Mid-Market,ERP Connect,24,1793.33,6,4,0
TXN-52497,CUST-10283,2025-10-21,North America,Mid-Market,Cloud Analytics Suite,36,1850.95,9,6,0
TXN-52498,CUST-10811,2025-06-19,Asia Pacific,Mid-Market,Cybersecurity Core,24,1563.93,1,2,0
TXN-52499,CUST-11131,2025-10-09,North America,Small Business,Customer 360,12,824.85,4,4,1
TXN-52500,CUST-10214,2025-06-26,Europe,Mid-Market,Customer 360,24,1695.9,3,1,1
TXN-52501,CUST-10554,2025-06-09,Europe,Small Business,ERP Connect,12,534.96,6,3,1
TXN-52502,CUST-10041,2025-07-05,North America,Enterprise,ERP Connect,36,4542.85,5,4,1
TXN-52503,CUST-11142,2025-09-02,Europe,Enterprise,Cybersecurity Core,36,3828.05,8,5,0
TXN-52504,CUST-10099,2024-02-27,Asia Pacific,Small Business,Cloud Analytics Suite,24,734.86,8,5,1
TXN-52505,CUST-10810,2024-09-08,North America,Mid-Market,ERP Connect,24,2514.39,8,4,1
TXN-52506,CUST-10026,2024-02-26,Europe,Mid-Market,Cloud Analytics Suite,24,1780.7,5,4,0
TXN-52507,CUST-10286,2025-12-19,Europe,Small Business,Cloud Analytics Suite,12,382.86,4,5,1
TXN-52508,CUST-10919,2025-01-22,North America,Small Business,ERP Connect,12,885.27,5,3,0
TXN-52509,CUST-11016,2025-07-09,Europe,Small Business,ERP Connect,24,638.23,9,4,0
TXN-52510,CUST-10348,2024-01-03,Europe,Mid-Market,Cloud Analytics Suite,24,2135.89,9,3,0
TXN-52511,CUST-11180,2025-07-05,Europe,Mid-Market,Customer 360,12,1721.5,5,2,1
TXN-52512,CUST-10907,2025-03-03,Europe,Mid-Market,Cybersecurity Core,24,1638.86,5,4,0
TXN-52513,CUST-10720,2025-06-23,Europe,Enterprise,ERP Connect,12,4883.02,7,2,1
TXN-52514,CUST-10076,2024-08-23,Asia Pacific,Small Business,Cybersecurity Core,12,672.22,8,2,1
TXN-52515,CUST-10976,2024-08-15,Asia Pacific,Small Business,ERP Connect,12,470.92,4,5,0
TXN-52516,CUST-10890,2024-11-26,Asia Pacific,Small Business,Customer 360,24,504.75,9,4,1
TXN-52517,CUST-10495,2025-09-07,Asia Pacific,Small Business,ERP Connect,24,653.15,9,3,0
TXN-52518,CUST-10301,2025-03-03,North America,Mid-Market,Customer 360,24,1253.1,7,3,0
TXN-52519,CUST-10598,2025-10-07,North America,Enterprise,Customer 360,24,4183.85,5,0,1
TXN-52520,CUST-10426,2025-04-09,North America,Mid-Market,Cloud Analytics Suite,12,1503.77,5,2,1
TXN-52521,CUST-10135,2024-08-14,Europe,Small Business,Customer 360,12,755.21,6,1,0
TXN-52522,CUST-10404,2025-12-03,Europe,Mid-Market,Cloud Analytics Suite,12,1331.6,7,2,1
TXN-52523,CUST-10316,2024-09-12,Latin America,Small Business,ERP Connect,36,714.71,2,2,0
TXN-52524,CUST-10188,2024-03-01,Asia Pacific,Small Business,Cloud Analytics Suite,12,604.84,1,3,1
TXN-52525,CUST-10612,2024-10-12,Europe,Mid-Market,Cloud Analytics Suite,24,1518.71,6,5,0
TXN-52526,CUST-10890,2025-07-27,North America,Mid-Market,Cloud Analytics Suite,36,2175.34,7,2,0
TXN-52527,CUST-10848,2025-06-25,Europe,Mid-Market,Customer 360,24,1743.06,5,8,1
TXN-52528,CUST-10577,2025-07-26,Europe,Small Business,ERP Connect,12,573.29,2,2,1
TXN-52529,CUST-10244,2025-06-06,Europe,Mid-Market,Cybersecurity Core,24,1807.02,5,4,1
TXN-52530,CUST-10951,2025-09-09,Europe,Small Business,Cloud Analytics Suite,24,624.36,7,5,0
TXN-52531,CUST-10742,2024-08-27,North America,Mid-Market,Cybersecurity Core,24,1878.43,7,4,1
TXN-52532,CUST-11065,2024-07-03,Asia Pacific,Small Business,ERP Connect,24,574.91,5,4,1
TXN-52533,CUST-10493,2025-05-14,North America,Small Business,Cloud Analytics Suite,24,408.96,7,4,0
TXN-52534,CUST-10273,2024-06-23,Asia Pacific,Mid-Market,Cybersecurity Core,12,1491.28,9,5,0
TXN-52535,CUST-10903,2025-05-19,North America,Mid-Market,Cybersecurity Core,24,1249.69,5,4,1
TXN-52536,CUST-10598,2025-08-13,North America,Small Business,Cybersecurity Core,12,518.1,3,5,1
TXN-52537,CUST-10733,2024-01-09,North America,Enterprise,Customer 360,24,4415.27,1,2,1
TXN-52538,CUST-10300,2025-10-20,Europe,Mid-Market,Customer 360,24,1864.18,8,5,0
TXN-52539,CUST-10687,2024-09-22,Asia Pacific,Small Business,Cybersecurity Core,24,642.49,3,3,0
TXN-52540,CUST-10690,2024-05-27,Asia Pacific,Mid-Market,ERP Connect,24,1603.46,4,2,0
TXN-52541,CUST-11081,2025-07-14,North America,Mid-Market,Cloud Analytics Suite,24,1475.38,4,2,0
TXN-52542,CUST-10951,2024-07-01,North America,Enterprise,Cybersecurity Core,36,2688.89,1,8,0
TXN-52543,CUST-10568,2025-03-07,Europe,Enterprise,Cloud Analytics Suite,12,6189.5,9,1,0
TXN-52544,CUST-10047,2024-09-16,North America,Mid-Market,Cloud Analytics Suite,12,1397.52,6,5,0
TXN-52545,CUST-10901,2024-11-11,Europe,Enterprise,Cybersecurity Core,12,4218.06,10,6,0
TXN-52546,CUST-10753,2024-04-10,Asia Pacific,Enterprise,Cloud Analytics Suite,24,3697.39,1,2,1
TXN-52547,CUST-10089,2025-12-14,North America,Mid-Market,ERP Connect,12,2320.89,8,2,0
TXN-52548,CUST-10390,2024-09-01,North America,Mid-Market,Customer 360,24,1494.19,9,3,1
TXN-52549,CUST-10765,2024-09-12,North America,Mid-Market,Cybersecurity Core,12,1729.62,8,2,0
TXN-52550,CUST-10109,2024-06-06,North America,Mid-Market,Customer 360,12,2723.6,7,1,0
TXN-52551,CUST-10105,2024-06-19,Europe,Enterprise,Cybersecurity Core,24,4276.13,4,2,0
TXN-52552,CUST-10336,2025-03-21,Latin America,Enterprise,Cloud Analytics Suite,24,3923.18,7,6,0
TXN-52553,CUST-10952,2024-04-08,Asia Pacific,Enterprise,Customer 360,36,4581.9,6,2,1
TXN-52554,CUST-11164,2024-03-27,Latin America,Enterprise,ERP Connect,12,5520.51,8,1,1
TXN-52555,CUST-11093,2025-03-21,Asia Pacific,Small Business,Cybersecurity Core,24,387.01,7,2,0
TXN-52556,CUST-10805,2024-02-04,North America,Small Business,Cybersecurity Core,24,574.59,6,2,0
TXN-52557,CUST-10614,2025-05-12,North America,Mid-Market,Cybersecurity Core,12,877.4,3,3,1
TXN-52558,CUST-10698,2025-10-16,North America,Mid-Market,Customer 360,24,1447.04,6,1,1
TXN-52559,CUST-10781,2025-07-17,North America,Small Business,Customer 360,24,544.7,9,1,0
TXN-52560,CUST-10521,2025-03-27,North America,Mid-Market,Cybersecurity Core,12,1545.49,5,3,1
TXN-52561,CUST-11151,2025-02-14,Asia Pacific,Mid-Market,ERP Connect,12,1718.24,8,5,1
TXN-52562,CUST-10449,2025-10-21,Europe,Small Business,Cybersecurity Core,12,622.17,1,3,1
TXN-52563,CUST-10248,2025-03-16,Europe,Enterprise,Cybersecurity Core,24,3796.66,4,4,0
TXN-52564,CUST-10929,2025-03-20,North America,Mid-Market,Cloud Analytics Suite,36,2122.99,1,4,1
TXN-52565,CUST-10509,2025-07-07,Europe,Mid-Market,Cybersecurity Core,12,1841.36,8,4,0
TXN-52566,CUST-10184,2025-09-19,Asia Pacific,Mid-Market,Cloud Analytics Suite,24,1312.33,7,1,1
TXN-52567,CUST-10046,2025-12-06,Asia Pacific,Mid-Market,ERP Connect,12,1161.56,5,3,1
TXN-52568,CUST-10845,2025-07-20,North America,Small Business,ERP Connect,24,716.4,1,4,0
TXN-52569,CUST-10263,2025-03-16,North America,Mid-Market,Cybersecurity Core,24,2237.7,6,2,0
TXN-52570,CUST-11009,2025-05-09,North America,Mid-Market,Cybersecurity Core,24,1856.32,5,4,0
TXN-52571,CUST-10556,2025-03-22,Europe,Small Business,Cloud Analytics Suite,36,698.94,8,3,0
TXN-52572,CUST-10541,2025-08-05,Europe,Mid-Market,Customer 360,12,1855.99,5,2,1
TXN-52573,CUST-11015,2024-02-05,North America,Mid-Market,ERP Connect,24,1508.39,7,2,0
TXN-52574,CUST-10121,2025-04-05,Asia Pacific,Small Business,ERP Connect,12,652.23,7,5,1
TXN-52575,CUST-10695,2024-02-14,North America,Enterprise,Cybersecurity Core,36,5067.49,7,2,0
TXN-52576,CUST-10313,2025-08-18,Europe,Mid-Market,ERP Connect,24,1858.15,2,1,1
TXN-52577,CUST-11135,2025-10-12,North America,Mid-Market,Customer 360,24,1583.18,8,4,0
TXN-52578,CUST-10145,2024-03-08,Europe,Mid-Market,Customer 360,24,1327.31,7,5,0
TXN-52579,CUST-10906,2024-09-12,North America,Mid-Market,Cybersecurity Core,12,1735.63,6,4,1
TXN-52580,CUST-10328,2025-07-23,Europe,Small Business,Customer 360,12,450.79,3,5,0
TXN-52581,CUST-10925,2025-02-10,North America,Mid-Market,ERP Connect,36,1445.58,7,1,0
TXN-52582,CUST-10423,2024-04-26,Europe,Mid-Market,ERP Connect,24,2296.7,3,1,1
TXN-52583,CUST-10694,2024-10-03,Europe,Small Business,ERP Connect,12,664.06,6,5,0
TXN-52584,CUST-11160,2024-04-08,Europe,Enterprise,Customer 360,24,3406.18,7,4,0
TXN-52585,CUST-10768,2025-04-22,Asia Pacific,Small Business,Cybersecurity Core,24,731.59,4,4,1
TXN-52586,CUST-10393,2025-06-15,Asia Pacific,Mid-Market,ERP Connect,24,1973.94,9,3,0
TXN-52587,CUST-10232,2025-07-05,North America,Mid-Market,Cybersecurity Core,12,1948.9,7,6,1
TXN-52588,CUST-10082,2025-05-27,Asia Pacific,Small Business,Cloud Analytics Suite,36,603.7,6,3,1
TXN-52589,CUST-10625,2025-12-20,Asia Pacific,Mid-Market,Cloud Analytics Suite,36,2335.02,8,6,0
TXN-52590,CUST-10202,2025-07-16,Europe,Small Business,Customer 360,24,265.52,4,2,0
TXN-52591,CUST-11160,2024-03-04,North America,Mid-Market,Cloud Analytics Suite,12,2146.92,3,3,1
TXN-52592,CUST-10235,2024-09-03,North America,Mid-Market,ERP Connect,24,1737.8,7,1,0
TXN-52593,CUST-10229,2024-02-10,Latin America,Small Business,Customer 360,36,578.71,5,4,0
TXN-52594,CUST-10391,2025-04-15,Europe,Enterprise,Cloud Analytics Suite,12,3752.79,6,2,1
TXN-52595,CUST-10314,2024-12-07,North America,Mid-Market,Cybersecurity Core,12,2062.46,2,5,1
TXN-52596,CUST-10679,2024-08-21,North America,Small Business,Customer 360,12,512.89,2,4,1
TXN-52597,CUST-11008,2025-03-08,North America,Mid-Market,ERP Connect,12,1491.34,6,2,0
TXN-52598,CUST-10018,2025-10-19,North America,Enterprise,ERP Connect,24,2561.05,5,6,1
TXN-52599,CUST-10945,2024-04-10,Europe,Small Business,Cloud Analytics Suite,36,499.28,7,6,1
TXN-52600,CUST-10260,2024-05-21,Europe,Small Business,Cybersecurity Core,12,495.46,6,5,0
TXN-52601,CUST-10479,2024-08-08,North America,Mid-Market,Cloud Analytics Suite,36,2025.12,4,1,1
TXN-52602,CUST-10652,2025-02-12,Latin America,Enterprise,ERP Connect,12,3843.51,7,4,0
TXN-52603,CUST-11119,2024-04-07,North America,Enterprise,Cybersecurity Core,24,3861.26,7,4,1
TXN-52604,CUST-10513,2025-02-17,Latin America,Mid-Market,Cloud Analytics Suite,24,1160.78,5,2,1
TXN-52605,CUST-10544,2024-03-19,Asia Pacific,Enterprise,Cybersecurity Core,36,4394.6,5,4,0
TXN-52606,CUST-10748,2024-12-16,Europe,Enterprise,ERP Connect,24,3809.34,5,4,0
TXN-52607,CUST-11120,2024-05-07,Europe,Small Business,Cloud Analytics Suite,36,644.8,8,5,0
TXN-52608,CUST-10163,2025-07-07,Asia Pacific,Mid-Market,Cybersecurity Core,12,1656.68,5,4,1
TXN-52609,CUST-10785,2025-02-03,Europe,Enterprise,Cybersecurity Core,24,3977.37,8,5,0
TXN-52610,CUST-10455,2024-07-02,North America,Small Business,ERP Connect,24,452.57,1,4,1
TXN-52611,CUST-10146,2024-07-04,Asia Pacific,Mid-Market,Cybersecurity Core,12,1928.42,6,4,0
TXN-52612,CUST-10181,2025-08-13,North America,Small Business,ERP Connect,36,445.58,6,0,0
TXN-52613,CUST-10669,2024-04-09,North America,Enterprise,Customer 360,12,3153.42,6,0,0
TXN-52614,CUST-10766,2025-10-24,North America,Enterprise,Customer 360,12,2652.78,8,1,0
TXN-52615,CUST-10763,2024-02-12,Asia Pacific,Small Business,Customer 360,24,751.3,8,3,1
TXN-52616,CUST-10195,2025-03-26,Asia Pacific,Small Business,Customer 360,12,699.67,5,3,0
TXN-52617,CUST-10007,2024-06-14,Europe,Mid-Market,Customer 360,36,2437.95,1,3,0
TXN-52618,CUST-10117,2024-06-23,North America,Mid-Market,Customer 360,12,1633.28,8,2,0
TXN-52619,CUST-10441,2025-02-27,North America,Enterprise,Cloud Analytics Suite,12,4647.86,7,3,1
TXN-52620,CUST-10943,2024-10-24,North America,Mid-Market,Cloud Analytics Suite,24,2049.2,1,3,1
TXN-52621,CUST-10460,2025-11-16,Europe,Mid-Market,Cybersecurity Core,24,2136.88,7,2,0
TXN-52622,CUST-10643,2024-11-18,Asia Pacific,Mid-Market,Cloud Analytics Suite,12,1859.04,5,3,1
TXN-52623,CUST-10462,2025-09-23,Latin America,Small Business,Cybersecurity Core,36,542.84,7,6,0
TXN-52624,CUST-10599,2025-06-03,Europe,Small Business,Customer 360,12,572.67,8,1,0
TXN-52625,CUST-10174,2024-08-03,Asia Pacific,Small Business,Cybersecurity Core,24,357.17,7,3,0
TXN-52626,CUST-11148,2025-02-12,North America,Mid-Market,Customer 360,12,2305.09,7,5,1
TXN-52627,CUST-10863,2024-03-01,Europe,Enterprise,Customer 360,12,5996.25,4,4,1
TXN-52628,CUST-10575,2024-08-16,Latin America,Small Business,Cybersecurity Core,24,650.81,5,2,0
TXN-52629,CUST-10067,2024-06-09,North America,Enterprise,Cloud Analytics Suite,24,6440.58,3,3,0
TXN-52630,CUST-10670,2024-09-02,North America,Small Business,Cloud Analytics Suite,12,606.98,7,1,1
TXN-52631,CUST-10481,2025-01-09,North America,Enterprise,Cybersecurity Core,12,4344.45,10,4,1
TXN-52632,CUST-10080,2024-06-25,Europe,Small Business,Cloud Analytics Suite,24,626.68,5,3,1
TXN-52633,CUST-10025,2025-10-24,North America,Mid-Market,Customer 360,12,2065.28,9,4,1
TXN-52634,CUST-10597,2025-05-18,Latin America,Enterprise,Cybersecurity Core,24,3156.7,1,2,0
TXN-52635,CUST-10049,2024-12-07,North America,Enterprise,Customer 360,24,4394.19,7,4,0
TXN-52636,CUST-10515,2025-11-25,North America,Enterprise,Customer 360,24,4225.21,9,2,0
TXN-52637,CUST-10797,2024-11-07,North America,Small Business,Cybersecurity Core,24,591.72,5,3,1
TXN-52638,CUST-11138,2025-07-15,North America,Mid-Market,Customer 360,24,1802.43,9,3,1
TXN-52639,CUST-10579,2024-06-01,Europe,Small Business,ERP Connect,24,476.12,7,6,0
TXN-52640,CUST-10883,2025-02-09,Europe,Enterprise,Cybersecurity Core,36,3830.89,7,3,0
TXN-52641,CUST-11092,2025-11-10,Latin America,Enterprise,Customer 360,12,5409.07,8,2,0
TXN-52642,CUST-10131,2024-06-14,North America,Mid-Market,Cloud Analytics Suite,24,2004.63,5,2,0
TXN-52643,CUST-10817,2024-08-16,Europe,Small Business,Cloud Analytics Suite,12,947.2,10,3,0
TXN-52644,CUST-10829,2025-05-19,Asia Pacific,Mid-Market,Customer 360,24,1843.9,7,4,0
TXN-52645,CUST-10796,2024-02-25,North America,Mid-Market,Cloud Analytics Suite,12,1842.68,3,3,1
TXN-52646,CUST-10148,2024-12-16,Asia Pacific,Mid-Market,Cybersecurity Core,24,2037.45,6,2,1
TXN-52647,CUST-10358,2025-10-17,North America,Small Business,ERP Connect,12,494.13,3,1,0
TXN-52648,CUST-10474,2024-04-11,North America,Enterprise,Customer 360,24,5164.87,6,4,0
TXN-52649,CUST-10016,2024-10-22,Latin America,Small Business,Customer 360,12,591.68,3,2,1
TXN-52650,CUST-11013,2024-09-10,Europe,Mid-Market,Cloud Analytics Suite,24,1603.15,6,2,1
TXN-52651,CUST-10074,2024-01-23,Europe,Mid-Market,Cybersecurity Core,24,1960.36,7,3,0
TXN-52652,CUST-10637,2024-08-22,Europe,Mid-Market,Customer 360,12,1977.67,6,6,0
TXN-52653,CUST-11005,2025-01-27,Asia Pacific,Mid-Market,Cybersecurity Core,24,2292.64,4,1,0
TXN-52654,CUST-11098,2025-03-07,Europe,Enterprise,Cloud Analytics Suite,36,5213.4,8,0,1
TXN-52655,CUST-10448,2024-05-16,Latin America,Mid-Market,ERP Connect,24,1908.84,6,1,0
TXN-52656,CUST-10784,2025-02-07,Asia Pacific,Mid-Market,Cybersecurity Core,12,1328.82,7,2,0
TXN-52657,CUST-10372,2025-02-18,North America,Small Business,ERP Connect,36,730.71,5,2,0
TXN-52658,CUST-10021,2024-08-06,North America,Mid-Market,Customer 360,12,1591.1,5,3,0
TXN-52659,CUST-10460,2025-06-27,Latin America,Enterprise,Cloud Analytics Suite,24,4281.01,8,3,1
TXN-52660,CUST-10151,2024-08-14,North America,Mid-Market,Cybersecurity Core,24,1529.56,1,3,0
TXN-52661,CUST-10611,2024-08-02,North America,Mid-Market,Cloud Analytics Suite,24,1593.94,6,3,1
TXN-52662,CUST-10448,2025-03-19,Europe,Enterprise,Cloud Analytics Suite,24,3685.12,8,5,1
TXN-52663,CUST-10439,2024-06-08,North America,Small Business,Customer 360,24,417.52,3,3,1
TXN-52664,CUST-10743,2024-10-11,Europe,Mid-Market,Cloud Analytics Suite,12,1681.67,5,6,1
TXN-52665,CUST-10567,2025-06-21,Asia Pacific,Small Business,Cybersecurity Core,12,819.43,8,2,0
TXN-52666,CUST-10189,2024-12-17,North America,Small Business,ERP Connect,36,591.32,5,1,0
TXN-52667,CUST-10575,2025-03-01,Europe,Small Business,ERP Connect,12,555.6,8,1,0
TXN-52668,CUST-10477,2024-09-20,Latin America,Mid-Market,Cybersecurity Core,24,1701.36,8,2,1
TXN-52669,CUST-10013,2024-06-15,North America,Enterprise,Customer 360,12,4014.37,6,3,0
TXN-52670,CUST-10443,2024-10-26,Asia Pacific,Small Business,Cybersecurity Core,12,856.51,10,4,1
TXN-52671,CUST-10919,2025-07-16,North America,Enterprise,Cloud Analytics Suite,12,4731.05,6,5,0
TXN-52672,CUST-10592,2024-10-17,North America,Mid-Market,Customer 360,24,2155.05,2,2,0
TXN-52673,CUST-10726,2024-11-05,Asia Pacific,Mid-Market,Cloud Analytics Suite,24,1940.18,10,3,0
TXN-52674,CUST-11093,2025-02-23,Latin America,Mid-Market,ERP Connect,12,2083.22,8,0,0
TXN-52675,CUST-10386,2024-08-07,North America,Small Business,Cloud Analytics Suite,24,800.74,3,2,1
TXN-52676,CUST-10392,2025-01-26,North America,Mid-Market,Cloud Analytics Suite,12,1491.81,1,3,0
TXN-52677,CUST-10835,2025-05-14,North America,Mid-Market,Cybersecurity Core,24,1746.96,4,5,0
TXN-52678,CUST-11046,2025-10-26,North America,Mid-Market,Cloud Analytics Suite,24,1754.57,5,5,0
TXN-52679,CUST-10498,2024-07-26,Europe,Small Business,Cloud Analytics Suite,12,626.38,3,3,1
TXN-52680,CUST-10416,2024-01-09,North America,Mid-Market,ERP Connect,12,1524.73,7,3,1
TXN-52681,CUST-10886,2025-07-09,Asia Pacific,Small Business,Customer 360,12,524.99,6,1,0
TXN-52682,CUST-10771,2025-01-15,North America,Small Business,Cloud Analytics Suite,24,673.27,7,3,1
TXN-52683,CUST-10537,2024-01-19,North America,Mid-Market,Cybersecurity Core,12,1620.57,3,1,0
TXN-52684,CUST-10931,2024-04-09,Asia Pacific,Enterprise,Cybersecurity Core,24,4657.73,7,5,0
TXN-52685,CUST-10251,2025-06-05,North America,Mid-Market,Customer 360,12,1795.6,6,0,1
TXN-52686,CUST-10970,2024-08-11,Europe,Small Business,Cloud Analytics Suite,24,680.32,6,3,1
TXN-52687,CUST-10487,2025-04-08,Asia Pacific,Enterprise,ERP Connect,12,4014.57,8,2,0
TXN-52688,CUST-10277,2025-04-27,Europe,Mid-Market,Customer 360,12,1747.79,5,4,0
TXN-52689,CUST-10161,2024-10-12,North America,Small Business,ERP Connect,12,641.88,9,2,0
TXN-52690,CUST-10778,2025-05-25,Asia Pacific,Mid-Market,Cybersecurity Core,24,1370.93,9,3,1
TXN-52691,CUST-10586,2025-04-23,Europe,Mid-Market,Cybersecurity Core,36,1455.41,7,5,0
TXN-52692,CUST-10139,2025-04-18,Europe,Small Business,Cloud Analytics Suite,12,737.34,3,2,0
TXN-52693,CUST-10686,2024-08-07,Europe,Mid-Market,Customer 360,12,1973.52,5,1,1
TXN-52694,CUST-10714,2024-02-17,North America,Mid-Market,Cloud Analytics Suite,12,1808.48,8,1,1
TXN-52695,CUST-10601,2025-12-14,Europe,Mid-Market,Cloud Analytics Suite,12,1820.62,4,5,1
TXN-52696,CUST-10069,2024-06-02,Latin America,Mid-Market,ERP Connect,12,1677.72,3,4,1
TXN-52697,CUST-10102,2025-04-07,North America,Enterprise,ERP Connect,12,5609.47,10,3,0
TXN-52698,CUST-10393,2025-08-18,North America,Enterprise,Cybersecurity Core,12,6229.7,1,1,1
TXN-52699,CUST-10565,2024-06-21,Latin America,Small Business,Customer 360,12,500.58,6,3,0
TXN-52700,CUST-11068,2025-12-27,North America,Small Business,ERP Connect,24,299.46,4,4,1
TXN-52701,CUST-10591,2024-05-27,Asia Pacific,Mid-Market,ERP Connect,24,1763.92,7,7,0
TXN-52702,CUST-10431,2025-10-06,North America,Enterprise,Customer 360,24,4084.86,5,2,0
TXN-52703,CUST-10322,2024-08-22,Europe,Small Business,Cloud Analytics Suite,12,446.69,5,4,1
TXN-52704,CUST-10955,2024-11-21,Europe,Enterprise,Customer 360,12,4811.92,8,1,0
TXN-52705,CUST-10384,2024-08-13,North America,Mid-Market,Customer 360,36,2024.25,4,3,1
TXN-52706,CUST-10622,2024-10-14,Europe,Mid-Market,Cloud Analytics Suite,12,1864.99,9,2,0
TXN-52707,CUST-10784,2024-10-26,North America,Small Business,Customer 360,24,460.6,6,3,0
TXN-52708,CUST-10002,2024-12-18,Latin America,Mid-Market,ERP Connect,24,1840.61,5,1,0
TXN-52709,CUST-10252,2025-02-19,North America,Enterprise,ERP Connect,12,4589.59,2,4,1
TXN-52710,CUST-10594,2025-12-25,North America,Mid-Market,Cloud Analytics Suite,24,1402.35,4,4,1
TXN-52711,CUST-10680,2024-03-25,North America,Mid-Market,Cloud Analytics Suite,12,1900.63,9,6,1
TXN-52712,CUST-11038,2025-04-15,Asia Pacific,Mid-Market,Cloud Analytics Suite,12,1623.85,7,4,1
TXN-52713,CUST-10405,2024-07-13,Europe,Mid-Market,Customer 360,12,1748.59,7,3,1
TXN-52714,CUST-10831,2024-06-05,North America,Enterprise,Cybersecurity Core,24,4386.16,6,2,0
TXN-52715,CUST-10606,2025-12-15,North America,Mid-Market,Cloud Analytics Suite,24,2414.6,1,1,1
TXN-52716,CUST-10403,2024-10-12,Europe,Small Business,Customer 360,12,658.26,4,2,1
TXN-52717,CUST-10233,2025-06-16,North America,Mid-Market,ERP Connect,36,1427.22,7,2,1
TXN-52718,CUST-10098,2025-08-15,North America,Small Business,Cloud Analytics Suite,12,492.57,9,2,0
TXN-52719,CUST-10956,2025-04-20,Europe,Enterprise,ERP Connect,12,4103.51,3,1,0
TXN-52720,CUST-10372,2024-12-15,Asia Pacific,Small Business,Cloud Analytics Suite,12,689.7,1,7,1
TXN-52721,CUST-10694,2024-07-03,Asia Pacific,Small Business,Cloud Analytics Suite,36,642.8,9,4,0
TXN-52722,CUST-10254,2025-02-15,Europe,Mid-Market,Cybersecurity Core,12,1930.62,8,2,0
TXN-52723,CUST-10186,2025-05-20,North America,Mid-Market,Customer 360,12,2034.24,6,2,0
TXN-52724,CUST-10115,2025-06-21,Europe,Mid-Market,Customer 360,12,2139.55,1,3,1
TXN-52725,CUST-10264,2025-08-03,Asia Pacific,Mid-Market,ERP Connect,24,1616.83,10,3,1
TXN-52726,CUST-10810,2025-12-24,Europe,Mid-Market,ERP Connect,12,2338.68,3,6,0
TXN-52727,CUST-10378,2024-05-13,North America,Small Business,Cybersecurity Core,24,554.29,8,3,1
TXN-52728,CUST-10166,2024-11-13,Europe,Small Business,ERP Connect,24,532.07,1,5,1
TXN-52729,CUST-11001,2025-05-22,North America,Small Business,Customer 360,12,649.12,5,3,0
TXN-52730,CUST-10538,2025-03-17,Europe,Small Business,Cybersecurity Core,36,570.41,4,4,1
TXN-52731,CUST-10007,2025-02-16,North America,Mid-Market,ERP Connect,24,2418.48,4,8,1
TXN-52732,CUST-10051,2025-03-06,North America,Small Business,ERP Connect,24,895.81,7,5,0
TXN-52733,CUST-10575,2025-11-03,Europe,Enterprise,Customer 360,24,5495.41,10,3,0
TXN-52734,CUST-10060,2024-05-14,North America,Mid-Market,Cybersecurity Core,24,2175.52,7,4,1
TXN-52735,CUST-10948,2025-04-11,Asia Pacific,Small Business,Cloud Analytics Suite,24,464.87,2,0,1
TXN-52736,CUST-10420,2025-06-16,North America,Mid-Market,Customer 360,36,1862.88,5,2,1
TXN-52737,CUST-10421,2025-03-09,Europe,Mid-Market,Cloud Analytics Suite,24,1247.06,7,7,0
TXN-52738,CUST-10593,2024-01-17,North America,Enterprise,Customer 360,24,2966.92,6,2,1
TXN-52739,CUST-10478,2024-01-20,Europe,Small Business,Cloud Analytics Suite,12,500.91,4,3,1
TXN-52740,CUST-10650,2025-04-17,Asia Pacific,Small Business,Cloud Analytics Suite,12,609.86,3,4,0
TXN-52741,CUST-10860,2025-12-25,North America,Mid-Market,Cloud Analytics Suite,24,2498.0,4,2,0
TXN-52742,CUST-10597,2025-08-23,Asia Pacific,Enterprise,ERP Connect,36,4300.3,8,0,0
TXN-52743,CUST-10229,2025-10-22,North America,Small Business,Cybersecurity Core,12,701.53,4,5,1
TXN-52744,CUST-10292,2025-02-08,Europe,Enterprise,Customer 360,12,4280.81,9,3,1
TXN-52745,CUST-10142,2024-09-22,North America,Mid-Market,Cloud Analytics Suite,24,1662.21,7,1,1
TXN-52746,CUST-10821,2024-03-14,Europe,Mid-Market,Cybersecurity Core,12,1520.36,6,3,1
TXN-52747,CUST-10410,2025-06-18,Asia Pacific,Mid-Market,Cloud Analytics Suite,24,1408.78,2,4,0
TXN-52748,CUST-10876,2025-04-19,North America,Mid-Market,Customer 360,12,1257.01,3,0,0
TXN-52749,CUST-10014,2025-06-21,North America,Mid-Market,Cybersecurity Core,24,2027.36,4,7,0
TXN-52750,CUST-10368,2025-09-05,North America,Enterprise,Cloud Analytics Suite,36,4456.8,6,4,1
TXN-52751,CUST-10674,2024-08-16,Europe,Enterprise,Customer 360,12,5252.13,8,0,0
TXN-52752,CUST-10849,2025-09-11,North America,Enterprise,ERP Connect,24,6449.89,7,6,0
TXN-52753,CUST-11133,2025-01-21,North America,Mid-Market,Cybersecurity Core,12,1986.82,9,0,0
TXN-52754,CUST-10301,2024-03-23,North America,Mid-Market,ERP Connect,24,1970.8,8,4,0
TXN-52755,CUST-10577,2025-05-20,Europe,Small Business,Cybersecurity Core,24,563.63,6,4,0
TXN-52756,CUST-10627,2025-12-05,Europe,Mid-Market,Cloud Analytics Suite,12,1797.69,7,0,1
TXN-52757,CUST-10668,2025-01-07,Europe,Enterprise,ERP Connect,24,4942.22,5,2,1
TXN-52758,CUST-10867,2024-08-13,North America,Enterprise,ERP Connect,24,4484.58,4,4,1
TXN-52759,CUST-10103,2025-02-05,North America,Small Business,Cloud Analytics Suite,24,660.75,8,4,0
TXN-52760,CUST-10015,2025-02-22,Latin America,Mid-Market,Customer 360,24,2949.66,8,3,0
TXN-52761,CUST-11120,2024-07-27,North America,Small Business,Cloud Analytics Suite,12,794.22,10,1,0
TXN-52762,CUST-10248,2025-12-11,Europe,Enterprise,Cybersecurity Core,24,5265.02,1,5,1
TXN-52763,CUST-10539,2024-08-01,North America,Enterprise,Customer 360,12,5245.01,8,4,0
TXN-52764,CUST-10383,2024-07-14,North America,Enterprise,Cybersecurity Core,12,5560.93,7,3,0
TXN-52765,CUST-10863,2024-11-24,Asia Pacific,Mid-Market,Cloud Analytics Suite,12,2561.81,5,2,1
TXN-52766,CUST-10101,2025-07-08,Asia Pacific,Small Business,ERP Connect,12,718.27,5,2,1
TXN-52767,CUST-10080,2024-12-23,Latin America,Mid-Market,Customer 360,12,1813.8,3,4,0
TXN-52768,CUST-10471,2025-08-15,Asia Pacific,Mid-Market,Cloud Analytics Suite,12,1595.28,8,1,0
TXN-52769,CUST-10003,2025-06-21,North America,Mid-Market,Cybersecurity Core,12,1510.05,7,5,1
TXN-52770,CUST-10879,2025-03-05,Europe,Mid-Market,Cybersecurity Core,12,1621.41,8,1,0
TXN-52771,CUST-11190,2025-09-08,Asia Pacific,Mid-Market,Cybersecurity Core,12,1669.19,4,1,1
TXN-52772,CUST-10568,2024-12-23,North America,Mid-Market,Customer 360,36,2673.53,7,3,0
TXN-52773,CUST-10463,2025-08-17,North America,Small Business,ERP Connect,24,746.15,5,4,0
TXN-52774,CUST-10988,2025-05-06,North America,Enterprise,Customer 360,24,5744.99,1,2,0
TXN-52775,CUST-10104,2025-09-02,North America,Enterprise,ERP Connect,36,4901.38,4,4,0
TXN-52776,CUST-10392,2025-11-16,North America,Mid-Market,Cloud Analytics Suite,24,1729.83,9,1,0
TXN-52777,CUST-10405,2024-04-26,Europe,Mid-Market,Cloud Analytics Suite,12,1333.82,8,5,1
TXN-52778,CUST-11052,2024-05-04,Asia Pacific,Mid-Market,Cybersecurity Core,24,1851.87,3,3,0
TXN-52779,CUST-10472,2024-06-03,Latin America,Mid-Market,Cybersecurity Core,36,1350.08,7,4,1
TXN-52780,CUST-10857,2024-07-01,Latin America,Enterprise,ERP Connect,12,3009.98,2,3,1
TXN-52781,CUST-11163,2024-08-15,North America,Mid-Market,Customer 360,24,1147.92,6,4,1
TXN-52782,CUST-10883,2024-06-06,Latin America,Small Business,Cloud Analytics Suite,12,548.94,5,1,0
TXN-52783,CUST-10360,2024-06-03,Latin America,Mid-Market,ERP Connect,12,2148.35,8,4,0
TXN-52784,CUST-10681,2025-05-13,North America,Mid-Market,Cybersecurity Core,12,1601.0,7,3,1
TXN-52785,CUST-10487,2025-12-16,Europe,Enterprise,Customer 360,24,6296.55,5,4,1
TXN-52786,CUST-10209,2025-09-23,Asia Pacific,Mid-Market,Cybersecurity Core,24,1943.16,4,3,0
TXN-52787,CUST-10847,2024-04-15,North America,Enterprise,Cybersecurity Core,24,4341.43,7,2,0
TXN-52788,CUST-10527,2024-07-13,Asia Pacific,Small Business,ERP Connect,12,674.51,9,4,1
TXN-52789,CUST-10699,2025-10-17,Europe,Mid-Market,Customer 360,12,1404.95,9,1,0
TXN-52790,CUST-11016,2025-12-11,North America,Mid-Market,Cybersecurity Core,12,1199.41,6,0,1
TXN-52791,CUST-10549,2024-11-10,Europe,Mid-Market,Cloud Analytics Suite,24,1597.28,4,0,0
TXN-52792,CUST-10139,2025-04-13,Asia Pacific,Mid-Market,Cybersecurity Core,12,1484.21,8,0,0
TXN-52793,CUST-10037,2024-01-21,Asia Pacific,Mid-Market,Cybersecurity Core,24,2199.68,5,2,0
TXN-52794,CUST-10470,2024-04-13,North America,Enterprise,ERP Connect,12,4500.53,4,0,0
TXN-52795,CUST-10491,2024-07-25,Europe,Mid-Market,ERP Connect,36,2099.46,6,3,0
TXN-52796,CUST-10036,2025-10-12,Europe,Enterprise,Customer 360,24,4709.69,8,5,0
TXN-52797,CUST-10254,2025-10-11,Asia Pacific,Small Business,ERP Connect,12,621.99,8,8,1
TXN-52798,CUST-11012,2024-07-14,Asia Pacific,Mid-Market,ERP Connect,12,1130.23,5,3,0
TXN-52799,CUST-10673,2024-02-22,North America,Mid-Market,Cloud Analytics Suite,12,1495.07,6,4,1
TXN-52800,CUST-10070,2024-05-20,North America,Mid-Market,ERP Connect,36,2496.9,2,4,0
TXN-52801,CUST-11020,2025-04-08,Europe,Enterprise,Cybersecurity Core,24,5107.66,7,2,0
TXN-52802,CUST-11007,2025-06-26,Europe,Mid-Market,Cybersecurity Core,12,2163.0,8,6,0
TXN-52803,CUST-10732,2024-05-23,North America,Mid-Market,Cloud Analytics Suite,24,1648.8,6,2,0
TXN-52804,CUST-10330,2024-12-21,Latin America,Enterprise,Cybersecurity Core,24,5195.84,8,6,1
TXN-52805,CUST-10669,2024-04-11,Asia Pacific,Mid-Market,Customer 360,12,1953.23,6,5,0
TXN-52806,CUST-10884,2024-06-16,Europe,Enterprise,Cybersecurity Core,12,6337.61,9,4,0
TXN-52807,CUST-10290,2025-03-15,Europe,Mid-Market,Customer 360,12,1679.62,4,1,0
TXN-52808,CUST-10647,2025-10-17,Europe,Small Business,Cybersecurity Core,24,596.64,5,2,0
TXN-52809,CUST-10252,2025-08-27,Europe,Enterprise,Cybersecurity Core,12,3904.43,4,4,1
TXN-52810,CUST-10461,2024-07-03,North America,Enterprise,ERP Connect,12,2627.91,9,2,1
TXN-52811,CUST-11167,2025-08-06,Europe,Enterprise,Customer 360,12,4797.94,3,2,0
TXN-52812,CUST-10183,2024-02-13,Latin America,Mid-Market,ERP Connect,12,1679.55,6,6,0
TXN-52813,CUST-10184,2025-12-04,Latin America,Small Business,Cloud Analytics Suite,12,769.84,6,3,1
TXN-52814,CUST-10103,2024-12-19,North America,Mid-Market,Customer 360,24,2723.89,8,2,0
TXN-52815,CUST-10765,2025-12-04,Europe,Mid-Market,Cloud Analytics Suite,24,1747.27,5,6,0
TXN-52816,CUST-10420,2024-07-26,Latin America,Enterprise,Cloud Analytics Suite,12,3353.43,1,1,1
TXN-52817,CUST-10507,2025-07-12,Asia Pacific,Mid-Market,Customer 360,36,1421.0,6,2,1
TXN-52818,CUST-10633,2025-08-16,North America,Mid-Market,Customer 360,12,1927.3,3,3,0
TXN-52819,CUST-11128,2025-07-05,Europe,Mid-Market,Cybersecurity Core,12,1683.44,9,4,0
TXN-52820,CUST-10587,2025-08-27,Europe,Enterprise,ERP Connect,12,5635.13,7,5,1
TXN-52821,CUST-10793,2024-05-04,North America,Mid-Market,ERP Connect,12,1133.7,9,3,0
TXN-52822,CUST-10254,2025-10-05,North America,Mid-Market,ERP Connect,24,2035.93,1,2,1
TXN-52823,CUST-10090,2024-07-17,North America,Enterprise,Customer 360,24,3620.91,5,5,1
TXN-52824,CUST-10506,2024-10-23,Europe,Mid-Market,Cloud Analytics Suite,36,1963.27,2,1,1
TXN-52825,CUST-10952,2024-04-08,North America,Small Business,Cybersecurity Core,24,731.58,6,4,1
TXN-52826,CUST-10319,2024-08-03,North America,Enterprise,Customer 360,24,4589.69,6,5,1
TXN-52827,CUST-10451,2025-08-03,North America,Mid-Market,Cloud Analytics Suite,12,2119.37,2,1,1
TXN-52828,CUST-10514,2024-06-24,North America,Small Business,Customer 360,24,784.46,9,3,0
TXN-52829,CUST-10354,2024-03-23,Latin America,Enterprise,Cloud Analytics Suite,12,4783.83,3,3,1
TXN-52830,CUST-11040,2025-05-09,North America,Mid-Market,ERP Connect,12,1899.95,7,4,1
TXN-52831,CUST-11136,2024-11-11,North America,Enterprise,Cloud Analytics Suite,24,5466.84,5,2,0
TXN-52832,CUST-11180,2024-05-12,North America,Mid-Market,ERP Connect,24,1340.2,1,2,1
TXN-52833,CUST-11101,2025-02-16,North America,Mid-Market,Customer 360,24,1801.1,3,2,1
TXN-52834,CUST-10047,2024-03-25,Latin America,Enterprise,Cloud Analytics Suite,12,5550.54,8,6,0
TXN-52835,CUST-10145,2024-07-03,North America,Small Business,Cloud Analytics Suite,36,523.1,4,2,0
TXN-52836,CUST-10833,2025-05-03,Latin America,Small Business,Cybersecurity Core,24,573.78,4,3,0
TXN-52837,CUST-11064,2024-09-21,Asia Pacific,Small Business,ERP Connect,24,818.99,8,3,0
TXN-52838,CUST-11022,2024-08-06,North America,Mid-Market,Cloud Analytics Suite,12,2160.48,7,6,1
TXN-52839,CUST-10872,2024-05-06,North America,Enterprise,Cloud Analytics Suite,12,4323.14,6,5,1
TXN-52840,CUST-10402,2025-12-08,North America,Mid-Market,ERP Connect,12,1677.91,9,1,0
TXN-52841,CUST-11175,2024-08-01,North America,Enterprise,Cybersecurity Core,24,3047.54,2,2,0
TXN-52842,CUST-10477,2025-02-08,Asia Pacific,Mid-Market,Customer 360,24,1794.25,4,1,0
TXN-52843,CUST-10355,2025-03-22,North America,Mid-Market,Customer 360,12,2388.83,3,6,1
TXN-52844,CUST-10395,2025-09-04,Asia Pacific,Mid-Market,Customer 360,36,1722.94,8,5,1
TXN-52845,CUST-11014,2024-07-22,North America,Mid-Market,Cybersecurity Core,12,1171.22,3,4,0
TXN-52846,CUST-10822,2024-03-10,Europe,Small Business,Cybersecurity Core,24,686.93,5,1,1
TXN-52847,CUST-11172,2025-12-07,Europe,Mid-Market,Customer 360,24,1563.43,1,2,0
TXN-52848,CUST-11169,2025-06-20,Asia Pacific,Small Business,Cloud Analytics Suite,36,595.55,8,2,0
TXN-52849,CUST-10590,2025-06-24,Europe,Enterprise,Customer 360,12,4520.63,6,7,1
TXN-52850,CUST-10896,2025-02-04,North America,Mid-Market,Customer 360,12,1724.84,5,4,0
TXN-52851,CUST-10318,2024-05-08,North America,Small Business,Cloud Analytics Suite,24,463.89,5,5,0
TXN-52852,CUST-10896,2025-04-09,North America,Mid-Market,Cybersecurity Core,24,1569.08,5,2,1
TXN-52853,CUST-10193,2024-01-27,Latin America,Enterprise,Cloud Analytics Suite,12,4374.55,5,3,1
TXN-52854,CUST-10516,2025-03-20,Asia Pacific,Small Business,ERP Connect,12,564.41,10,3,0
TXN-52855,CUST-10553,2025-04-16,Latin America,Small Business,Customer 360,36,565.9,8,0,0
TXN-52856,CUST-10498,2024-03-12,Latin America,Mid-Market,Cybersecurity Core,24,1520.87,6,2,1
TXN-52857,CUST-10088,2024-11-02,North America,Small Business,Customer 360,12,599.94,6,3,0
TXN-52858,CUST-10768,2025-05-26,North America,Small Business,Customer 360,12,744.33,9,2,1
TXN-52859,CUST-10252,2024-12-24,Europe,Small Business,Cloud Analytics Suite,24,624.13,8,7,0
TXN-52860,CUST-10935,2024-12-14,Europe,Mid-Market,Cloud Analytics Suite,24,1262.67,8,8,0
TXN-52861,CUST-10316,2024-05-12,Europe,Enterprise,Cybersecurity Core,24,4374.57,7,2,0
TXN-52862,CUST-10979,2025-09-18,Asia Pacific,Mid-Market,Cybersecurity Core,24,2130.55,2,2,1
TXN-52863,CUST-10118,2025-04-10,Asia Pacific,Mid-Market,Customer 360,24,1095.8,1,2,0
TXN-52864,CUST-10559,2024-09-25,North America,Small Business,Cybersecurity Core,12,572.33,7,3,1
TXN-52865,CUST-10909,2024-10-16,Europe,Enterprise,Cloud Analytics Suite,24,6051.85,7,1,0
TXN-52866,CUST-10058,2025-06-06,Europe,Enterprise,Cybersecurity Core,12,5022.89,7,3,0
TXN-52867,CUST-10148,2025-07-05,Europe,Small Business,Cybersecurity Core,12,662.16,9,3,1
TXN-52868,CUST-11122,2025-03-02,Asia Pacific,Mid-Market,Cybersecurity Core,24,1452.78,7,4,0
TXN-52869,CUST-10140,2024-03-08,North America,Enterprise,ERP Connect,12,6186.07,7,4,1
TXN-52870,CUST-10309,2024-06-04,Europe,Mid-Market,Cybersecurity Core,24,1828.34,7,4,1
TXN-52871,CUST-10230,2025-07-07,Latin America,Mid-Market,ERP Connect,24,1900.72,9,3,0
TXN-52872,CUST-10205,2024-11-03,North America,Mid-Market,Customer 360,36,2087.32,7,3,0
TXN-52873,CUST-10523,2025-01-12,Europe,Small Business,Cloud Analytics Suite,24,548.93,7,0,0
TXN-52874,CUST-10976,2025-03-11,Europe,Mid-Market,ERP Connect,12,2120.74,5,3,1
TXN-52875,CUST-10440,2025-07-11,Europe,Enterprise,Cloud Analytics Suite,36,3350.83,5,0,0
TXN-52876,CUST-10926,2024-02-19,Europe,Small Business,Cloud Analytics Suite,12,467.71,7,1,0
TXN-52877,CUST-10684,2024-08-17,Europe,Mid-Market,ERP Connect,36,1858.55,6,1,1
TXN-52878,CUST-10603,2025-07-23,North America,Mid-Market,Cloud Analytics Suite,24,1863.13,9,2,0
TXN-52879,CUST-11178,2025-01-04,North America,Mid-Market,Cloud Analytics Suite,12,1733.35,3,2,1
TXN-52880,CUST-10009,2025-04-20,Europe,Mid-Market,ERP Connect,24,1928.01,3,3,0
TXN-52881,CUST-10477,2025-09-08,North America,Mid-Market,ERP Connect,24,1804.69,8,4,0
TXN-52882,CUST-10522,2024-12-24,Asia Pacific,Mid-Market,ERP Connect,12,1095.58,8,2,0
TXN-52883,CUST-10375,2024-05-24,North America,Enterprise,Cloud Analytics Suite,12,4802.37,5,0,0
TXN-52884,CUST-10261,2024-07-06,Europe,Enterprise,Cloud Analytics Suite,12,5399.74,9,4,0
TXN-52885,CUST-10974,2024-05-17,Europe,Small Business,Cybersecurity Core,12,1036.83,8,1,0
TXN-52886,CUST-11156,2025-11-25,Asia Pacific,Enterprise,ERP Connect,12,2828.35,9,3,0
TXN-52887,CUST-10218,2025-11-24,Asia Pacific,Enterprise,Customer 360,12,4715.05,6,2,0
TXN-52888,CUST-10036,2025-07-01,Europe,Mid-Market,Cybersecurity Core,24,1543.47,4,2,1
TXN-52889,CUST-10055,2024-09-12,Latin America,Enterprise,Cloud Analytics Suite,24,2241.39,5,2,1
TXN-52890,CUST-10951,2024-02-05,Asia Pacific,Small Business,Customer 360,12,693.64,9,2,0
TXN-52891,CUST-10420,2024-07-24,Europe,Enterprise,Cloud Analytics Suite,36,4624.11,6,5,0
TXN-52892,CUST-10173,2024-03-20,Europe,Mid-Market,Cloud Analytics Suite,36,1506.16,8,2,0
TXN-52893,CUST-10253,2024-09-24,Latin America,Enterprise,Cloud Analytics Suite,24,6390.7,7,2,0
TXN-52894,CUST-10465,2025-12-11,Asia Pacific,Small Business,Cybersecurity Core,12,458.47,9,7,0
TXN-52895,CUST-10780,2025-08-05,North America,Mid-Market,Cloud Analytics Suite,24,2354.21,8,1,1
TXN-52896,CUST-10194,2024-08-06,Europe,Enterprise,Cybersecurity Core,12,6676.34,5,3,1
TXN-52897,CUST-11184,2024-06-25,Latin America,Small Business,Customer 360,24,596.6,9,5,0
TXN-52898,CUST-10923,2025-01-12,Europe,Small Business,Cloud Analytics Suite,24,675.89,7,4,0
TXN-52899,CUST-10691,2025-11-02,Europe,Mid-Market,Cloud Analytics Suite,12,1644.9,8,3,0
TXN-52900,CUST-11016,2025-02-01,Asia Pacific,Mid-Market,Customer 360,12,2329.73,5,1,1
TXN-52901,CUST-10982,2024-06-17,North America,Mid-Market,Cybersecurity Core,12,1077.42,7,2,1
TXN-52902,CUST-10841,2024-01-02,North America,Mid-Market,ERP Connect,36,1464.8,7,1,0
TXN-52903,CUST-10284,2025-10-08,Latin America,Mid-Market,Customer 360,12,1598.72,9,1,0
TXN-52904,CUST-10345,2024-07-25,North America,Enterprise,ERP Connect,24,4268.55,5,3,0
TXN-52905,CUST-10445,2024-04-25,Asia Pacific,Mid-Market,Cybersecurity Core,36,1483.13,2,1,0
TXN-52906,CUST-10968,2024-10-08,Latin America,Small Business,Cybersecurity Core,12,518.85,6,1,0
TXN-52907,CUST-10080,2024-05-06,North America,Enterprise,Cybersecurity Core,12,6077.05,6,4,1
TXN-52908,CUST-10228,2024-04-21,North America,Small Business,ERP Connect,36,593.33,4,4,0
TXN-52909,CUST-10744,2025-12-10,North America,Small Business,Cloud Analytics Suite,12,801.27,2,5,0
TXN-52910,CUST-10325,2025-04-18,Europe,Enterprise,Cloud Analytics Suite,12,5064.37,7,1,0
TXN-52911,CUST-10805,2024-04-02,Latin America,Small Business,Customer 360,12,611.4,5,4,1
TXN-52912,CUST-10117,2024-12-15,North America,Small Business,ERP Connect,36,656.15,6,7,1
TXN-52913,CUST-11121,2025-10-05,North America,Mid-Market,Cloud Analytics Suite,24,2230.13,4,1,0
TXN-52914,CUST-10984,2025-09-24,Asia Pacific,Mid-Market,ERP Connect,12,1675.23,2,2,1
TXN-52915,CUST-10381,2024-06-23,North America,Small Business,ERP Connect,12,539.73,7,2,0
TXN-52916,CUST-11062,2024-08-22,North America,Small Business,Cybersecurity Core,12,595.92,5,2,0
TXN-52917,CUST-11128,2024-09-18,North America,Mid-Market,Cybersecurity Core,24,1991.21,6,1,1
TXN-52918,CUST-10998,2025-03-10,North America,Enterprise,Customer 360,12,5920.16,1,4,1
TXN-52919,CUST-10406,2024-12-13,North America,Small Business,Cloud Analytics Suite,36,799.98,8,8,0
TXN-52920,CUST-10604,2024-08-23,North America,Mid-Market,Cloud Analytics Suite,36,1782.74,9,1,0
TXN-52921,CUST-11123,2024-02-03,Asia Pacific,Enterprise,Customer 360,12,5470.88,8,2,1
TXN-52922,CUST-10910,2025-08-22,North America,Small Business,ERP Connect,24,485.8,8,2,1
TXN-52923,CUST-10113,2025-01-27,Europe,Mid-Market,Cloud Analytics Suite,24,2073.23,6,4,0
TXN-52924,CUST-10147,2025-08-03,Europe,Mid-Market,Cybersecurity Core,36,1715.22,7,1,1
TXN-52925,CUST-10012,2024-06-17,North America,Enterprise,Cybersecurity Core,12,4077.38,7,6,1
TXN-52926,CUST-10255,2024-11-26,North America,Small Business,Cybersecurity Core,12,498.44,7,5,1
TXN-52927,CUST-10500,2025-09-01,Europe,Enterprise,Customer 360,36,4125.18,8,2,0
TXN-52928,CUST-10766,2025-03-14,North America,Enterprise,Cloud Analytics Suite,24,3805.8,5,3,1
TXN-52929,CUST-10974,2025-07-01,Europe,Small Business,ERP Connect,12,494.74,7,4,0
TXN-52930,CUST-10173,2024-07-13,North America,Small Business,Cloud Analytics Suite,24,797.52,4,3,0
TXN-52931,CUST-11066,2025-06-12,North America,Small Business,Customer 360,12,591.05,7,3,0
TXN-52932,CUST-10346,2025-04-06,Europe,Small Business,Cybersecurity Core,12,491.96,7,4,0
TXN-52933,CUST-11030,2024-06-15,Asia Pacific,Mid-Market,Customer 360,24,1846.9,5,5,1
TXN-52934,CUST-10645,2024-12-02,Asia Pacific,Small Business,Cloud Analytics Suite,12,647.87,9,5,0
TXN-52935,CUST-10518,2024-02-13,Latin America,Enterprise,Cybersecurity Core,24,3191.37,1,7,1
TXN-52936,CUST-10543,2025-11-05,Asia Pacific,Mid-Market,Customer 360,24,2098.74,8,3,0
TXN-52937,CUST-10812,2025-01-07,Asia Pacific,Mid-Market,Cybersecurity Core,36,1509.38,10,0,0
TXN-52938,CUST-10976,2025-07-25,North America,Small Business,Customer 360,24,405.86,5,4,1
TXN-52939,CUST-10243,2025-09-13,Latin America,Small Business,Customer 360,12,831.26,2,7,0
TXN-52940,CUST-11017,2024-01-24,Europe,Small Business,Cloud Analytics Suite,36,559.93,8,4,0
TXN-52941,CUST-10084,2024-04-15,Asia Pacific,Small Business,Cybersecurity Core,24,604.74,7,4,1
TXN-52942,CUST-10681,2025-08-10,North America,Mid-Market,Customer 360,24,1402.58,4,2,1
TXN-52943,CUST-10083,2024-06-06,Asia Pacific,Enterprise,Cloud Analytics Suite,12,5737.37,6,3,0
TXN-52944,CUST-10206,2025-03-27,Europe,Small Business,Cloud Analytics Suite,24,347.41,8,3,1
TXN-52945,CUST-10647,2025-03-04,North America,Mid-Market,Customer 360,12,1498.22,4,4,0
TXN-52946,CUST-10087,2024-03-20,Asia Pacific,Enterprise,Cybersecurity Core,12,3718.68,8,3,0
TXN-52947,CUST-11012,2025-09-13,Latin America,Mid-Market,Cloud Analytics Suite,12,1148.19,2,1,0
TXN-52948,CUST-10687,2025-11-03,North America,Small Business,Cloud Analytics Suite,24,602.71,7,5,1
TXN-52949,CUST-10975,2024-12-11,Europe,Small Business,Cybersecurity Core,12,590.05,8,2,0
TXN-52950,CUST-10408,2024-02-27,Latin America,Mid-Market,Cloud Analytics Suite,12,1924.37,6,4,1
TXN-52951,CUST-10335,2025-08-12,North America,Mid-Market,Cybersecurity Core,24,1890.87,7,3,1
TXN-52952,CUST-10533,2024-08-14,North America,Mid-Market,Cloud Analytics Suite,12,1415.15,7,3,1
TXN-52953,CUST-11190,2024-02-01,Latin America,Small Business,Customer 360,24,689.61,7,3,1
TXN-52954,CUST-10988,2025-05-20,North America,Enterprise,Cybersecurity Core,24,5696.88,8,4,0
TXN-52955,CUST-10263,2024-06-23,North America,Small Business,ERP Connect,24,628.99,3,5,0
TXN-52956,CUST-10793,2024-03-11,Europe,Mid-Market,Cloud Analytics Suite,12,1937.93,4,2,0
TXN-52957,CUST-10174,2024-09-19,Europe,Mid-Market,Cloud Analytics Suite,12,2204.04,4,3,0
TXN-52958,CUST-10516,2025-12-11,North America,Small Business,Cloud Analytics Suite,24,637.66,7,0,1
TXN-52959,CUST-10078,2024-11-20,Europe,Enterprise,Cloud Analytics Suite,24,3784.46,1,4,0
TXN-52960,CUST-10607,2025-01-14,North America,Small Business,Cybersecurity Core,12,469.0,8,2,0
TXN-52961,CUST-10900,2025-05-25,Latin America,Enterprise,ERP Connect,24,4609.2,5,6,0
TXN-52962,CUST-10649,2024-12-26,North America,Mid-Market,Cloud Analytics Suite,12,1920.05,8,1,1
TXN-52963,CUST-10990,2025-10-01,North America,Mid-Market,Cybersecurity Core,12,1707.1,8,3,1
TXN-52964,CUST-10800,2024-08-16,Europe,Small Business,Customer 360,24,544.21,3,2,0
TXN-52965,CUST-10300,2025-09-15,Asia Pacific,Small Business,Customer 360,12,407.9,3,2,0
TXN-52966,CUST-10227,2025-02-22,Asia Pacific,Enterprise,ERP Connect,12,4101.73,5,3,0
TXN-52967,CUST-10567,2025-07-24,North America,Mid-Market,Customer 360,12,2643.85,2,5,0
TXN-52968,CUST-10465,2025-02-13,Europe,Enterprise,Cloud Analytics Suite,24,6187.14,3,4,0
TXN-52969,CUST-10659,2025-03-23,Europe,Mid-Market,Customer 360,24,2750.3,10,2,0
TXN-52970,CUST-10150,2025-03-06,Asia Pacific,Mid-Market,Customer 360,12,1785.14,2,5,0
TXN-52971,CUST-11176,2025-02-11,North America,Enterprise,ERP Connect,24,3530.53,6,7,0
TXN-52972,CUST-11071,2025-08-13,Europe,Mid-Market,Cybersecurity Core,24,1782.28,4,2,0
TXN-52973,CUST-10766,2025-04-24,North America,Mid-Market,Customer 360,12,2336.68,8,3,1
TXN-52974,CUST-10198,2024-10-12,Europe,Mid-Market,Cybersecurity Core,12,1820.15,9,5,0
TXN-52975,CUST-10587,2024-04-04,Europe,Small Business,Customer 360,24,785.52,8,3,0
TXN-52976,CUST-10903,2025-09-03,North America,Mid-Market,Customer 360,12,2176.06,7,6,1
TXN-52977,CUST-10838,2024-12-15,Asia Pacific,Mid-Market,Customer 360,12,2070.0,3,3,0
TXN-52978,CUST-10402,2025-10-09,Asia Pacific,Mid-Market,Cloud Analytics Suite,24,1710.01,4,2,0
TXN-52979,CUST-10369,2024-03-03,Latin America,Small Business,Cybersecurity Core,24,599.21,10,2,1
TXN-52980,CUST-10865,2024-05-08,Asia Pacific,Mid-Market,Customer 360,12,1779.32,9,4,1
TXN-52981,CUST-10857,2024-10-25,North America,Mid-Market,Cloud Analytics Suite,12,1716.5,2,4,0
TXN-52982,CUST-10995,2024-08-07,Asia Pacific,Enterprise,Cloud Analytics Suite,36,5856.17,7,4,0
TXN-52983,CUST-10864,2025-07-04,Europe,Enterprise,Cybersecurity Core,12,4760.27,9,4,0
TXN-52984,CUST-10734,2024-11-15,North America,Mid-Market,ERP Connect,12,1756.13,2,6,1
TXN-52985,CUST-10428,2025-04-12,Latin America,Mid-Market,Cybersecurity Core,12,1660.29,5,0,0
TXN-52986,CUST-10037,2024-04-04,Asia Pacific,Mid-Market,Cybersecurity Core,12,1931.17,9,4,1
TXN-52987,CUST-11138,2025-05-14,North America,Small Business,ERP Connect,12,614.06,6,3,0
TXN-52988,CUST-10949,2025-07-07,Asia Pacific,Mid-Market,ERP Connect,12,2042.78,6,1,0
TXN-52989,CUST-10063,2024-04-12,Asia Pacific,Enterprise,Cloud Analytics Suite,12,3887.76,2,3,0
TXN-52990,CUST-10970,2024-04-23,North America,Mid-Market,ERP Connect,24,1550.68,8,4,0
TXN-52991,CUST-10852,2025-03-03,Europe,Enterprise,ERP Connect,24,2774.38,5,0,0
TXN-52992,CUST-10483,2024-08-02,Europe,Small Business,Customer 360,12,716.86,8,2,0
TXN-52993,CUST-10257,2025-12-11,Europe,Enterprise,Customer 360,12,5066.46,7,2,1
TXN-52994,CUST-10906,2024-09-25,Latin America,Enterprise,Cloud Analytics Suite,36,5452.64,7,1,0
TXN-52995,CUST-10937,2024-03-07,Asia Pacific,Mid-Market,ERP Connect,36,1453.61,10,1,0
TXN-52996,CUST-10676,2024-12-21,Latin America,Mid-Market,Customer 360,12,1990.01,5,4,0
TXN-52997,CUST-10185,2024-08-05,Europe,Mid-Market,ERP Connect,12,1878.13,4,1,0
TXN-52998,CUST-11009,2025-03-09,North America,Small Business,Cybersecurity Core,12,498.9,5,1,0
TXN-52999,CUST-10513,2024-05-06,Europe,Small Business,ERP Connect,12,497.11,8,3,1
TXN-53000,CUST-10730,2024-12-12,Europe,Mid-Market,ERP Connect,24,2044.75,7,1,1
TXN-53001,CUST-10864,2024-06-04,Latin America,Enterprise,Cloud Analytics Suite,24,4536.76,9,2,1
TXN-53002,CUST-10079,2024-11-19,Asia Pacific,Small Business,Cloud Analytics Suite,12,465.79,7,0,0
TXN-53003,CUST-11030,2025-08-21,North America,Mid-Market,Cybersecurity Core,12,1757.18,9,3,1
TXN-53004,CUST-10589,2024-05-12,North America,Mid-Market,Cybersecurity Core,36,2482.28,5,1,1
TXN-53005,CUST-11167,2025-06-01,Europe,Small Business,Cybersecurity Core,24,639.6,8,3,0
TXN-53006,CUST-10580,2025-02-06,North America,Enterprise,Customer 360,24,4710.6,8,1,1
TXN-53007,CUST-11094,2025-08-17,Asia Pacific,Enterprise,Customer 360,12,4870.74,7,6,0
TXN-53008,CUST-10579,2025-06-17,North America,Enterprise,Cybersecurity Core,12,4201.99,7,5,0
TXN-53009,CUST-10603,2024-02-22,Latin America,Mid-Market,ERP Connect,24,1643.35,4,1,1
TXN-53010,CUST-10445,2024-08-16,Europe,Mid-Market,Cloud Analytics Suite,24,1954.2,9,2,0
TXN-53011,CUST-10671,2025-07-12,Europe,Mid-Market,Cloud Analytics Suite,12,1964.26,5,8,0
TXN-53012,CUST-10457,2024-03-06,North America,Small Business,Cybersecurity Core,12,838.47,5,2,0
TXN-53013,CUST-10027,2025-02-06,Asia Pacific,Mid-Market,Cybersecurity Core,24,1248.95,2,4,0
TXN-53014,CUST-10350,2025-10-21,Asia Pacific,Small Business,Cloud Analytics Suite,12,562.79,8,3,1
TXN-53015,CUST-10078,2024-11-11,Europe,Mid-Market,Cloud Analytics Suite,12,2120.37,7,3,0
TXN-53016,CUST-10143,2025-11-08,Asia Pacific,Mid-Market,ERP Connect,24,2234.7,5,6,0
TXN-53017,CUST-10407,2024-11-12,Asia Pacific,Mid-Market,Cloud Analytics Suite,36,1233.74,3,3,1
TXN-53018,CUST-11195,2024-10-27,North America,Mid-Market,ERP Connect,12,1705.37,7,5,0
TXN-53019,CUST-10809,2024-06-13,North America,Enterprise,Cloud Analytics Suite,12,6040.34,7,1,0
TXN-53020,CUST-10522,2025-01-05,North America,Mid-Market,ERP Connect,36,1609.69,7,6,0
TXN-53021,CUST-11071,2025-05-12,North America,Enterprise,Cybersecurity Core,24,5996.49,6,3,0
TXN-53022,CUST-10762,2024-05-17,North America,Mid-Market,Customer 360,12,2020.92,8,5,0
TXN-53023,CUST-10164,2025-06-20,North America,Mid-Market,ERP Connect,12,1839.88,8,3,1
TXN-53024,CUST-10662,2025-12-27,Asia Pacific,Mid-Market,ERP Connect,24,1290.83,4,2,1
TXN-53025,CUST-10127,2024-06-01,North America,Enterprise,Cybersecurity Core,12,5554.05,8,1,1
TXN-53026,CUST-10617,2025-02-11,Europe,Mid-Market,ERP Connect,36,1547.3,6,3,1
TXN-53027,CUST-10922,2024-07-06,North America,Small Business,Cybersecurity Core,12,537.9,9,0,1
TXN-53028,CUST-11138,2025-11-22,Europe,Enterprise,Cloud Analytics Suite,24,4903.01,3,4,1
TXN-53029,CUST-10239,2025-11-04,Europe,Mid-Market,ERP Connect,12,1852.58,5,2,1
TXN-53030,CUST-10969,2025-07-25,Europe,Mid-Market,Customer 360,36,2026.4,10,3,1
TXN-53031,CUST-10735,2024-10-08,Asia Pacific,Mid-Market,Cybersecurity Core,12,1849.04,6,2,1
TXN-53032,CUST-10959,2025-11-02,Asia Pacific,Enterprise,ERP Connect,36,4868.11,2,3,1
TXN-53033,CUST-10936,2025-07-24,Europe,Small Business,Cloud Analytics Suite,12,583.82,8,2,0
TXN-53034,CUST-10399,2025-11-23,Latin America,Mid-Market,Customer 360,12,2178.67,3,4,1
TXN-53035,CUST-10241,2025-07-06,Europe,Small Business,Cybersecurity Core,24,560.71,7,7,1
TXN-53036,CUST-10389,2025-05-02,North America,Mid-Market,Cloud Analytics Suite,12,1911.0,9,1,1
TXN-53037,CUST-11075,2024-10-19,Asia Pacific,Mid-Market,ERP Connect,36,1748.7,9,4,0
TXN-53038,CUST-10681,2024-02-19,North America,Mid-Market,Cybersecurity Core,12,2075.31,2,1,1
TXN-53039,CUST-10274,2024-03-01,Latin America,Enterprise,Cloud Analytics Suite,36,3769.68,4,4,1
TXN-53040,CUST-11096,2024-02-20,Europe,Mid-Market,Customer 360,12,1475.54,10,2,0
TXN-53041,CUST-10151,2025-03-10,North America,Small Business,Cybersecurity Core,12,469.41,8,3,0
TXN-53042,CUST-10908,2024-03-25,Latin America,Enterprise,Cloud Analytics Suite,24,3405.31,6,1,1
TXN-53043,CUST-10805,2024-12-17,Europe,Enterprise,Cloud Analytics Suite,12,5785.03,6,4,0
TXN-53044,CUST-10056,2025-06-16,Europe,Small Business,Cybersecurity Core,12,576.97,3,4,1
TXN-53045,CUST-11155,2024-10-26,Europe,Mid-Market,Cybersecurity Core,12,2058.75,4,3,0
TXN-53046,CUST-10285,2025-04-13,North America,Enterprise,ERP Connect,24,1902.82,8,1,0
TXN-53047,CUST-10523,2025-03-06,North America,Mid-Market,Cybersecurity Core,12,1676.19,3,4,0
TXN-53048,CUST-10088,2024-01-16,Latin America,Mid-Market,ERP Connect,12,1963.94,8,2,0
TXN-53049,CUST-10036,2024-11-07,Latin America,Enterprise,Customer 360,24,5808.47,1,2,1
TXN-53050,CUST-10085,2025-07-12,North America,Mid-Market,Cloud Analytics Suite,36,2149.22,2,3,0
TXN-53051,CUST-10102,2025-10-18,Europe,Mid-Market,ERP Connect,24,1796.2,7,6,0
TXN-53052,CUST-10407,2024-04-18,Europe,Enterprise,ERP Connect,12,2483.59,9,3,0
TXN-53053,CUST-10776,2024-10-22,North America,Small Business,Customer 360,12,473.81,7,1,0
TXN-53054,CUST-10235,2024-08-09,North America,Mid-Market,Customer 360,12,2081.21,6,6,1
TXN-53055,CUST-11028,2025-01-27,Europe,Enterprise,ERP Connect,12,4240.98,6,6,1
TXN-53056,CUST-11061,2024-09-26,North America,Mid-Market,ERP Connect,12,1928.57,2,2,0
TXN-53057,CUST-10460,2024-01-27,Europe,Small Business,Cybersecurity Core,24,616.02,2,3,0
TXN-53058,CUST-11051,2025-04-23,North America,Small Business,Cloud Analytics Suite,12,392.0,6,6,0
TXN-53059,CUST-10329,2024-07-14,North America,Mid-Market,Customer 360,24,1773.29,8,7,0
TXN-53060,CUST-10125,2024-09-27,North America,Mid-Market,Cloud Analytics Suite,36,2082.18,1,4,0
TXN-53061,CUST-10009,2025-03-23,Asia Pacific,Enterprise,ERP Connect,12,7238.93,4,4,1
TXN-53062,CUST-10316,2025-02-26,Latin America,Small Business,Cybersecurity Core,12,493.41,1,6,0
TXN-53063,CUST-11021,2025-09-17,Europe,Small Business,Customer 360,24,476.31,5,5,1
TXN-53064,CUST-10669,2025-04-04,North America,Enterprise,Customer 360,12,3894.74,2,2,1
TXN-53065,CUST-10994,2025-03-13,Asia Pacific,Mid-Market,Cybersecurity Core,12,1870.42,10,3,0
TXN-53066,CUST-10152,2025-01-27,North America,Mid-Market,ERP Connect,12,1723.38,6,3,0
TXN-53067,CUST-10150,2024-07-03,Europe,Mid-Market,ERP Connect,24,1667.83,3,1,1
TXN-53068,CUST-10339,2025-08-03,Latin America,Mid-Market,Cybersecurity Core,24,1775.05,5,0,1
TXN-53069,CUST-10509,2025-08-20,Europe,Small Business,Cybersecurity Core,12,653.51,6,7,0
TXN-53070,CUST-11188,2025-12-22,North America,Enterprise,ERP Connect,12,2906.23,9,1,1
TXN-53071,CUST-11087,2024-04-10,North America,Mid-Market,Customer 360,12,2213.69,4,5,1
TXN-53072,CUST-10843,2025-04-19,North America,Mid-Market,ERP Connect,12,1948.13,7,0,1
TXN-53073,CUST-11136,2024-02-21,North America,Small Business,ERP Connect,12,800.29,7,2,0
TXN-53074,CUST-10790,2024-09-13,North America,Mid-Market,ERP Connect,36,1674.06,3,0,1
TXN-53075,CUST-10610,2024-01-12,Asia Pacific,Enterprise,Customer 360,12,3522.97,3,3,1
TXN-53076,CUST-10504,2024-05-14,North America,Small Business,Customer 360,24,563.95,4,7,1
TXN-53077,CUST-10651,2025-02-18,North America,Small Business,Cloud Analytics Suite,12,432.49,9,2,0
TXN-53078,CUST-10989,2025-11-04,Asia Pacific,Mid-Market,Cloud Analytics Suite,24,1900.0,7,4,0
TXN-53079,CUST-10175,2024-12-01,North America,Mid-Market,Cloud Analytics Suite,24,1869.4,9,1,1
TXN-53080,CUST-10679,2025-02-08,Europe,Mid-Market,Cybersecurity Core,36,2173.76,8,4,1
TXN-53081,CUST-10821,2025-01-26,Latin America,Mid-Market,Cloud Analytics Suite,24,2249.29,7,4,0
TXN-53082,CUST-10732,2025-11-16,Europe,Small Business,ERP Connect,12,846.49,3,5,0
TXN-53083,CUST-10200,2024-01-10,Europe,Enterprise,Customer 360,36,4500.27,4,3,0
TXN-53084,CUST-11014,2025-09-20,North America,Enterprise,Customer 360,12,4667.72,3,2,0
TXN-53085,CUST-11038,2025-01-08,Europe,Enterprise,ERP Connect,24,4529.63,1,3,0
TXN-53086,CUST-10440,2025-01-06,Asia Pacific,Mid-Market,Cybersecurity Core,24,2034.24,5,2,0
TXN-53087,CUST-10679,2025-02-19,North America,Mid-Market,Customer 360,12,1980.22,8,1,0
TXN-53088,CUST-10797,2024-03-04,Europe,Mid-Market,Customer 360,12,1960.91,4,7,1
TXN-53089,CUST-10174,2025-07-01,Europe,Mid-Market,Cybersecurity Core,12,2077.34,1,1,1
TXN-53090,CUST-10181,2025-09-02,Europe,Small Business,ERP Connect,24,608.16,6,2,0
TXN-53091,CUST-10949,2024-01-04,North America,Mid-Market,Cybersecurity Core,36,1762.51,8,4,0
TXN-53092,CUST-10776,2025-02-13,Asia Pacific,Small Business,Customer 360,36,439.02,8,5,0
TXN-53093,CUST-10257,2025-02-06,Europe,Mid-Market,Cloud Analytics Suite,12,1288.21,6,3,1
TXN-53094,CUST-11091,2024-09-06,North America,Mid-Market,Cybersecurity Core,36,2792.78,2,2,0
TXN-53095,CUST-10506,2025-10-13,North America,Mid-Market,Customer 360,24,2045.14,3,1,1
TXN-53096,CUST-10620,2025-05-22,North America,Mid-Market,ERP Connect,12,1944.58,1,2,0
TXN-53097,CUST-10612,2025-07-24,Europe,Mid-Market,ERP Connect,12,2496.49,7,8,0
TXN-53098,CUST-10884,2024-09-25,Asia Pacific,Small Business,Customer 360,12,680.02,2,3,0
TXN-53099,CUST-10409,2024-04-24,North America,Mid-Market,ERP Connect,24,1673.74,7,2,0
TXN-53100,CUST-10859,2024-01-01,Europe,Enterprise,Cloud Analytics Suite,12,3490.49,8,1,0
TXN-53101,CUST-10571,2024-06-22,North America,Small Business,Customer 360,12,705.32,7,1,0
TXN-53102,CUST-10967,2024-08-15,Asia Pacific,Mid-Market,ERP Connect,12,915.79,8,2,0
TXN-53103,CUST-11097,2024-01-20,Europe,Small Business,Customer 360,24,372.41,7,2,0
TXN-53104,CUST-10487,2024-07-15,Asia Pacific,Mid-Market,Cloud Analytics Suite,24,1693.25,6,5,0
TXN-53105,CUST-11029,2024-07-23,Asia Pacific,Mid-Market,ERP Connect,12,1271.88,4,3,0
TXN-53106,CUST-10891,2025-05-15,Europe,Enterprise,Customer 360,12,2957.08,9,2,0
TXN-53107,CUST-11093,2025-03-01,Europe,Mid-Market,Customer 360,12,1728.94,9,5,1
TXN-53108,CUST-10278,2024-01-10,North America,Mid-Market,Cybersecurity Core,24,2310.59,6,4,0
TXN-53109,CUST-10898,2024-04-25,Asia Pacific,Enterprise,Customer 360,12,3230.45,3,3,1
TXN-53110,CUST-10246,2025-05-07,North America,Small Business,Customer 360,24,401.65,8,3,1
TXN-53111,CUST-10169,2024-02-27,Asia Pacific,Small Business,Cybersecurity Core,24,551.21,1,1,1
TXN-53112,CUST-11093,2024-10-05,North America,Mid-Market,Customer 360,12,1167.72,8,1,1
TXN-53113,CUST-10734,2024-01-04,North America,Small Business,Customer 360,24,410.54,8,2,0
TXN-53114,CUST-10241,2024-01-25,North America,Small Business,Cloud Analytics Suite,12,609.09,7,2,0
TXN-53115,CUST-10386,2024-10-24,North America,Enterprise,Cybersecurity Core,12,4238.31,1,2,1
TXN-53116,CUST-10159,2024-05-03,Europe,Mid-Market,Customer 360,12,1762.6,1,1,0
TXN-53117,CUST-10726,2025-12-14,Asia Pacific,Small Business,ERP Connect,12,673.54,6,1,0
TXN-53118,CUST-10076,2024-04-03,North America,Mid-Market,Cybersecurity Core,12,1181.96,10,4,0
TXN-53119,CUST-11151,2024-03-21,North America,Small Business,Customer 360,36,554.16,7,1,0
TXN-53120,CUST-10882,2024-04-19,Asia Pacific,Enterprise,Cybersecurity Core,12,3744.97,8,4,1
TXN-53121,CUST-10859,2024-02-18,Asia Pacific,Small Business,ERP Connect,12,580.31,5,4,0
TXN-53122,CUST-10916,2024-11-04,Europe,Enterprise,Customer 360,36,3845.68,5,1,0
TXN-53123,CUST-10781,2025-10-12,North America,Mid-Market,ERP Connect,12,1753.32,3,3,1
TXN-53124,CUST-10562,2024-02-12,Asia Pacific,Mid-Market,Cybersecurity Core,12,1552.52,7,1,0
TXN-53125,CUST-10237,2024-12-27,North America,Small Business,Customer 360,12,754.2,5,3,0
TXN-53126,CUST-10377,2025-10-05,Asia Pacific,Small Business,Cybersecurity Core,24,503.87,9,5,0
TXN-53127,CUST-10644,2025-12-11,North America,Mid-Market,Cloud Analytics Suite,12,1957.91,6,3,0
TXN-53128,CUST-10058,2025-06-13,Europe,Small Business,Customer 360,12,693.98,4,1,1
TXN-53129,CUST-10592,2024-02-22,Asia Pacific,Enterprise,ERP Connect,12,4973.45,7,1,0
TXN-53130,CUST-10573,2025-05-16,Asia Pacific,Small Business,Cloud Analytics Suite,12,341.72,1,1,1
TXN-53131,CUST-10935,2025-12-13,Europe,Mid-Market,Customer 360,12,2127.5,7,5,0
TXN-53132,CUST-10565,2025-02-23,Latin America,Enterprise,ERP Connect,24,6307.94,5,1,1
TXN-53133,CUST-10889,2025-05-17,Europe,Mid-Market,Customer 360,12,2276.76,6,4,1
TXN-53134,CUST-10988,2025-02-04,Asia Pacific,Enterprise,Cloud Analytics Suite,24,5038.92,7,3,1
TXN-53135,CUST-11107,2025-07-15,North America,Small Business,Cloud Analytics Suite,36,523.22,7,1,0
TXN-53136,CUST-11124,2024-09-23,Europe,Mid-Market,Cybersecurity Core,12,1888.94,2,1,1
TXN-53137,CUST-10210,2025-01-03,Europe,Mid-Market,Customer 360,24,2880.95,2,2,0
TXN-53138,CUST-10907,2025-06-02,North America,Mid-Market,ERP Connect,12,1858.07,8,2,0
TXN-53139,CUST-10954,2025-03-22,North America,Mid-Market,ERP Connect,12,1380.29,8,2,0
TXN-53140,CUST-11025,2024-06-22,North America,Mid-Market,Customer 360,12,1537.96,7,4,1
TXN-53141,CUST-10065,2025-07-08,North America,Enterprise,Cloud Analytics Suite,12,3945.71,6,2,1
TXN-53142,CUST-10350,2024-08-07,North America,Small Business,ERP Connect,24,585.02,3,4,0
TXN-53143,CUST-10851,2025-07-14,North America,Mid-Market,Customer 360,36,1708.93,7,2,1
TXN-53144,CUST-10051,2024-05-17,Asia Pacific,Small Business,Customer 360,36,621.39,6,1,0
TXN-53145,CUST-11154,2025-08-06,Asia Pacific,Mid-Market,Customer 360,24,1688.59,10,2,0
TXN-53146,CUST-10162,2025-12-13,Europe,Mid-Market,Cloud Analytics Suite,36,1234.28,9,2,0
TXN-53147,CUST-10346,2024-05-18,Europe,Enterprise,Cloud Analytics Suite,36,3437.28,8,1,1
TXN-53148,CUST-10367,2025-12-21,Asia Pacific,Mid-Market,Cloud Analytics Suite,24,2016.66,3,1,0
TXN-53149,CUST-10333,2024-01-18,North America,Enterprise,Customer 360,24,4485.71,10,2,0
TXN-53150,CUST-10513,2024-08-20,Asia Pacific,Enterprise,Cybersecurity Core,36,3608.82,10,6,0
TXN-53151,CUST-10921,2024-08-10,Asia Pacific,Mid-Market,ERP Connect,12,1946.75,8,1,0
TXN-53152,CUST-10584,2024-07-17,North America,Mid-Market,Cloud Analytics Suite,12,2360.92,6,2,1
TXN-53153,CUST-10812,2024-06-11,North America,Mid-Market,Cybersecurity Core,24,1752.77,6,4,0
TXN-53154,CUST-10995,2025-12-23,Europe,Mid-Market,Customer 360,24,1448.68,6,3,0
TXN-53155,CUST-10871,2025-03-03,Europe,Mid-Market,Cloud Analytics Suite,24,2045.92,8,4,0
TXN-53156,CUST-10911,2024-08-24,Europe,Small Business,ERP Connect,12,629.27,6,3,0
TXN-53157,CUST-11024,2025-01-22,Asia Pacific,Small Business,ERP Connect,36,715.14,7,4,0
TXN-53158,CUST-10668,2024-08-16,North America,Mid-Market,Customer 360,24,1910.05,6,4,1
TXN-53159,CUST-10442,2024-09-11,North America,Small Business,Cloud Analytics Suite,24,513.7,6,3,0
TXN-53160,CUST-10410,2025-02-19,North America,Mid-Market,Cybersecurity Core,24,1076.61,3,2,0
TXN-53161,CUST-10170,2024-11-11,North America,Mid-Market,Cybersecurity Core,12,1806.99,9,1,0
TXN-53162,CUST-10115,2025-08-21,Europe,Mid-Market,Cloud Analytics Suite,12,1762.43,2,2,1
TXN-53163,CUST-10087,2024-01-21,Asia Pacific,Mid-Market,ERP Connect,24,2137.43,7,3,1
TXN-53164,CUST-10370,2024-06-12,Europe,Mid-Market,ERP Connect,24,1905.86,6,5,1
TXN-53165,CUST-11191,2024-06-26,Europe,Mid-Market,Cloud Analytics Suite,12,1366.61,2,6,1
TXN-53166,CUST-10731,2024-12-21,North America,Small Business,ERP Connect,24,471.86,10,4,0
TXN-53167,CUST-10364,2025-07-11,North America,Mid-Market,Cloud Analytics Suite,12,873.8,7,4,0
TXN-53168,CUST-10756,2025-06-14,Latin America,Small Business,Cloud Analytics Suite,36,592.32,9,1,0
TXN-53169,CUST-10729,2025-03-19,Europe,Mid-Market,Cybersecurity Core,24,1897.57,7,2,1
TXN-53170,CUST-10794,2024-06-12,Europe,Enterprise,Customer 360,12,5872.28,7,2,0
TXN-53171,CUST-10657,2025-03-14,Asia Pacific,Small Business,Cloud Analytics Suite,12,548.83,8,1,0
TXN-53172,CUST-11012,2025-02-14,North America,Mid-Market,Cybersecurity Core,12,1817.98,3,2,1
TXN-53173,CUST-10887,2024-03-06,North America,Mid-Market,Cybersecurity Core,12,1588.23,2,6,0
TXN-53174,CUST-10356,2025-06-26,Europe,Mid-Market,ERP Connect,12,1196.71,1,1,1
TXN-53175,CUST-10255,2024-12-13,Latin America,Enterprise,Customer 360,12,6738.94,3,4,0
TXN-53176,CUST-10800,2024-08-22,Europe,Mid-Market,Cybersecurity Core,36,1840.57,7,4,0
TXN-53177,CUST-10505,2025-09-02,Asia Pacific,Small Business,ERP Connect,12,705.71,6,3,1
TXN-53178,CUST-10432,2024-11-26,Europe,Enterprise,Customer 360,24,4166.49,4,6,0
TXN-53179,CUST-11024,2025-04-13,Asia Pacific,Small Business,Cloud Analytics Suite,24,517.55,7,6,0
TXN-53180,CUST-10202,2025-03-24,North America,Small Business,ERP Connect,24,501.67,7,5,0
TXN-53181,CUST-10994,2025-05-11,Europe,Mid-Market,Cloud Analytics Suite,36,1585.93,7,2,0
TXN-53182,CUST-10724,2024-03-12,Asia Pacific,Enterprise,Cybersecurity Core,12,3791.46,5,6,0
TXN-53183,CUST-10905,2025-02-14,Asia Pacific,Mid-Market,ERP Connect,12,1326.49,4,3,1
TXN-53184,CUST-10119,2025-09-02,Asia Pacific,Enterprise,Customer 360,12,4552.03,5,6,0
TXN-53185,CUST-11136,2024-02-15,North America,Small Business,Cloud Analytics Suite,24,533.7,4,3,0
TXN-53186,CUST-10386,2025-12-17,Europe,Mid-Market,Cybersecurity Core,36,1614.02,4,1,1
TXN-53187,CUST-10883,2025-09-09,North America,Enterprise,Customer 360,12,4897.64,5,1,0
TXN-53188,CUST-10238,2024-05-14,North America,Mid-Market,Cybersecurity Core,36,2305.57,9,2,0
TXN-53189,CUST-10509,2024-08-16,Asia Pacific,Small Business,Cloud Analytics Suite,36,462.82,6,3,1
TXN-53190,CUST-11068,2025-07-06,North America,Small Business,Customer 360,12,881.87,7,4,0
TXN-53191,CUST-10583,2025-11-04,North America,Small Business,ERP Connect,24,245.47,5,6,0
TXN-53192,CUST-10729,2024-06-03,Europe,Small Business,Cybersecurity Core,24,668.85,7,4,0
TXN-53193,CUST-10182,2025-02-25,North America,Small Business,Cloud Analytics Suite,12,493.31,4,1,1
TXN-53194,CUST-11108,2024-01-22,Europe,Small Business,ERP Connect,12,622.73,4,4,1
TXN-53195,CUST-10434,2024-10-14,Europe,Mid-Market,Cloud Analytics Suite,12,2117.32,7,4,1
TXN-53196,CUST-11067,2025-07-26,North America,Enterprise,Customer 360,12,5932.29,7,2,1
TXN-53197,CUST-10302,2025-06-06,North America,Mid-Market,ERP Connect,12,1772.83,7,3,1
TXN-53198,CUST-11024,2024-04-22,North America,Small Business,Customer 360,36,571.37,7,3,1
TXN-53199,CUST-10471,2024-06-06,Asia Pacific,Mid-Market,Customer 360,12,1220.88,5,3,1
TXN-53200,CUST-11044,2025-09-05,North America,Enterprise,Customer 360,24,5118.12,10,2,1
TXN-53201,CUST-10908,2025-10-05,Asia Pacific,Mid-Market,Customer 360,24,2464.37,9,2,1
TXN-53202,CUST-10377,2024-12-21,Asia Pacific,Small Business,ERP Connect,24,570.51,1,5,1
TXN-53203,CUST-10614,2024-10-21,Europe,Mid-Market,Cloud Analytics Suite,36,1255.0,8,3,0
TXN-53204,CUST-10166,2024-07-13,North America,Enterprise,Customer 360,12,3920.27,8,9,0
TXN-53205,CUST-10805,2024-09-23,Europe,Mid-Market,Customer 360,36,1775.46,10,3,0
TXN-53206,CUST-11186,2024-01-02,North America,Mid-Market,Cybersecurity Core,12,1654.46,8,4,0
TXN-53207,CUST-11139,2025-05-27,Europe,Enterprise,Customer 360,12,3831.06,7,2,1
TXN-53208,CUST-10447,2024-10-03,Asia Pacific,Enterprise,ERP Connect,24,5884.9,3,2,0
TXN-53209,CUST-10191,2025-02-11,Asia Pacific,Mid-Market,Cloud Analytics Suite,24,2557.41,7,4,1
TXN-53210,CUST-10797,2025-11-17,Europe,Small Business,Customer 360,36,595.68,10,4,1
TXN-53211,CUST-10726,2024-01-22,Asia Pacific,Mid-Market,ERP Connect,12,1948.49,6,3,0
TXN-53212,CUST-10950,2025-02-25,Europe,Mid-Market,ERP Connect,12,1754.83,3,4,0
TXN-53213,CUST-10149,2024-06-14,Europe,Mid-Market,ERP Connect,24,1345.01,7,0,0
TXN-53214,CUST-10875,2025-05-22,North America,Enterprise,Customer 360,24,4910.15,10,3,0
TXN-53215,CUST-10207,2025-12-18,North America,Mid-Market,Customer 360,12,1718.27,7,2,0
TXN-53216,CUST-10825,2024-08-09,North America,Mid-Market,Cloud Analytics Suite,24,1459.52,6,2,0
TXN-53217,CUST-10287,2025-07-17,North America,Small Business,Cloud Analytics Suite,12,374.79,7,1,0
TXN-53218,CUST-10790,2025-12-26,Europe,Small Business,Cloud Analytics Suite,12,605.22,9,2,0
TXN-53219,CUST-10638,2025-03-15,Europe,Mid-Market,Cloud Analytics Suite,24,2026.38,8,2,0
TXN-53220,CUST-10487,2025-01-06,North America,Mid-Market,ERP Connect,12,1658.63,4,2,1
TXN-53221,CUST-10272,2025-07-08,North America,Small Business,Cybersecurity Core,24,702.0,9,5,0
TXN-53222,CUST-10237,2024-10-03,Latin America,Mid-Market,Cloud Analytics Suite,24,1318.95,6,6,1
TXN-53223,CUST-10369,2024-02-04,Europe,Enterprise,Cloud Analytics Suite,12,4505.32,7,4,0
TXN-53224,CUST-11156,2024-06-10,Europe,Small Business,Cloud Analytics Suite,12,597.62,8,5,1
TXN-53225,CUST-10714,2025-11-11,North America,Enterprise,Cybersecurity Core,36,4968.48,2,3,1
TXN-53226,CUST-11157,2024-01-04,Latin America,Enterprise,ERP Connect,12,4833.16,2,6,1
TXN-53227,CUST-10870,2025-02-19,Asia Pacific,Mid-Market,Cloud Analytics Suite,24,2044.2,8,3,1
TXN-53228,CUST-10110,2025-03-10,North America,Mid-Market,Cybersecurity Core,12,1217.42,2,4,0
TXN-53229,CUST-10311,2025-12-26,North America,Small Business,ERP Connect,12,814.59,8,7,0
TXN-53230,CUST-10428,2025-10-22,Europe,Small Business,ERP Connect,12,553.76,4,6,0
TXN-53231,CUST-10660,2024-09-17,North America,Mid-Market,ERP Connect,36,1408.46,3,0,1
TXN-53232,CUST-10611,2024-08-03,North America,Small Business,Cybersecurity Core,24,767.27,7,6,0
TXN-53233,CUST-10935,2025-05-15,North America,Small Business,Cybersecurity Core,12,543.35,9,3,0
TXN-53234,CUST-10954,2024-04-18,Latin America,Mid-Market,Cloud Analytics Suite,12,1832.71,8,1,0
TXN-53235,CUST-10571,2025-02-08,North America,Mid-Market,ERP Connect,24,1841.86,9,2,0
TXN-53236,CUST-10258,2024-02-03,Europe,Mid-Market,Cybersecurity Core,12,1913.5,3,1,1
TXN-53237,CUST-10570,2025-11-01,Europe,Mid-Market,Customer 360,24,1617.52,5,3,0
TXN-53238,CUST-10020,2024-07-14,Europe,Small Business,Customer 360,12,668.42,4,3,0
TXN-53239,CUST-10640,2025-09-01,North America,Small Business,ERP Connect,24,727.96,5,4,0
TXN-53240,CUST-10887,2025-11-22,Europe,Enterprise,Customer 360,24,2732.0,8,1,0
TXN-53241,CUST-10358,2024-09-25,Europe,Mid-Market,Cloud Analytics Suite,36,1827.03,5,2,0
TXN-53242,CUST-10085,2024-02-16,Latin America,Enterprise,Customer 360,12,3860.53,3,2,1
TXN-53243,CUST-10244,2025-03-01,North America,Mid-Market,Cloud Analytics Suite,36,1649.93,7,1,0
TXN-53244,CUST-10834,2024-07-16,North America,Mid-Market,Customer 360,12,1878.91,6,5,1
TXN-53245,CUST-10757,2024-02-27,North America,Enterprise,ERP Connect,12,3600.59,7,2,0
TXN-53246,CUST-10041,2024-03-27,Europe,Mid-Market,Cybersecurity Core,12,1620.8,6,3,1
TXN-53247,CUST-11170,2024-11-19,Asia Pacific,Mid-Market,Cloud Analytics Suite,36,1927.37,1,4,1
TXN-53248,CUST-10730,2025-07-23,Europe,Small Business,Cloud Analytics Suite,12,635.18,4,1,0
TXN-53249,CUST-10937,2025-04-23,Asia Pacific,Enterprise,ERP Connect,24,5791.08,8,2,1
TXN-53250,CUST-11180,2024-03-20,Europe,Enterprise,ERP Connect,24,4748.97,4,1,0
TXN-53251,CUST-10801,2024-10-20,Europe,Mid-Market,Customer 360,36,1724.77,3,2,0
TXN-53252,CUST-10514,2025-02-09,North America,Enterprise,Cybersecurity Core,12,5338.03,4,3,1
TXN-53253,CUST-10726,2025-10-19,North America,Enterprise,Cybersecurity Core,24,5090.22,5,2,1
TXN-53254,CUST-10560,2025-07-19,North America,Mid-Market,Cybersecurity Core,36,1578.48,1,1,0
TXN-53255,CUST-10589,2025-03-06,Europe,Enterprise,Cybersecurity Core,12,5382.07,4,2,0
TXN-53256,CUST-11153,2024-03-17,Asia Pacific,Small Business,Customer 360,12,523.88,7,4,0
TXN-53257,CUST-10044,2024-08-21,Europe,Mid-Market,ERP Connect,12,2270.19,8,3,0
TXN-53258,CUST-10021,2024-08-12,North America,Small Business,Cybersecurity Core,24,413.87,8,2,1
TXN-53259,CUST-10737,2025-12-20,Europe,Mid-Market,Cloud Analytics Suite,12,1723.19,7,3,1
TXN-53260,CUST-10356,2025-12-23,North America,Mid-Market,ERP Connect,12,1570.33,4,5,0
TXN-53261,CUST-10125,2025-05-05,Asia Pacific,Mid-Market,ERP Connect,12,2085.6,5,2,1
TXN-53262,CUST-10212,2024-03-24,Asia Pacific,Enterprise,ERP Connect,24,5572.34,4,3,0
TXN-53263,CUST-10023,2024-07-20,Europe,Enterprise,Cloud Analytics Suite,36,5234.65,6,4,1
TXN-53264,CUST-10506,2025-01-17,Europe,Enterprise,Customer 360,12,3919.23,7,8,1
TXN-53265,CUST-10704,2025-06-10,Latin America,Mid-Market,ERP Connect,12,1680.36,1,1,0
TXN-53266,CUST-10384,2025-12-26,North America,Mid-Market,Customer 360,12,1624.66,6,3,1
TXN-53267,CUST-10463,2025-08-09,Europe,Mid-Market,Customer 360,12,1986.57,7,5,0
TXN-53268,CUST-10080,2025-05-07,Europe,Mid-Market,Cybersecurity Core,36,1708.92,8,4,0
TXN-53269,CUST-10244,2025-01-26,Europe,Small Business,Cloud Analytics Suite,12,700.28,5,7,1
TXN-53270,CUST-10723,2025-09-20,Europe,Small Business,Cybersecurity Core,24,512.69,7,0,0
TXN-53271,CUST-10026,2025-02-23,Europe,Small Business,Cybersecurity Core,12,525.44,3,2,0
TXN-53272,CUST-10616,2024-10-07,Asia Pacific,Enterprise,ERP Connect,36,4351.44,6,3,0
TXN-53273,CUST-10263,2025-06-26,North America,Small Business,ERP Connect,12,712.83,8,2,0
TXN-53274,CUST-10917,2024-03-07,North America,Small Business,Cloud Analytics Suite,24,552.06,1,3,1
TXN-53275,CUST-10486,2024-01-22,North America,Small Business,Cybersecurity Core,12,569.13,7,7,0
TXN-53276,CUST-10920,2025-09-13,Latin America,Small Business,Cybersecurity Core,12,643.83,7,2,1
TXN-53277,CUST-10887,2024-06-15,North America,Enterprise,Customer 360,12,3633.92,6,3,1
TXN-53278,CUST-10389,2025-07-26,North America,Small Business,Customer 360,24,654.64,6,1,1
TXN-53279,CUST-10884,2025-09-11,North America,Enterprise,Cybersecurity Core,24,3809.4,5,2,0
TXN-53280,CUST-10882,2024-11-11,Europe,Small Business,Customer 360,24,594.17,6,1,0
TXN-53281,CUST-10394,2024-02-20,Europe,Mid-Market,Cloud Analytics Suite,24,2074.91,6,6,0
TXN-53282,CUST-11011,2024-06-14,North America,Small Business,ERP Connect,12,788.64,6,5,1
TXN-53283,CUST-10991,2024-06-24,North America,Small Business,Customer 360,36,779.8,4,5,0
TXN-53284,CUST-10790,2025-11-21,Latin America,Small Business,Customer 360,24,442.31,5,1,1
TXN-53285,CUST-11001,2024-09-19,North America,Mid-Market,Cybersecurity Core,12,1603.62,7,1,1
TXN-53286,CUST-10293,2024-02-20,Asia Pacific,Mid-Market,Cloud Analytics Suite,12,1513.36,3,3,0
TXN-53287,CUST-10484,2024-04-07,Europe,Small Business,Cybersecurity Core,12,533.83,3,2,1
TXN-53288,CUST-10287,2024-04-22,Europe,Mid-Market,Cybersecurity Core,12,1674.8,7,0,0
TXN-53289,CUST-10995,2025-11-05,North America,Small Business,Cloud Analytics Suite,36,463.66,8,5,0
TXN-53290,CUST-10156,2024-06-19,North America,Small Business,ERP Connect,12,604.43,10,4,0
TXN-53291,CUST-10164,2025-06-18,Europe,Enterprise,ERP Connect,12,4010.6,7,5,0
TXN-53292,CUST-10833,2024-08-19,Latin America,Enterprise,ERP Connect,24,5457.49,9,5,0
TXN-53293,CUST-11151,2024-06-05,Latin America,Mid-Market,Cloud Analytics Suite,24,1861.76,7,3,1
TXN-53294,CUST-10225,2025-09-12,Latin America,Enterprise,ERP Connect,12,4473.03,3,1,1
TXN-53295,CUST-10073,2025-12-21,Europe,Mid-Market,ERP Connect,24,1988.61,5,6,0
TXN-53296,CUST-10610,2025-04-05,North America,Small Business,Cloud Analytics Suite,24,339.31,6,1,0
TXN-53297,CUST-10135,2024-10-11,Asia Pacific,Small Business,Customer 360,24,597.6,1,2,1
TXN-53298,CUST-10676,2025-09-02,North America,Mid-Market,Customer 360,12,2091.17,1,3,0
TXN-53299,CUST-10336,2024-02-12,North America,Enterprise,ERP Connect,24,5338.8,4,0,0
TXN-53300,CUST-10202,2024-07-07,Asia Pacific,Mid-Market,Cybersecurity Core,12,1678.03,8,2,0
TXN-53301,CUST-10728,2024-05-03,North America,Small Business,ERP Connect,12,788.81,8,4,0
TXN-53302,CUST-11189,2025-07-27,North America,Mid-Market,Customer 360,36,1755.1,3,0,1
TXN-53303,CUST-11191,2024-04-17,Europe,Mid-Market,Customer 360,24,1627.77,8,4,0
TXN-53304,CUST-10771,2024-06-20,Europe,Mid-Market,Customer 360,36,1468.96,8,1,1
TXN-53305,CUST-10828,2024-09-18,North America,Mid-Market,Customer 360,24,1336.51,1,6,1
TXN-53306,CUST-10685,2024-05-19,Europe,Mid-Market,Cybersecurity Core,12,2328.77,6,1,1
TXN-53307,CUST-10981,2025-12-01,Europe,Small Business,Cybersecurity Core,24,562.71,2,1,1
TXN-53308,CUST-10384,2024-07-17,North America,Enterprise,Customer 360,12,5526.8,1,2,1
TXN-53309,CUST-10726,2025-12-15,North America,Mid-Market,ERP Connect,24,2143.91,7,2,0
TXN-53310,CUST-10489,2024-02-20,Europe,Enterprise,Cybersecurity Core,12,5446.0,2,1,0
TXN-53311,CUST-10437,2025-10-26,Asia Pacific,Mid-Market,ERP Connect,24,1858.65,3,5,1
TXN-53312,CUST-10457,2024-05-22,Asia Pacific,Small Business,Cloud Analytics Suite,24,611.08,4,3,1
TXN-53313,CUST-10174,2024-03-17,Latin America,Mid-Market,Cloud Analytics Suite,12,2018.25,5,1,0
TXN-53314,CUST-11053,2025-06-25,Europe,Enterprise,ERP Connect,12,3375.3,8,5,1
TXN-53315,CUST-10691,2025-10-10,Europe,Enterprise,Cybersecurity Core,12,4715.06,8,4,0
TXN-53316,CUST-10608,2024-11-04,North America,Mid-Market,Cloud Analytics Suite,36,2540.59,2,7,1
TXN-53317,CUST-10386,2025-03-08,North America,Mid-Market,Customer 360,12,1829.96,7,3,1
TXN-53318,CUST-10988,2025-11-17,North America,Mid-Market,ERP Connect,12,1951.77,6,3,0
TXN-53319,CUST-10923,2024-07-26,Europe,Mid-Market,ERP Connect,12,629.27,2,2,1
TXN-53320,CUST-10686,2025-04-08,Asia Pacific,Small Business,Cloud Analytics Suite,36,646.67,10,2,1
TXN-53321,CUST-10622,2025-09-20,Asia Pacific,Enterprise,Customer 360,12,4791.89,5,1,1
TXN-53322,CUST-10193,2024-09-04,Asia Pacific,Mid-Market,Cloud Analytics Suite,12,1719.3,1,2,0
TXN-53323,CUST-10321,2024-08-16,Europe,Enterprise,Cybersecurity Core,24,4715.02,1,4,0
TXN-53324,CUST-10765,2025-06-20,North America,Mid-Market,Cloud Analytics Suite,12,1614.24,3,7,0
TXN-53325,CUST-10535,2025-09-25,Asia Pacific,Mid-Market,Cybersecurity Core,24,2055.35,9,4,0
TXN-53326,CUST-10743,2025-06-24,Asia Pacific,Small Business,Customer 360,24,555.97,8,1,0
TXN-53327,CUST-10730,2024-01-18,North America,Mid-Market,Cloud Analytics Suite,24,1379.32,4,2,1
TXN-53328,CUST-10491,2024-02-06,Europe,Mid-Market,Customer 360,24,1669.94,7,2,1
TXN-53329,CUST-10828,2025-12-12,Asia Pacific,Small Business,ERP Connect,24,618.39,8,3,1
TXN-53330,CUST-10290,2024-10-27,Latin America,Enterprise,Cloud Analytics Suite,12,5630.07,5,3,1
TXN-53331,CUST-10596,2025-02-16,North America,Mid-Market,Customer 360,12,2080.41,8,5,0
TXN-53332,CUST-10181,2024-12-21,Europe,Enterprise,Cybersecurity Core,12,5529.92,5,1,1
TXN-53333,CUST-10267,2025-10-15,Asia Pacific,Small Business,Cybersecurity Core,24,415.28,9,2,0
TXN-53334,CUST-11178,2024-01-09,Europe,Small Business,Cloud Analytics Suite,24,841.81,8,3,0
TXN-53335,CUST-10586,2025-01-07,North America,Small Business,ERP Connect,12,567.1,1,1,0
TXN-53336,CUST-10689,2024-05-13,Asia Pacific,Small Business,Cybersecurity Core,24,510.07,9,3,1
TXN-53337,CUST-10320,2025-03-04,Asia Pacific,Mid-Market,ERP Connect,12,2048.13,7,4,1
TXN-53338,CUST-10161,2025-12-09,North America,Enterprise,ERP Connect,12,3535.53,4,4,1
TXN-53339,CUST-10660,2024-12-13,Asia Pacific,Small Business,ERP Connect,12,500.54,8,5,1
TXN-53340,CUST-10614,2024-05-14,Asia Pacific,Mid-Market,Cybersecurity Core,12,1516.42,8,3,1
TXN-53341,CUST-10781,2024-12-19,North America,Enterprise,Cybersecurity Core,36,6387.7,6,5,0
TXN-53342,CUST-10218,2025-10-21,Asia Pacific,Mid-Market,Cloud Analytics Suite,12,1701.49,7,7,1
TXN-53343,CUST-10373,2025-11-09,Asia Pacific,Mid-Market,Cybersecurity Core,12,1665.85,8,3,0
TXN-53344,CUST-10381,2025-07-12,North America,Enterprise,ERP Connect,12,3142.0,7,6,0
TXN-53345,CUST-10623,2024-12-02,North America,Small Business,Cloud Analytics Suite,12,763.13,6,3,1
TXN-53346,CUST-10598,2024-05-16,Latin America,Mid-Market,ERP Connect,24,2047.98,4,5,0
TXN-53347,CUST-10692,2024-11-16,Europe,Mid-Market,Cloud Analytics Suite,12,1538.73,8,4,0
TXN-53348,CUST-10863,2024-02-10,Europe,Mid-Market,Cloud Analytics Suite,12,1984.79,7,4,1
TXN-53349,CUST-10998,2025-08-21,Europe,Enterprise,ERP Connect,12,4318.35,6,5,1
TXN-53350,CUST-11016,2024-07-23,North America,Mid-Market,Cybersecurity Core,12,1749.5,9,2,0
TXN-53351,CUST-10393,2025-04-05,Latin America,Enterprise,Cloud Analytics Suite,12,2441.32,5,1,0
TXN-53352,CUST-10211,2025-09-02,Asia Pacific,Mid-Market,Cloud Analytics Suite,36,1954.22,6,6,0
TXN-53353,CUST-10851,2024-05-05,North America,Enterprise,Customer 360,36,3645.54,5,3,1
TXN-53354,CUST-10543,2024-01-23,Europe,Mid-Market,Customer 360,12,1606.14,4,3,0
TXN-53355,CUST-10073,2025-08-21,North America,Enterprise,Customer 360,12,3902.99,7,3,1
TXN-53356,CUST-11185,2025-04-05,Europe,Mid-Market,Customer 360,12,858.66,10,3,0
TXN-53357,CUST-10945,2025-05-27,Asia Pacific,Mid-Market,ERP Connect,36,2048.41,2,2,0
TXN-53358,CUST-10259,2025-05-24,Asia Pacific,Small Business,Cybersecurity Core,24,397.2,1,1,0
TXN-53359,CUST-10220,2024-07-04,North America,Enterprise,Customer 360,36,3965.98,8,2,1
TXN-53360,CUST-10612,2025-11-25,Asia Pacific,Small Business,Cybersecurity Core,24,388.6,7,6,0
TXN-53361,CUST-10373,2025-01-21,North America,Mid-Market,Customer 360,36,1800.75,8,1,0
TXN-53362,CUST-10395,2025-06-01,Europe,Small Business,Customer 360,12,628.47,8,3,0
TXN-53363,CUST-11044,2025-10-01,Latin America,Small Business,Cloud Analytics Suite,24,494.29,3,4,0
TXN-53364,CUST-10146,2024-03-17,North America,Enterprise,ERP Connect,24,4715.77,8,0,1
TXN-53365,CUST-10479,2024-01-03,North America,Enterprise,Customer 360,24,4874.6,9,6,0
TXN-53366,CUST-10319,2024-04-20,North America,Enterprise,Cloud Analytics Suite,24,5026.98,7,5,0
TXN-53367,CUST-10549,2025-08-09,North America,Mid-Market,Cloud Analytics Suite,24,1995.57,4,3,1
TXN-53368,CUST-10877,2024-01-26,Europe,Small Business,Cybersecurity Core,36,721.48,7,1,0
TXN-53369,CUST-10344,2025-05-07,Asia Pacific,Mid-Market,Customer 360,12,1709.36,4,6,0
TXN-53370,CUST-10182,2025-07-01,Europe,Small Business,Cloud Analytics Suite,36,535.21,1,5,0
TXN-53371,CUST-10037,2024-03-25,North America,Mid-Market,Cybersecurity Core,24,1100.46,8,2,0
TXN-53372,CUST-10334,2025-04-02,Asia Pacific,Small Business,ERP Connect,36,361.94,5,3,0
TXN-53373,CUST-11042,2025-09-14,Asia Pacific,Mid-Market,Customer 360,12,2106.78,4,4,0
TXN-53374,CUST-10737,2024-07-15,Europe,Mid-Market,Customer 360,24,959.21,7,4,1
TXN-53375,CUST-10968,2025-09-23,Latin America,Mid-Market,Cybersecurity Core,12,1481.35,7,5,0
TXN-53376,CUST-10015,2025-08-23,Europe,Mid-Market,Customer 360,24,1850.28,6,2,0
TXN-53377,CUST-10843,2024-03-22,Latin America,Mid-Market,Customer 360,12,2050.97,6,1,0
TXN-53378,CUST-11179,2025-09-25,North America,Small Business,Cybersecurity Core,12,878.62,7,2,1
TXN-53379,CUST-10771,2024-11-12,North America,Mid-Market,ERP Connect,12,1083.31,6,5,1
TXN-53380,CUST-11048,2024-04-18,Latin America,Small Business,Cloud Analytics Suite,12,648.69,7,0,0
TXN-53381,CUST-10236,2025-08-21,North America,Small Business,Customer 360,24,685.05,6,5,0
TXN-53382,CUST-10894,2025-09-12,North America,Mid-Market,ERP Connect,12,1561.52,4,0,0
TXN-53383,CUST-10929,2024-10-18,Europe,Mid-Market,ERP Connect,24,2144.75,4,4,0
TXN-53384,CUST-10107,2024-04-07,Europe,Mid-Market,Cybersecurity Core,12,1763.93,1,6,0
TXN-53385,CUST-10014,2025-09-02,North America,Enterprise,Cybersecurity Core,24,3602.37,5,0,0
TXN-53386,CUST-10978,2025-01-08,North America,Small Business,Cybersecurity Core,24,575.37,1,4,1
TXN-53387,CUST-11168,2024-11-24,Europe,Enterprise,Customer 360,12,5798.97,2,4,0
TXN-53388,CUST-11068,2025-04-17,Europe,Small Business,ERP Connect,12,664.67,3,1,1
TXN-53389,CUST-10611,2025-01-04,Asia Pacific,Mid-Market,Cloud Analytics Suite,24,1450.34,4,3,0
TXN-53390,CUST-10421,2024-08-14,Europe,Mid-Market,Customer 360,12,1962.46,1,0,0
TXN-53391,CUST-11171,2024-05-19,Europe,Small Business,Cloud Analytics Suite,12,483.02,7,4,0
TXN-53392,CUST-11113,2025-06-07,North America,Mid-Market,ERP Connect,24,2413.56,7,3,0
TXN-53393,CUST-10255,2024-08-08,North America,Mid-Market,Cybersecurity Core,12,2663.93,5,2,1
TXN-53394,CUST-10244,2024-06-13,Europe,Small Business,ERP Connect,24,679.12,5,2,1
TXN-53395,CUST-10100,2024-05-19,Asia Pacific,Enterprise,ERP Connect,12,5351.4,7,2,0
TXN-53396,CUST-10065,2024-03-17,Europe,Enterprise,ERP Connect,12,3251.49,2,2,1
TXN-53397,CUST-10249,2024-11-11,North America,Mid-Market,ERP Connect,12,2477.34,4,3,0
TXN-53398,CUST-10797,2024-01-14,North America,Enterprise,Customer 360,12,3813.39,2,5,1
TXN-53399,CUST-10931,2024-12-02,North America,Mid-Market,Customer 360,12,2266.23,8,5,0
TXN-53400,CUST-10048,2024-09-22,North America,Mid-Market,Cloud Analytics Suite,36,1477.9,9,6,0
TXN-53401,CUST-10979,2025-07-16,Asia Pacific,Mid-Market,Customer 360,12,1830.61,6,2,0
TXN-53402,CUST-10019,2024-08-17,North America,Small Business,Cybersecurity Core,24,617.83,9,4,1
TXN-53403,CUST-11148,2024-05-17,Asia Pacific,Small Business,ERP Connect,36,550.08,7,3,0
TXN-53404,CUST-10590,2024-01-22,North America,Enterprise,Customer 360,36,4262.57,9,5,0
TXN-53405,CUST-10901,2024-01-11,Asia Pacific,Mid-Market,Cloud Analytics Suite,12,2140.66,9,5,0
TXN-53406,CUST-10755,2025-10-16,Europe,Small Business,Cloud Analytics Suite,12,716.41,6,2,0
TXN-53407,CUST-10945,2025-03-15,Asia Pacific,Mid-Market,Customer 360,24,1708.67,6,2,0
TXN-53408,CUST-10807,2025-10-10,Latin America,Mid-Market,Cybersecurity Core,24,1878.05,4,2,0
TXN-53409,CUST-10141,2024-04-18,Europe,Mid-Market,Customer 360,12,2033.97,6,2,0
TXN-53410,CUST-10216,2025-08-01,North America,Mid-Market,Cybersecurity Core,12,902.31,7,1,0
TXN-53411,CUST-11159,2025-07-02,Europe,Mid-Market,ERP Connect,12,1709.96,6,2,0
TXN-53412,CUST-10000,2025-02-13,Asia Pacific,Small Business,Cybersecurity Core,12,670.82,3,2,0
TXN-53413,CUST-10834,2024-06-22,Asia Pacific,Mid-Market,Customer 360,12,2449.69,7,3,0
TXN-53414,CUST-11114,2024-05-08,Asia Pacific,Mid-Market,Cybersecurity Core,12,1150.01,7,3,1
TXN-53415,CUST-10182,2025-06-10,Europe,Enterprise,Customer 360,12,5170.73,7,2,0
TXN-53416,CUST-10014,2025-05-09,North America,Mid-Market,Cloud Analytics Suite,24,1963.93,6,2,0
TXN-53417,CUST-11149,2025-09-22,Europe,Enterprise,Cybersecurity Core,24,4922.95,1,3,0
TXN-53418,CUST-10411,2024-11-13,Europe,Mid-Market,ERP Connect,36,1938.66,7,2,1
TXN-53419,CUST-10523,2025-03-04,Europe,Enterprise,Cybersecurity Core,24,3823.84,1,6,1
TXN-53420,CUST-10987,2024-11-15,Asia Pacific,Small Business,Customer 360,12,705.37,4,1,0
TXN-53421,CUST-11139,2024-12-07,Europe,Mid-Market,Cybersecurity Core,12,1617.21,4,2,1
TXN-53422,CUST-11151,2025-02-19,Europe,Enterprise,ERP Connect,12,4181.02,7,6,1
TXN-53423,CUST-10644,2025-08-24,Asia Pacific,Mid-Market,ERP Connect,12,1614.75,10,3,0
TXN-53424,CUST-10096,2025-08-05,Latin America,Mid-Market,Cybersecurity Core,24,1958.76,5,3,0
TXN-53425,CUST-10922,2025-02-17,North America,Mid-Market,Customer 360,12,2092.68,7,0,0
TXN-53426,CUST-10277,2025-11-25,North America,Mid-Market,Customer 360,12,1628.59,6,2,1
TXN-53427,CUST-10677,2024-09-25,Asia Pacific,Small Business,Cloud Analytics Suite,12,764.79,8,1,0
TXN-53428,CUST-10743,2024-09-16,North America,Small Business,Cloud Analytics Suite,36,497.36,4,7,1
TXN-53429,CUST-10139,2024-07-20,Europe,Mid-Market,Customer 360,12,2183.44,5,3,0
TXN-53430,CUST-10671,2024-06-27,North America,Mid-Market,Customer 360,36,1363.82,6,3,1
TXN-53431,CUST-10724,2025-06-05,Asia Pacific,Mid-Market,ERP Connect,24,1395.1,7,2,1
TXN-53432,CUST-10671,2025-02-04,North America,Small Business,Cybersecurity Core,12,485.82,6,2,0
TXN-53433,CUST-10815,2024-07-09,Asia Pacific,Small Business,Cybersecurity Core,24,551.08,6,2,1
TXN-53434,CUST-10917,2024-03-04,Latin America,Mid-Market,ERP Connect,24,1897.36,7,6,0
TXN-53435,CUST-10653,2024-07-22,North America,Enterprise,Cloud Analytics Suite,36,3900.06,3,3,1
TXN-53436,CUST-10906,2024-10-03,North America,Mid-Market,ERP Connect,24,1853.84,3,1,1
TXN-53437,CUST-10234,2025-12-24,North America,Mid-Market,Cloud Analytics Suite,24,2015.43,7,3,1
TXN-53438,CUST-10799,2024-04-05,North America,Small Business,Customer 360,12,670.59,7,2,0
TXN-53439,CUST-10356,2025-01-03,Asia Pacific,Enterprise,Cybersecurity Core,24,5390.98,6,3,0
TXN-53440,CUST-10139,2024-02-22,North America,Mid-Market,Cloud Analytics Suite,24,1704.38,6,1,1
TXN-53441,CUST-11094,2024-11-06,Asia Pacific,Small Business,Cybersecurity Core,24,609.42,7,5,0
TXN-53442,CUST-10681,2024-05-03,Europe,Small Business,Customer 360,12,516.72,5,5,1
TXN-53443,CUST-10429,2025-09-22,Asia Pacific,Mid-Market,Customer 360,12,1950.67,9,5,0
TXN-53444,CUST-10862,2025-02-21,Latin America,Mid-Market,Customer 360,12,1194.31,4,2,1
TXN-53445,CUST-10755,2024-06-03,North America,Mid-Market,Customer 360,12,2465.22,7,5,0
TXN-53446,CUST-10882,2024-10-02,Europe,Mid-Market,Cybersecurity Core,36,1743.08,4,5,0
TXN-53447,CUST-10735,2024-06-25,Asia Pacific,Small Business,Cloud Analytics Suite,12,817.62,8,1,1
TXN-53448,CUST-10425,2025-05-13,North America,Small Business,Cybersecurity Core,12,699.66,6,2,1
TXN-53449,CUST-10342,2025-03-02,North America,Small Business,ERP Connect,12,524.3,8,7,0
TXN-53450,CUST-10501,2025-11-09,Europe,Small Business,ERP Connect,24,718.53,6,5,1
TXN-53451,CUST-10162,2024-10-25,Europe,Enterprise,Customer 360,12,3906.43,7,0,0
TXN-53452,CUST-10279,2024-04-16,Europe,Enterprise,Cybersecurity Core,12,5151.82,7,5,1
TXN-53453,CUST-10506,2025-10-10,Europe,Enterprise,ERP Connect,12,4449.45,8,3,1
TXN-53454,CUST-10460,2025-06-18,Europe,Small Business,Cybersecurity Core,24,498.84,8,2,0
TXN-53455,CUST-10391,2025-11-13,Europe,Small Business,Cloud Analytics Suite,12,504.99,4,3,1
TXN-53456,CUST-10921,2025-03-21,Europe,Mid-Market,Cloud Analytics Suite,24,2713.06,4,2,1
TXN-53457,CUST-10408,2024-06-11,Latin America,Small Business,Cloud Analytics Suite,24,463.93,8,7,0
TXN-53458,CUST-10729,2024-05-26,Europe,Mid-Market,ERP Connect,24,1397.84,7,7,0
TXN-53459,CUST-11014,2025-02-11,Asia Pacific,Mid-Market,Customer 360,24,1870.67,6,4,1
TXN-53460,CUST-10451,2024-02-25,Europe,Enterprise,Cybersecurity Core,12,5466.58,4,3,0
TXN-53461,CUST-10626,2024-10-19,Asia Pacific,Small Business,Customer 360,24,582.92,8,2,0
TXN-53462,CUST-10054,2025-10-14,North America,Small Business,Cybersecurity Core,24,531.32,9,3,0
TXN-53463,CUST-10303,2025-10-21,Latin America,Mid-Market,Customer 360,24,1901.57,7,1,0
TXN-53464,CUST-10714,2025-08-08,Europe,Mid-Market,ERP Connect,12,2047.63,8,3,1
TXN-53465,CUST-10962,2024-07-17,North America,Mid-Market,Cloud Analytics Suite,24,1650.11,8,5,0
TXN-53466,CUST-10319,2024-01-03,North America,Enterprise,Cybersecurity Core,12,4654.9,7,3,0
TXN-53467,CUST-10313,2025-08-08,North America,Enterprise,Customer 360,12,4934.58,9,4,0
TXN-53468,CUST-11098,2024-07-02,Asia Pacific,Mid-Market,Cloud Analytics Suite,12,1990.86,7,3,0
TXN-53469,CUST-10214,2025-08-04,Europe,Mid-Market,Cybersecurity Core,12,2287.9,8,5,1
TXN-53470,CUST-10387,2024-05-20,North America,Mid-Market,ERP Connect,24,2059.08,6,4,0
TXN-53471,CUST-10220,2024-04-04,North America,Enterprise,ERP Connect,24,3772.17,7,1,0
TXN-53472,CUST-10359,2025-02-17,North America,Mid-Market,Cybersecurity Core,36,2156.94,6,3,1
TXN-53473,CUST-10409,2024-04-22,North America,Small Business,Cloud Analytics Suite,12,642.95,2,6,0
TXN-53474,CUST-10345,2024-08-01,Asia Pacific,Mid-Market,Cybersecurity Core,24,2043.63,6,2,0
TXN-53475,CUST-10891,2025-03-22,Latin America,Small Business,ERP Connect,12,594.41,8,4,0
TXN-53476,CUST-10171,2025-11-03,North America,Small Business,Customer 360,36,682.18,5,4,0
TXN-53477,CUST-10793,2024-02-18,North America,Small Business,Customer 360,12,517.84,4,6,1
TXN-53478,CUST-11187,2024-05-26,Latin America,Small Business,Cloud Analytics Suite,24,656.62,2,5,0
TXN-53479,CUST-10590,2024-03-11,North America,Mid-Market,Cloud Analytics Suite,12,1701.84,4,3,1
TXN-53480,CUST-11005,2024-05-03,North America,Small Business,ERP Connect,12,754.61,3,4,1
TXN-53481,CUST-11020,2025-05-15,Latin America,Enterprise,Customer 360,24,4842.43,5,5,0
TXN-53482,CUST-10441,2024-11-14,North America,Enterprise,ERP Connect,12,4531.45,10,1,0
TXN-53483,CUST-11198,2024-04-08,North America,Mid-Market,ERP Connect,24,1648.93,4,1,1
TXN-53484,CUST-10682,2024-04-07,North America,Small Business,Cloud Analytics Suite,12,589.36,10,3,0
TXN-53485,CUST-10986,2025-10-04,North America,Mid-Market,Customer 360,24,2186.94,8,7,1
TXN-53486,CUST-10797,2025-03-17,Europe,Small Business,Customer 360,24,644.37,5,4,1
TXN-53487,CUST-10618,2025-08-11,Europe,Mid-Market,Cybersecurity Core,12,1595.12,5,3,0
TXN-53488,CUST-10732,2025-01-12,Asia Pacific,Mid-Market,Cloud Analytics Suite,24,1672.57,7,2,1
TXN-53489,CUST-10860,2025-11-14,North America,Enterprise,Cloud Analytics Suite,24,4790.87,3,5,1
TXN-53490,CUST-10361,2024-09-23,Asia Pacific,Small Business,Cloud Analytics Suite,12,687.82,3,1,0
TXN-53491,CUST-10923,2025-02-14,North America,Small Business,Cybersecurity Core,12,638.78,4,3,0
TXN-53492,CUST-10536,2025-04-22,Latin America,Small Business,Cloud Analytics Suite,12,706.5,5,5,0
TXN-53493,CUST-10865,2024-08-04,North America,Small Business,Customer 360,24,941.64,8,7,0
TXN-53494,CUST-10582,2024-05-19,Europe,Mid-Market,Customer 360,24,2271.16,4,3,1
TXN-53495,CUST-11077,2025-07-09,Latin America,Enterprise,Customer 360,24,5045.03,6,1,1
TXN-53496,CUST-10619,2024-08-14,Europe,Mid-Market,ERP Connect,12,1779.55,8,3,0
TXN-53497,CUST-10481,2025-05-17,North America,Small Business,Cloud Analytics Suite,12,623.64,8,5,0
TXN-53498,CUST-10194,2025-03-19,North America,Mid-Market,ERP Connect,36,1703.92,10,3,0
TXN-53499,CUST-10770,2024-07-01,North America,Mid-Market,Cybersecurity Core,24,1674.39,6,4,1
